{
    "train_loss": [
        2.4566367668372457,
        2.0086877158334526,
        1.8664231364514743,
        1.7791280104852563,
        1.7111962485238335,
        1.659320314736616,
        1.6139133736222444,
        1.5710670783531349,
        1.53525941391712,
        1.4949864852472803,
        1.4708647205124534,
        1.4374301057472088,
        1.41248848142714,
        1.3870982757926567,
        1.3659017253256514,
        1.3385006620383624,
        1.3172318409139707,
        1.2987467680897509,
        1.2811268463265817,
        1.2616632539632837,
        1.240703924590252,
        1.2213851531187374,
        1.2098022775461637,
        1.1875547970941884,
        1.1705797197072716,
        1.1555188362215503,
        1.141577169405776,
        1.126311146288112,
        1.109937578840717,
        1.0993188245911465,
        1.0784202333237904,
        1.0647898056156957,
        1.0505560507175065,
        1.042784229172631,
        1.025022212393537,
        1.0122839848223233,
        0.995847582441669,
        0.9835912058491983,
        0.9715496142955554,
        0.9578910890978385,
        0.9457703772500358,
        0.9358913837720083,
        0.9200394371331949,
        0.9081719521632551,
        0.8953622926656886,
        0.8847853351792871,
        0.8711173043631907,
        0.8649645132899728,
        0.8477606021194174,
        0.8361589948870957,
        0.8236174497432365,
        0.8192154398081878,
        0.8035258575186086,
        0.7965051196142284,
        0.7799037667969868,
        0.7737618093329516,
        0.7611357620374678
    ],
    "train_accuracy": [
        0.2917978814772402,
        0.401087890065846,
        0.4370168909247066,
        0.46528771829373033,
        0.48225021471514457,
        0.4969224162610936,
        0.5091611795018609,
        0.5178213569997138,
        0.529559118236473,
        0.5391497280274835,
        0.547452046951045,
        0.5583309476095047,
        0.5636272545090181,
        0.5708559977097051,
        0.5760091611795018,
        0.5838104780990553,
        0.5924706555969081,
        0.5949756656169481,
        0.599413111938162,
        0.6082880045805897,
        0.6105067277411966,
        0.6160893215001432,
        0.6189521900944747,
        0.6251789292871457,
        0.6305468079015173,
        0.6365588319496135,
        0.6412825651302605,
        0.6417119954194103,
        0.6495133123389636,
        0.6532350415115946,
        0.655310621242485,
        0.6611079301460063,
        0.6641855138849126,
        0.6666189521900945,
        0.674205553965073,
        0.6739192671056399,
        0.6817205840251932,
        0.6847981677640996,
        0.6870884626395648,
        0.6885198969367307,
        0.6934583452619525,
        0.6946034926996851,
        0.701044947036931,
        0.7059833953621529,
        0.7066275407958774,
        0.7128542799885486,
        0.7136415688519897,
        0.7187947323217865,
        0.7205124534783853,
        0.7248067563698827,
        0.7333953621528772,
        0.7324649298597194,
        0.7313197824219868,
        0.7389779559118237,
        0.7424133982250215,
        0.7446321213856284,
        0.7467077011165187
    ],
    "val_loss": [
        2.0999131259858044,
        1.919223648215694,
        1.825598260055205,
        1.7662164826498423,
        1.715532272772082,
        1.6967067971214511,
        1.6474711036080443,
        1.668727973432571,
        1.6134409811218455,
        1.6093974886632492,
        1.603617748176262,
        1.5483008736691641,
        1.5405396663052051,
        1.5216732181585173,
        1.5211898659305993,
        1.5050100428824922,
        1.4833967431486592,
        1.4835875887223975,
        1.4724409133477918,
        1.4805268200414037,
        1.4714290775335173,
        1.4805704110804416,
        1.4639922614353311,
        1.4608293695780756,
        1.4270022611888802,
        1.4497181215496846,
        1.4229284244380915,
        1.4026564348383281,
        1.4178678590792586,
        1.4227830182866719,
        1.4250637692231862,
        1.3835777306782335,
        1.4287821002563093,
        1.3835296727129338,
        1.4127432164333595,
        1.414284305993691,
        1.4124577952484227,
        1.376438042192429,
        1.4033525051754732,
        1.3795259204948738,
        1.399363231959779,
        1.3969612578864354,
        1.389460518533123,
        1.3786505569794953,
        1.3886948257590694,
        1.3523739402602524,
        1.3460866645307572,
        1.3842685639294163,
        1.347065691541798,
        1.3511191960764983,
        1.3594033418769715,
        1.373564268286672,
        1.347561212292981,
        1.3626652762716878,
        1.3602938005224763,
        1.3534581710863565,
        1.3766245748718455
    ],
    "val_accuracy": [
        0.37097791798107255,
        0.42334384858044166,
        0.44227129337539434,
        0.461198738170347,
        0.4794952681388013,
        0.4807570977917981,
        0.4952681388012618,
        0.4782334384858044,
        0.501577287066246,
        0.5091482649842272,
        0.5078864353312302,
        0.5261829652996846,
        0.5255520504731861,
        0.5406940063091482,
        0.5255520504731861,
        0.5375394321766561,
        0.5444794952681388,
        0.5545741324921135,
        0.5520504731861199,
        0.5507886435331231,
        0.5507886435331231,
        0.5608832807570978,
        0.5564668769716088,
        0.5558359621451104,
        0.5659305993690852,
        0.5697160883280757,
        0.5735015772870663,
        0.579179810725552,
        0.5753943217665615,
        0.5753943217665615,
        0.5514195583596214,
        0.5842271293375394,
        0.5741324921135647,
        0.579179810725552,
        0.5829652996845426,
        0.5760252365930599,
        0.5779179810725552,
        0.5867507886435331,
        0.583596214511041,
        0.5842271293375394,
        0.5741324921135647,
        0.5917981072555205,
        0.5829652996845426,
        0.5917981072555205,
        0.58801261829653,
        0.5974763406940063,
        0.6006309148264984,
        0.592429022082019,
        0.5955835962145111,
        0.6012618296529968,
        0.5949526813880126,
        0.6063091482649843,
        0.6151419558359621,
        0.6006309148264984,
        0.6006309148264984,
        0.6025236593059937,
        0.6
    ],
    "val_pct": 0.1,
    "patience_limit": 10,
    "batch_size": 32,
    "lr": 1e-05,
    "max_mem0": 6396044800,
    "time": 483858.9047141075,
    "labels_list": [
        "Tinea Ringworm Candidiasis and other Fungal Infections",
        "Hair Loss Photos Alopecia and other Hair Diseases",
        "Poison Ivy Photos and other Contact Dermatitis",
        "Melanoma Skin Cancer Nevi and Moles",
        "Cellulitis Impetigo and other Bacterial Infections",
        "Eczema Photos",
        "Light Diseases and Disorders of Pigmentation",
        "Psoriasis pictures Lichen Planus and related diseases",
        "Systemic Disease",
        "Exanthems and Drug Eruptions",
        "Warts Molluscum and other Viral Infections",
        "Scabies Lyme Disease and other Infestations and Bites",
        "Vascular Tumors",
        "Herpes HPV and other STDs Photos",
        "Vasculitis Photos",
        "Atopic Dermatitis Photos",
        "Actinic Keratosis Basal Cell Carcinoma and other Malignant Lesions",
        "Acne and Rosacea Photos",
        "Lupus and other Connective Tissue diseases",
        "Urticaria Hives",
        "Bullous Disease Photos",
        "Seborrheic Keratoses and other Benign Tumors",
        "Nail Fungus and other Nail Disease"
    ],
    "patience": 10,
    "epoch": 56
}