{
    "train_loss": [
        2.4660615874606355,
        2.0235726754848984,
        1.8806269067152162,
        1.7887660085796593,
        1.7232068769234898,
        1.6638405158531349,
        1.6142362850701404,
        1.5773047210492412,
        1.534449339527269,
        1.5035292404004437,
        1.4672539834132552,
        1.4436473393215001,
        1.4135476589339393,
        1.38813201179144,
        1.3602903351345548,
        1.3407699886379902,
        1.3179440633499142,
        1.2979432637596622,
        1.2790083515244774,
        1.2573109388419696,
        1.2419314074577728,
        1.2207506530918981,
        1.203002405480604,
        1.1837680662664616,
        1.167373670331735,
        1.1549322836521256,
        1.1392041896292586,
        1.123058617234469,
        1.1087230963042156,
        1.091997122034247,
        1.0820157334758804,
        1.0669777753050744,
        1.0453271917719367,
        1.0367482313958274,
        1.0251696193726738,
        1.008221101801818,
        0.9989766782448827,
        0.9836431372790223,
        0.9726933638482321,
        0.9545760046879473,
        0.9432964701724879,
        0.9316485230505654,
        0.9190057011344117,
        0.9064390639538005,
        0.8964845846827584,
        0.8813454196339107,
        0.8703264508928571,
        0.862902842515388,
        0.8441888660132766,
        0.8366550343991555,
        0.8220937550323862,
        0.8130815201832235,
        0.8043476741429287,
        0.7909212677587317,
        0.7789221719107858,
        0.7680097220109863,
        0.7556318692071643,
        0.742720653360292,
        0.7374776757756585,
        0.7258154003319138,
        0.716376600857966
    ],
    "train_accuracy": [
        0.28707414829659317,
        0.3933581448611509,
        0.43286573146292584,
        0.4593472659604924,
        0.4771686229602061,
        0.4945605496707701,
        0.5068708846263956,
        0.517391926710564,
        0.5279845405095906,
        0.5369310048668766,
        0.5476667620956198,
        0.55518179215574,
        0.5629831090752935,
        0.5725021471514458,
        0.5797308903521329,
        0.5850271972516462,
        0.5931148010306327,
        0.5947609504723733,
        0.5986258230747209,
        0.6059261379902663,
        0.6079301460062984,
        0.6213140566847982,
        0.6206699112510736,
        0.6291869453192098,
        0.6325508159175494,
        0.6332665330661322,
        0.6389922702547953,
        0.6437160034354423,
        0.6485113083309476,
        0.6526624677927283,
        0.6564557686802176,
        0.6583166332665331,
        0.664758087603779,
        0.6664042370455197,
        0.6719152590896078,
        0.6767105639851131,
        0.6807185800171772,
        0.6817921557400516,
        0.6885198969367307,
        0.6958917835671342,
        0.6983967935871743,
        0.6961064987117092,
        0.7005439450329229,
        0.7031205267678213,
        0.7096335528199256,
        0.7121385628399657,
        0.7177927283137704,
        0.7180790151732036,
        0.7247351846550243,
        0.7258803320927569,
        0.7333953621528772,
        0.7366160893215001,
        0.7364729458917836,
        0.7409819639278558,
        0.7421986830804466,
        0.7487832808474091,
        0.7509304322931577,
        0.7560120240480962,
        0.7585170340681363,
        0.7619524763813341,
        0.7673203549957057
    ],
    "val_loss": [
        2.10378379460765,
        1.9438099184246846,
        1.8405153292586751,
        1.765048458448344,
        1.7225328704160094,
        1.6796945854692429,
        1.672365745761041,
        1.6291986026222398,
        1.6172662103213722,
        1.5925505532827287,
        1.608061415615142,
        1.5765025815753155,
        1.5506529413939274,
        1.5359562918966876,
        1.5304752193414826,
        1.5230900039432176,
        1.5153691529475553,
        1.4910652232847004,
        1.4935731713328075,
        1.5029082770603313,
        1.4851282161869086,
        1.448764355776814,
        1.4688829295642745,
        1.4339980838426656,
        1.4656069782630126,
        1.44619140625,
        1.4323183655362777,
        1.414252883477918,
        1.4117509426754733,
        1.4150304367113564,
        1.4189166625591483,
        1.3994963155559936,
        1.4110319215792586,
        1.4010129140378549,
        1.433625172515773,
        1.3892593528194006,
        1.4002938929416404,
        1.3993592271293376,
        1.4102991916403786,
        1.3873818575019716,
        1.4350116140082807,
        1.387787885695978,
        1.380490622535489,
        1.3831124001873027,
        1.387492760498817,
        1.3778913335469243,
        1.364902128105284,
        1.3552888406940062,
        1.3608164308951105,
        1.3585426113958992,
        1.3385558889491325,
        1.3492882184049684,
        1.3682386139589906,
        1.37714889959582,
        1.3526545864550472,
        1.3512852425078865,
        1.3435363576991326,
        1.3846151357945584,
        1.3769195460370662,
        1.3670729002365931,
        1.371383946175079
    ],
    "val_accuracy": [
        0.37350157728706623,
        0.4302839116719243,
        0.4529968454258675,
        0.47003154574132494,
        0.48643533123028393,
        0.48769716088328074,
        0.4927444794952681,
        0.5034700315457413,
        0.5097791798107255,
        0.5041009463722398,
        0.5135646687697161,
        0.5141955835962145,
        0.534384858044164,
        0.5261829652996846,
        0.5337539432176656,
        0.5362776025236593,
        0.5192429022082019,
        0.5539432176656152,
        0.5470031545741325,
        0.5438485804416404,
        0.5406940063091482,
        0.5545741324921135,
        0.5570977917981073,
        0.555205047318612,
        0.5697160883280757,
        0.559621451104101,
        0.5665615141955836,
        0.5646687697160884,
        0.5709779179810726,
        0.5608832807570978,
        0.5810725552050473,
        0.5753943217665615,
        0.5766561514195584,
        0.5785488958990537,
        0.5690851735015773,
        0.5829652996845426,
        0.5766561514195584,
        0.5867507886435331,
        0.5779179810725552,
        0.579179810725552,
        0.5753943217665615,
        0.5936908517350158,
        0.5760252365930599,
        0.5892744479495268,
        0.5861198738170347,
        0.5861198738170347,
        0.5936908517350158,
        0.6145110410094637,
        0.5962145110410094,
        0.6025236593059937,
        0.5987381703470032,
        0.5968454258675079,
        0.6037854889589905,
        0.6170347003154574,
        0.6025236593059937,
        0.6050473186119874,
        0.6075709779179811,
        0.5993690851735016,
        0.604416403785489,
        0.6100946372239747,
        0.6126182965299685
    ],
    "val_pct": 0.1,
    "patience_limit": 10,
    "batch_size": 32,
    "lr": 1e-05,
    "max_mem0": 6393030144,
    "time": 553759.0243582726,