{
    "train_loss": [
        2.443812569335099,
        2.0159483308134125,
        1.8717854235256226,
        1.780198790438019,
        1.7145264300923275,
        1.6603730619721586,
        1.6144301717273832,
        1.5725419868755368,
        1.5372586691239623,
        1.5046780223393215,
        1.4721346990856714,
        1.4422848207575867,
        1.4159381821679073,
        1.3865876283817635,
        1.359923530095906,
        1.3383899495419411,
        1.3213414831895935,
        1.2960657643411824,
        1.2762532598679501,
        1.256576070668122,
        1.2428972062428427,
        1.2209505506548812,
        1.2062656283549242,
        1.1896219895147437,
        1.1700834006182006,
        1.1541979746323003,
        1.1410663123121243,
        1.125759191373819,
        1.1054253456690166,
        1.0898265560138134,
        1.0775104198352061,
        1.063849238655883,
        1.0500773449801388,
        1.0341355842264888,
        1.0233124591817564,
        1.011442458018716,
        0.9997393643313413,
        0.9801747747727598,
        0.9695064654979602,
        0.9576482764636416,
        0.9412287185979101,
        0.9315049602553321,
        0.9167532190497065,
        0.9039105694648225,
        0.8927323816159104,
        0.8844405468302676,
        0.87255859375,
        0.8588348572144289,
        0.8441436444317206,
        0.8369309769091755,
        0.8288451204865087,
        0.8152962593714214,
        0.7974252774522259,
        0.790985500577047,
        0.7819856370106284,
        0.7714248250966218,
        0.7545575246475094,
        0.7464421029559118,
        0.7364797256343043,
        0.7270955135717865,
        0.7191340689190882,
        0.7042218505090538,
        0.6954731868871672,
        0.6855267454551961,
        0.6752859094304681,
        0.6673416587639565
    ],
    "train_accuracy": [
        0.2996707701116519,
        0.3955768680217578,
        0.43837675350701405,
        0.46392785571142287,
        0.48053249355854566,
        0.4939164042370455,
        0.5043658746063555,
        0.5176782135699971,
        0.5302748353850558,
        0.5366447180074435,
        0.545233323790438,
        0.5567563698826223,
        0.5647008302318923,
        0.5707128542799885,
        0.5784425994846837,
        0.5845261952476382,
        0.5898940738620098,
        0.5922559404523332,
        0.6044947036931004,
        0.6071428571428571,
        0.6102920125966218,
        0.6148726023475523,
        0.6213140566847982,
        0.6271829373031778,
        0.6322645290581163,
        0.6336243916404237,
        0.6414972802748354,
        0.6475093043229315,
        0.6508016032064128,
        0.6570283423990839,
        0.655811623246493,
        0.6639707987403378,
        0.6646865158889207,
        0.6710563985113084,
        0.6742771256799313,
        0.6779988548525623,
        0.683653020326367,
        0.6866590323504151,
        0.6906670483824793,
        0.6910964786716289,
        0.6966790724305755,
        0.6966075007157172,
        0.7068422559404524,
        0.7112081305468079,
        0.7087746922416261,
        0.7130689951331234,
        0.7186515888920698,
        0.7224448897795591,
        0.7267391926710564,
        0.7269539078156313,
        0.7298167764099628,
        0.7329659318637275,
        0.7418408245061552,
        0.7418408245061552,
        0.7444174062410536,
        0.7495705697108502,
        0.7548668766103636,
        0.7574434583452619,
        0.7583023189235614,
        0.759948468365302,
        0.7660320641282565,
        0.7686086458631549,
        0.7712567993129116,
        0.7751932436301173,
        0.7792728313770398,
        0.781062124248497
    ],
    "val_loss": [
        2.116731719489353,
        1.9487534195090694,
        1.8325469489353312,
        1.7908626712835174,
        1.7344253684444007,
        1.6989816948442429,
        1.6860567207216088,
        1.6267011287460569,
        1.6103299980283912,
        1.625963931880915,
        1.5755181634463722,
        1.5618031595031545,
        1.5684799820090694,
        1.5404358487776024,
        1.5326435269617509,
        1.5085875887223974,
        1.5021297996352523,
        1.5068749075808359,
        1.4870602388111198,
        1.4971245317429023,
        1.4658583583891955,
        1.4570552789826499,
        1.4324163298501578,
        1.4463697752365932,
        1.4358795839905363,
        1.4559995440654574,
        1.4316050436218455,
        1.4064741164727919,
        1.4187144186218454,
        1.406596263801262,
        1.4331676976537855,
        1.4335042574428234,
        1.4287740905954258,
        1.4063350256309148,
        1.4100385695977917,
        1.4162167907137224,
        1.3914336676853312,
        1.3998813954061515,
        1.3977645344538643,
        1.371444942823344,
        1.3874026518138802,
        1.3934197555205048,
        1.4062529266068613,
        1.3829730012815458,
        1.400957462539432,
        1.3702836960272082,
        1.3968076880421925,
        1.3600886299783124,
        1.355732298649448,
        1.4095903366522082,
        1.3715801828667193,
        1.3871163064373029,
        1.413893989057571,
        1.3999878314767351,
        1.363803418276814,
        1.3555317490634857,
        1.3682621808458202,
        1.367961202434937,
        1.3764657679416403,
        1.3913537251084385,
        1.3742829813190063,
        1.3592274374014195,
        1.3767952422614353,
        1.3998602930303627,
        1.3800433137815458,
        1.3779584914727918
    ],
    "val_accuracy": [
        0.3722397476340694,
        0.43154574132492113,
        0.45362776025236595,
        0.4649842271293375,
        0.4769716088328076,
        0.48706624605678234,
        0.48580441640378547,
        0.501577287066246,
        0.5072555205047319,
        0.4971608832807571,
        0.5160883280757098,
        0.5129337539432177,
        0.5192429022082019,
        0.5236593059936908,
        0.5444794952681388,
        0.5312302839116719,
        0.5394321766561514,
        0.543217665615142,
        0.5514195583596214,
        0.534384858044164,
        0.5646687697160884,
        0.5539432176656152,
        0.5564668769716088,
        0.5564668769716088,
        0.5608832807570978,
        0.5690851735015773,
        0.5608832807570978,
        0.580441640378549,
        0.5659305993690852,
        0.5785488958990537,
        0.5741324921135647,
        0.5747634069400631,
        0.571608832807571,
        0.5760252365930599,
        0.5722397476340694,
        0.5678233438485805,
        0.5848580441640379,
        0.5848580441640379,
        0.5684542586750788,
        0.5772870662460567,
        0.5848580441640379,
        0.5917981072555205,
        0.58801261829653,
        0.5829652996845426,
        0.5930599369085173,
        0.5930599369085173,
        0.5722397476340694,
        0.5981072555205047,
        0.5981072555205047,
        0.5867507886435331,
        0.6018927444794953,
        0.5930599369085173,
        0.5930599369085173,
        0.5936908517350158,
        0.5987381703470032,
        0.6050473186119874,
        0.6069400630914826,
        0.6056782334384858,
        0.5987381703470032,
        0.5892744479495268,
        0.6107255520504732,
        0.6069400630914826,
        0.6012618296529968,
        0.6069400630914826,
        0.6100946372239747,
        0.6056782334384858
    ],
    "val_pct": 0.1,
    "patience_limit": 10,
    "batch_size": 32,
    "lr": 1e-05,
    "max_mem0": 6391981568,
    "time": 644258.9196214676,