{
    "train_loss": [
        2.9804561690344977,
        2.8206043783996564,
        2.7268043341146577,
        2.6544327494274262,
        2.5847990624105353,
        2.546111754759519,
        2.4782083698647295,
        2.4310386956949612,
        2.4136353063269396,
        2.3739719953299456,
        2.3535944657171486,
        2.3406359314611365,
        2.344763047299957,
        2.327790486106141,
        2.3094907728403236,
        2.299533358010664,
        2.2837886990498855,
        2.2837133530453766,
        2.2776694572180074,
        2.2702367625876754,
        2.2626934952494273,
        2.2630675692903663,
        2.254211548096192,
        2.242300029746994,
        2.240896133785428,
        2.242029818565703,
        2.24293494913935,
        2.227194064468222,
        2.2162658184672916,
        2.223617715341397,
        2.2067088977061267,
        2.2167187332253793,
        2.2143412103224307,
        2.1949192749337962,
        2.2093851486455054,
        2.1996931921879472,
        2.1955458070158174,
        2.1974895661859435,
        2.1894517271149443,
        2.1887706775157456,
        2.1799659587031206,
        2.1924008452172203,
        2.169516628122316,
        2.1670081233896363,
        2.1875898840090895,
        2.162792801003793,
        2.1620888260896796,
        2.1704662114407385,
        2.16154197345584,
        2.155190682704695,
        2.1452785593508445,
        2.166875184520827,
        2.155741589205196,
        2.1335434540956912,
        2.1333812994292156,
        2.1536024057042655,
        2.1367242017517176,
        2.1370185963444746,
        2.135334704006227,
        2.129570664767034,
        2.1389339784479673,
        2.1301619701456485,
        2.1213006369882623,
        2.142092779308617,
        2.1330648182525764,
        2.1313547854637847,
        2.115990910392213,
        2.112541768805468
    ],
    "train_accuracy": [
        0.08910678499856857,
        0.1437160034354423,
        0.16490123103349555,
        0.19302891497280275,
        0.21822215860292013,
        0.2268107643859147,
        0.2487117091325508,
        0.2598768966504437,
        0.26710563985113084,
        0.2781992556541655,
        0.2799169768107644,
        0.28013169195533927,
        0.2859290008588606,
        0.2882908674491841,
        0.2895791583166333,
        0.2925135986258231,
        0.29852562267391924,
        0.30110220440881763,
        0.3018894932722588,
        0.2981677640996278,
        0.30296306899513314,
        0.3013169195533925,
        0.30389350128829085,
        0.3063269395934727,
        0.3106212424849699,
        0.3119811050672774,
        0.31398511308330945,
        0.3150586888061838,
        0.31606069281419985,
        0.30926137990266245,
        0.31763527054108215,
        0.3137703979387346,
        0.31670483824792445,
        0.31935299169768105,
        0.3145576868021758,
        0.31763527054108215,
        0.31949613512739766,
        0.3166332665330661,
        0.31906670483824795,
        0.3189951331233896,
        0.3252218723160607,
        0.320068708846264,
        0.32429144002290294,
        0.32858574291440024,
        0.3217864300028629,
        0.32965931863727455,
        0.3263670197537933,
        0.3280131691955339,
        0.32722588033209277,
        0.3312338963641569,
        0.3310907529344403,
        0.3277984540509591,
        0.3269395934726596,
        0.3299456054967077,
        0.33309476095047236,
        0.3259375894646436,
        0.3343114801030633,
        0.33023189235614087,
        0.33309476095047236,
        0.3323790438018895,
        0.3304466075007157,
        0.33559977097051247,
        0.334239908388205,
        0.33073289436014885,
        0.33309476095047236,
        0.33567134268537074,
        0.335742914400229,
        0.3372459204122531
    ],
    "val_loss": [
        2.9234492064274447,
        2.7891244208399053,
        2.7068396342665615,
        2.6776967912066247,
        2.61599097988959,
        2.4977512877070187,
        2.4190232526616717,
        2.4451003980185333,
        2.351120428332019,
        2.516281792192429,
        2.322235434739748,
        2.414128887766167,
        2.3243598432570978,
        2.3945113798797317,
        2.365180309789038,
        2.261989230086751,
        2.3092724147279178,
        2.2918210580145897,
        2.3700067465989747,
        2.286757720080836,
        2.333063263998423,
        2.288178972791798,
        2.2526810799487382,
        2.2528967246648266,
        2.26125465176459,
        2.2784245921234225,
        2.5504930562401418,
        2.277099609375,
        2.328469415417981,
        2.2454740795051262,
        2.2845740092665614,
        2.2736577656742902,
        2.23151786154377,
        2.2532964375492903,
        2.312893859670741,
        2.2508758256111987,
        2.224794367360016,
        2.2261073356171135,
        2.225600262470426,
        2.22600151567429,
        2.205227073886041,
        2.231113219637224,
        2.217812561612776,
        2.222331550670347,
        2.2305828876675866,
        2.25158668301459,
        2.3456552210666404,
        2.26494171431388,
        2.2276228558753943,
        2.193034059542587,
        2.2554407161869086,
        2.250696378401025,
        2.3116511299783125,
        2.2311668227523658,
        2.289573732009069,
        2.2018553147180597,
        2.2186537300374605,
        2.1665390255323342,
        2.1796836492014986,
        2.23261780362776,
        2.1971346978509465,
        2.228186766807965,
        2.2120622412263407,
        2.282229027011041,
        2.2104405929613566,
        2.185947049980284,
        2.18273902676459,
        2.1938120748718455
    ],
    "val_accuracy": [
        0.1192429022082019,
        0.15709779179810726,
        0.17097791798107256,
        0.18485804416403787,
        0.20378548895899054,
        0.25425867507886435,
        0.2832807570977918,
        0.24542586750788645,
        0.29905362776025235,
        0.2599369085173502,
        0.31293375394321765,
        0.27886435331230286,
        0.31230283911671924,
        0.2858044164037855,
        0.28517350157728705,
        0.33690851735015775,
        0.3028391167192429,
        0.3135646687697161,
        0.2832807570977918,
        0.305993690851735,
        0.28769716088328073,
        0.30725552050473187,
        0.3217665615141956,
        0.32744479495268136,
        0.3249211356466877,
        0.31167192429022084,
        0.24416403785488958,
        0.30914826498422715,
        0.29779179810725553,
        0.322397476340694,
        0.3041009463722397,
        0.31230283911671924,
        0.32429022082018927,
        0.3211356466876972,
        0.30662460567823346,
        0.3192429022082019,
        0.32365930599369086,
        0.3324921135646688,
        0.3198738170347003,
        0.3141955835962145,
        0.3312302839116719,
        0.3249211356466877,
        0.32429022082018927,
        0.32365930599369086,
        0.3249211356466877,
        0.3186119873817035,
        0.2870662460567823,
        0.31482649842271293,
        0.3280757097791798,
        0.32681388012618295,
        0.32429022082018927,
        0.3205047318611987,
        0.3041009463722397,
        0.3249211356466877,
        0.32365930599369086,
        0.34006309148264985,
        0.3312302839116719,
        0.3444794952681388,
        0.33943217665615144,
        0.32429022082018927,
        0.32681388012618295,
        0.3305993690851735,
        0.3312302839116719,
        0.3160883280757098,
        0.32744479495268136,
        0.33943217665615144,
        0.3362776025236593,
        0.3312302839116719
    ],
    "val_pct": 0.1,
    "patience_limit": 10,
    "batch_size": 32,
    "lr": 0.001,
    "max_mem0": 6643528704,
    "time": 440486.52079606056,