{
    "train_loss": [
        2.944363056470083,
        2.8300227687517894,
        2.76249373747495,
        2.7368621170913254,
        2.727572332164329,
        2.7132688926961066,
        2.707477734486831,
        2.6915712004365875,
        2.6901308196750646,
        2.7027551196142285,
        2.6924448785964787,
        2.678344971192385,
        2.669783484379473,
        2.662698443762525,
        2.650649233735328,
        2.651871544428142,
        2.6504932297630974,
        2.646255960581878,
        2.646644852204409,
        2.639176231928142,
        2.6364011505153164,
        2.6297044423668767,
        2.6381677976488693,
        2.636991896739908,
        2.6237108704015175,
        2.616016351900229,
        2.6224485801961066,
        2.6155645554501863,
        2.62720027107787,
        2.6139455249785284,
        2.6230108095655598,
        2.6181293949506155,
        2.616558172147867,
        2.626259494435299,
        2.6154077127469226,
        2.6061671333738907,
        2.625094776606785,
        2.6134831046020612,
        2.6219327606105067,
        2.6182848397688234,
        2.6069591750465215,
        2.598807268554967,
        2.6002579936659034,
        2.6007760498675925,
        2.6210574049885484,
        2.6027017763204983,
        2.5996219559655023,
        2.6010905740051533,
        2.614560873980103,
        2.5963833358681647,
        2.5944232214428857,
        2.608669347623819,
        2.5918745974091038,
        2.5964372942313196,
        2.5985081211530203,
        2.5974890629473233,
        2.6068862054466075,
        2.596563103886344,
        2.5928735260699973,
        2.5968600146722016,
        2.5928849887274548,
        2.6086908750536786,
        2.6036973500572573,
        2.586742961369167,
        2.5945638486795017,
        2.6026411081090752,
        2.5863303057006872,
        2.586401597838534,
        2.583889877970226,
        2.580531878489121,
        2.5933026767821357,
        2.5917026575472373,
        2.6086391533066133,
        2.5952144243844835,
        2.5955278302139995,
        2.5843640405811623,
        2.5868964491482966,
        2.607975157905096,
        2.5803291851560264,
        2.5911644718007443,
        2.5906584374105353,
        2.584551916332665,
        2.597134559297166,
        2.5859671351631834
    ],
    "train_accuracy": [
        0.10105926137990266,
        0.13870598339536216,
        0.15860292012596622,
        0.16568851989693673,
        0.1713426853707415,
        0.17449184082450617,
        0.17520755797308904,
        0.18114801030632693,
        0.1814342971657601,
        0.1801460062983109,
        0.17928714572001145,
        0.18451188090466647,
        0.18408245061551676,
        0.19116805038648726,
        0.192599484683653,
        0.19317205840251933,
        0.195820211852276,
        0.19660750071571714,
        0.1981105067277412,
        0.19646435728600056,
        0.19617807042656743,
        0.20197537933008874,
        0.19846836530203263,
        0.1979673632980246,
        0.20011451474377326,
        0.20333524191239621,
        0.20211852275980532,
        0.2029058116232465,
        0.20204695104494705,
        0.20326367019753794,
        0.20548239335814486,
        0.20655596908101917,
        0.20677068422559405,
        0.2046235327798454,
        0.20247638133409676,
        0.20906097910105925,
        0.20025765817348984,
        0.20490981963927857,
        0.200543945032923,
        0.20440881763527055,
        0.2051961064987117,
        0.20813054680790152,
        0.20898940738620098,
        0.2075579730890352,
        0.20312052676782136,
        0.2082736902376181,
        0.20855997709705124,
        0.20920412253077583,
        0.20677068422559405,
        0.2129258517034068,
        0.21070712854279988,
        0.20784425994846836,
        0.21450042943028916,
        0.2123532779845405,
        0.21070712854279988,
        0.21228170626968224,
        0.20848840538219296,
        0.21192384769539077,
        0.21213856283996566,
        0.21149441740624106,
        0.21156598912109933,
        0.20927569424563414,
        0.21199541941024908,
        0.21557400515316347,
        0.21349842542227312,
        0.2082736902376181,
        0.2153592900085886,
        0.21392785571142284,
        0.21865158889206984,
        0.21650443744632122,
        0.2153592900085886,
        0.21221013455482393,
        0.20770111651875178,
        0.21399942742628114,
        0.20984826796450043,
        0.21399942742628114,
        0.21385628399656456,
        0.20805897509304322,
        0.21500143143429717,
        0.21142284569138275,
        0.21285427998854853,
        0.21671915259089608,
        0.21156598912109933,
        0.2112797022616662
    ],
    "val_loss": [
        2.849918979199527,
        2.7960435355875393,
        2.740745452977129,
        2.7268733364550473,
        2.740983586356467,
        2.7415997141167194,
        2.6911798230481074,
        2.7393835025630913,
        2.6638927568020505,
        2.6772306905559935,
        2.699763406940063,
        2.6729766364353313,
        2.6997495440654573,
        2.663033874704259,
        2.621444326695584,
        2.634218811612776,
        2.6371324797910094,
        2.7703328322160883,
        2.6301566812894324,
        2.6594150483044166,
        2.7122760375591484,
        2.6124430081821766,
        2.625503068316246,
        2.612246155362776,
        2.641513764294164,
        2.6235758206821767,
        2.617526986395899,
        2.589493173304416,
        2.602878856959779,
        2.6063442675473185,
        2.599765255323344,
        2.5904765132097793,
        2.6176557570977916,
        2.5888610262223977,
        2.595417857847003,
        2.695700660488959,
        2.6557586381111986,
        2.6042977991916403,
        2.5970006900630915,
        2.630124334582019,
        2.6184604199526813,
        2.602624704258675,
        2.585292106171136,
        2.6195229322752365,
        2.664980838426656,
        2.584677210666404,
        2.6146696939077287,
        2.615830170544164,
        2.625056375690063,
        2.6119122141167193,
        2.669424043769716,
        2.612366300276025,
        2.5830697333399053,
        2.5995129510055204,
        2.7085724935922713,
        2.5993197949526814,
        2.5953300596411673,
        2.580891105579653,
        2.578185688584385,
        2.5843987209187698,
        2.6861870317429024,
        2.5801132442823342,
        2.581682213623817,
        2.595578359128549,
        2.580549616768533,
        2.6086867852917983,
        2.5817396675374606,
        2.645466531940063,
        2.574119553430599,
        2.782307275236593,
        2.6251062820386437,
        2.6675728879140377,
        2.576718380323344,
        2.572811822259464,
        2.611502181092271,
        2.5931341803036276,
        2.5843559000394323,
        2.5777058790910883,
        2.601801557570978,
        2.582424339511041,
        2.583847748669164,
        2.587739365634858,
        2.609355900039432,
        2.593424684542587
    ],