{
    "train_loss": [
        2.9591697345584027,
        2.808429079140424,
        2.742275846335528,
        2.7329843839464645,
        2.7082133016032066,
        2.6943345396149443,
        2.6844000501002006,
        2.672838422380475,
        2.678219720691383,
        2.6533368075436585,
        2.66227013178142,
        2.6571376570104497,
        2.642134436283281,
        2.6497425654881193,
        2.6414821831162323,
        2.6347141828299456,
        2.6326176348232178,
        2.6360597869846836,
        2.6264730912718295,
        2.6267521091289723,
        2.62380508785428,
        2.626575416457916,
        2.625216672183653,
        2.6311311238548525,
        2.6165875277340396,
        2.618539814003006,
        2.6170177967542227,
        2.622936721657601,
        2.6106230317778416,
        2.613826425171772,
        2.613597451599628,
        2.604840820032923,
        2.6118148685764386,
        2.6120343365302032,
        2.6152050194138274,
        2.602601687750501,
        2.60992688502004,
        2.6139961284175492,
        2.600196766300458,
        2.6047720440881763,
        2.6038701286501573,
        2.6061990051531634,
        2.608063224663613,
        2.5969802327870024,
        2.591876554448182,
        2.6019673275121673,
        2.597019373568566,
        2.592585282171486,
        2.6023671226381335,
        2.594867189736616,
        2.598588639332236,
        2.6012759335635556,
        2.5929808836422845,
        2.6017257729745205,
        2.594654152054108,
        2.6001011509626397,
        2.6055081703585743,
        2.592475128829087,
        2.583461565989121,
        2.591008188251503,
        2.5963707549026624,
        2.5879454220941884,
        2.592050730926138,
        2.5896567129795307,
        2.5830371680861726,
        2.5917317335563985,
        2.584006741160893,
        2.6096506629330087
    ],
    "train_accuracy": [
        0.08839106784998568,
        0.14364443172058403,
        0.1575293444030919,
        0.16275407958774693,
        0.17384769539078157,
        0.17807042656742056,
        0.1868021757801317,
        0.18658746063555684,
        0.1842971657600916,
        0.19431720584025194,
        0.19195533924992844,
        0.19073862009733752,
        0.195820211852276,
        0.19646435728600056,
        0.19882622387632407,
        0.20068708846263955,
        0.19997137131405668,
        0.19911251073575723,
        0.20240480961923848,
        0.20211852275980532,
        0.20469510449470368,
        0.20276266819352992,
        0.20362152877182937,
        0.20297738333810478,
        0.20333524191239621,
        0.20541082164328658,
        0.20405095906097911,
        0.20555396507300314,
        0.20813054680790152,
        0.20605496707701115,
        0.20805897509304322,
        0.20927569424563414,
        0.2063412539364443,
        0.20720011451474377,
        0.2029058116232465,
        0.20963355281992557,
        0.21042084168336672,
        0.2058402519324363,
        0.21335528199255654,
        0.21077870025765819,
        0.21020612653879187,
        0.2094188376753507,
        0.20891783567134267,
        0.2112081305468079,
        0.21135127397652448,
        0.2124248496993988,
        0.21278270827369022,
        0.2159318637274549,
        0.2101345548239336,
        0.21342685370741482,
        0.21142284569138275,
        0.20612653879186946,
        0.21385628399656456,
        0.21206699112510735,
        0.20977669624964215,
        0.21049241339822503,
        0.21106498711709132,
        0.2129258517034068,
        0.21578872029773832,
        0.2129258517034068,
        0.21149441740624106,
        0.21578872029773832,
        0.21206699112510735,
        0.21335528199255654,
        0.2178643000286287,
        0.21507300314915545,
        0.21636129401660464,
        0.20906097910105925
    ],
    "val_loss": [
        2.91206070090694,
        2.7715885005914824,
        2.7400744898462146,
        2.6809296135646687,
        2.665983894420347,
        2.657050041896688,
        2.6783554317823346,
        2.632312204258675,
        2.6394127686317033,
        2.6418316862184543,
        2.6311588130914827,
        2.7097400556979494,
        2.6193223826892744,
        2.620789074822555,
        2.7295759808753943,
        2.665666280559937,
        2.609824157137224,
        2.613203925966088,
        2.612410045347003,
        2.5987221510252367,
        2.6023791773462146,
        2.6503333251182966,
        2.6520421554613565,
        2.598752649349369,
        2.6598719070386436,
        2.622504374507098,
        2.6014423550867507,
        2.635918708103312,
        2.613571138111199,
        2.5909238219637225,
        2.669626749802839,
        2.6421856516167193,
        2.5966753746056783,
        2.5909019494282335,
        2.5982166181979496,
        2.6207970844834385,
        2.627352991916404,
        2.5903495908911673,
        2.5829257134759462,
        2.5892230012815456,
        2.595765970031546,
        2.586005274053628,
        2.593135104495268,
        2.6016345869479496,
        2.60852043079653,
        2.594411105086751,
        2.5832625813288645,
        2.5784758847594635,
        2.5917756185922713,
        2.5987267719834386,
        2.5781049758477916,
        2.577446797367902,
        2.5985949206427446,
        2.6830795913840695,
        2.592832277701104,
        2.5784239759956624,
        2.775800349960568,
        2.57426804022082,
        2.743790048304416,
        2.5785738490733436,
        2.575305599369085,
        2.619083941246057,
        2.6006164358241324,
        2.6184896860212934,
        2.7789179564274447,
        2.5856605505717667,
        2.7950007393533123,
        2.578918418523265
    ],
    "val_accuracy": [
        0.13186119873817034,
        0.17728706624605678,
        0.16214511041009463,
        0.18738170347003155,
        0.18990536277602524,
        0.19873817034700317,
        0.19053627760252365,
        0.2025236593059937,
        0.20378548895899054,
        0.20504731861198738,
        0.1974763406940063,
        0.17791798107255521,
        0.2031545741324921,
        0.20441640378548895,
        0.1665615141955836,
        0.18801261829652996,
        0.20694006309148266,
        0.2,
        0.20630914826498423,
        0.20694006309148266,
        0.21451104100946372,
        0.1892744479495268,
        0.19305993690851736,
        0.2113564668769716,
        0.19873817034700317,
        0.20757097791798107,
        0.21198738170347003,
        0.20189274447949526,
        0.20504731861198738,
        0.22082018927444794,
        0.18990536277602524,
        0.19369085173501577,
        0.20630914826498423,
        0.21009463722397476,
        0.20441640378548895,
        0.20378548895899054,
        0.2056782334384858,
        0.21009463722397476,
        0.2056782334384858,
        0.21829652996845425,
        0.2088328075709779,
        0.2031545741324921,
        0.21324921135646688,
        0.2031545741324921,
        0.20189274447949526,
        0.21009463722397476,
        0.21514195583596216,
        0.21577287066246056,
        0.20757097791798107,
        0.21261829652996844,
        0.21198738170347003,
        0.2170347003154574,
        0.20694006309148266,
        0.18422712933753943,
        0.2107255520504732,
        0.21451104100946372,
        0.17854889589905362,
        0.21261829652996844,
        0.1589905362776025,
        0.2082018927444795,
        0.2138801261829653,
        0.19810725552050473,
        0.20126182965299685,
        0.20504731861198738,
        0.1665615141955836,
        0.21198738170347003,
        0.16277602523659307,
        0.21198738170347003
    ],
    "val_pct": 0.1,
    "patience_limit": 10,
    "batch_size": 32,
    "lr": 0.001,
    "max_mem0": 6753176576,
    "time": 478770.76071476936,