{
    "train_loss": [
        2.9605474900694246,
        2.809538720297738,
        2.720259715860292,
        2.664541135843115,
        2.6264599511523046,
        2.5861513764135413,
        2.5649161045304893,
        2.5418180110220443,
        2.5111327565845976,
        2.499870835420842,
        2.4868976233717435,
        2.464716822036931,
        2.460398755099485,
        2.4531356239264244,
        2.438085154684369,
        2.4352435339428857,
        2.4205528803142,
        2.4267248224126825,
        2.421632886308331,
        2.41869341361294,
        2.4079721943887775,
        2.4133848053249354,
        2.40100010288434,
        2.400854443261523,
        2.3909370079444603,
        2.390232473876324,
        2.387684968150587,
        2.3804422460993417,
        2.3731452861079303,
        2.3844021748854853,
        2.3749630958345262,
        2.377366339822502,
        2.368439445855998,
        2.3559143957557973,
        2.370652577476381,
        2.376950329229888,
        2.361503699363012,
        2.3636785289328657,
        2.359589994721586,
        2.354962715609791,
        2.353964066525909,
        2.363004189181935,
        2.34505408696858,
        2.359806387328228,
        2.3488086664400227,
        2.350568883302319,
        2.338017972328586,
        2.345676006029917,
        2.3357553555772257,
        2.3413186585224017,
        2.3501145706591755,
        2.335660858547452,
        2.344890674205554,
        2.325082782753006,
        2.3448154679895503,
        2.3423234583005295,
        2.3425713033209274,
        2.3294810882926567,
        2.3353646467041225,
        2.326093174071357,
        2.326725157905096,
        2.3235207859916263,
        2.334165121537718
    ],
    "train_accuracy": [
        0.09211279702261667,
        0.14242771256799314,
        0.16125107357572288,
        0.18544231319782423,
        0.20247638133409676,
        0.21256799312911537,
        0.2243057543658746,
        0.228385342112797,
        0.24083882049813912,
        0.2463498425422273,
        0.24677927283137704,
        0.25314915545376465,
        0.25329229888348126,
        0.25135986258230747,
        0.2578013169195534,
        0.2583738906384197,
        0.2607357572287432,
        0.2595906097910106,
        0.2592327512167191,
        0.25980532493558545,
        0.2606641855138849,
        0.2620240480961924,
        0.2656742055539651,
        0.2661036358431148,
        0.2648869166905239,
        0.2676066418551388,
        0.2682507872888634,
        0.26989693673060405,
        0.2743343830518179,
        0.26860864586315486,
        0.27333237904380187,
        0.27569424563412537,
        0.2766246779272831,
        0.27698253650157456,
        0.27354709418837675,
        0.27469224162610933,
        0.2781276839393072,
        0.27977383338104783,
        0.27369023761809336,
        0.2809189808187804,
        0.27676782135699973,
        0.2770541082164329,
        0.2792012596621815,
        0.2774835385055826,
        0.2827082736902376,
        0.28141998282278846,
        0.2802748353850558,
        0.28070426567420553,
        0.28235041511594616,
        0.28277984540509593,
        0.28013169195533927,
        0.2835671342685371,
        0.2811336959633553,
        0.28728886344116805,
        0.2817778413970799,
        0.2856427139994274,
        0.28242198683080444,
        0.2849985685657028,
        0.2842112797022617,
        0.2875751503006012,
        0.2863584311480103,
        0.28607214428857713,
        0.28492699685084455
    ],
    "val_loss": [
        2.8826843454258677,
        2.7876059739747636,
        2.679510979396688,
        2.6976035710764985,
        2.6051329603706623,
        2.5847419040812305,
        2.5113535402701106,
        2.6341368666206626,
        2.491525162657729,
        2.4857233956033125,
        2.4612292364944794,
        2.4415048304416405,
        2.4769692983537066,
        2.4539079443513407,
        2.4932877501478705,
        2.4673208916600946,
        2.418361993542981,
        2.4221326954357254,
        2.4215877304317823,
        2.4704608327582807,
        2.384504540861593,
        2.3975341026715298,
        2.426060355875394,
        2.3876963907235806,
        2.4096521034601737,
        2.41464828346806,
        2.4239957117507887,
        2.3694249679613564,
        2.4200109054613566,
        2.381025729495268,
        2.3649447949526814,
        2.386422700611199,
        2.363674339511041,
        2.386188880126183,
        2.3615436156841483,
        2.377249328420741,
        2.3538027405362776,
        2.3716910858635645,
        2.418909269026025,
        2.5349475367212144,
        2.3526625961159304,
        2.364778748521293,
        2.382277855136041,
        2.35275886607847,
        2.340020270603312,
        2.4151324058556782,
        2.366464628105284,
        2.3688102264885647,
        2.367844600256309,
        2.3450967012519714,
        2.3600032962835176,
        2.3545063584384858,
        2.321911197505915,
        2.358725601340694,
        2.3747838931880914,
        2.5158848518828862,
        2.3347594637223974,
        2.349582419410489,
        2.396995452977129,
        2.339960968306388,
        2.3436565026123817,
        2.3500087798205835,
        2.394277405362776
    ],
    "val_accuracy": [
        0.10725552050473186,
        0.16151419558359623,
        0.17981072555205047,
        0.18548895899053627,
        0.2107255520504732,
        0.22018927444794953,
        0.23533123028391167,
        0.21261829652996844,
        0.2466876971608833,
        0.25488958990536276,
        0.25299684542586753,
        0.2605678233438486,
        0.2466876971608833,
        0.25299684542586753,
        0.25110410094637226,
        0.26246056782334387,
        0.2719242902208202,
        0.2637223974763407,
        0.2630914826498423,
        0.2586750788643533,
        0.2750788643533123,
        0.27129337539432175,
        0.25488958990536276,
        0.2769716088328076,
        0.2750788643533123,
        0.2757097791798107,
        0.26750788643533124,
        0.28138801261829655,
        0.2719242902208202,
        0.2744479495268139,
        0.28138801261829655,
        0.2858044164037855,
        0.28769716088328073,
        0.28391167192429023,
        0.2908517350157729,
        0.2883280757097792,
        0.289589905362776,
        0.28264984227129336,
        0.26750788643533124,
        0.2504731861198738,
        0.2914826498422713,
        0.2832807570977918,
        0.28769716088328073,
        0.2807570977917981,
        0.2883280757097792,
        0.2769716088328076,
        0.28517350157728705,
        0.2750788643533123,
        0.2801261829652997,
        0.29526813880126185,
        0.28264984227129336,
        0.27886435331230286,
        0.29589905362776026,
        0.2864353312302839,
        0.2858044164037855,
        0.244794952681388,
        0.2908517350157729,
        0.2914826498422713,
        0.2744479495268139,
        0.29274447949526816,
        0.29716088328075707,
        0.28517350157728705,
        0.277602523659306
    ],
    "val_pct": 0.1,
    "patience_limit": 10,
    "batch_size": 32,
    "lr": 0.001,
    "max_mem0": 6754359296,
    "time": 412524.52484226227,