{
    "train_loss": [
        2.9425102996170915,
        2.781500501002004,
        2.6891338480532494,
        2.6024613400908962,
        2.53229142436659,
        2.480070911913112,
        2.4338051102204408,
        2.400546349395219,
        2.384219051943172,
        2.3672847927998855,
        2.3394481485292014,
        2.3283437690112367,
        2.31672776356284,
        2.306481545680647,
        2.2916769644199113,
        2.3000201015871027,
        2.2886952755958347,
        2.2739812772867163,
        2.274855374812124,
        2.255790599055253,
        2.2562189110363584,
        2.2464787275443743,
        2.242375375751503,
        2.2325264368021758,
        2.2239571218329517,
        2.2319109480120956,
        2.2195944623622244,
        2.212965971004509,
        2.20563602092578,
        2.2105937600647723,
        2.191568684243487,
        2.207457604942027,
        2.1952286268966503,
        2.190810750966218,
        2.197396467041225,
        2.191660105926138,
        2.186507361821858,
        2.1805209190702834,
        2.1880416804591327,
        2.1744981313072573,
        2.1700815134733755
    ],
    "train_accuracy": [
        0.09919839679358718,
        0.147366160893215,
        0.1797165760091612,
        0.21142284569138275,
        0.228385342112797,
        0.24856856570283423,
        0.2620956198110507,
        0.2691812195820212,
        0.27526481534497566,
        0.2798454050959061,
        0.2852132837102777,
        0.28750357858574294,
        0.28814772401946753,
        0.2951617520755797,
        0.2973089035213284,
        0.29695104494703695,
        0.29566275407958775,
        0.30346407099914113,
        0.3009590609791011,
        0.3061122244488978,
        0.30382192957343257,
        0.30647008302318923,
        0.30918980818780417,
        0.3137703979387346,
        0.3140566847981678,
        0.3120526767821357,
        0.31248210707128543,
        0.31842255940452335,
        0.3202834239908388,
        0.3144145433724592,
        0.31849413111938163,
        0.3186372745490982,
        0.32078442599484686,
        0.3180647008302319,
        0.3161322645290581,
        0.3213569997137131,
        0.3227884340108789,
        0.3235041511594618,
        0.32056971085027197,
        0.32250214715144576,
        0.32443458345261955
    ],
    "val_loss": [
        2.8356623989550473,
        2.701840989747634,
        2.6379556264787065,
        2.582287713180205,
        2.5624910661474765,
        2.4158454197062302,
        2.358019056831625,
        2.4254329837835176,
        2.324294687746451,
        2.37641632368888,
        2.3476349935922713,
        2.3121521958793374,
        2.3124739686021294,
        2.2984701547712936,
        2.414186649743691,
        2.2582310047811514,
        2.337606590102524,
        2.395620409848186,
        2.336665146884858,
        2.235959680599369,
        2.2465909651025235,
        2.2458394432669557,
        2.263821748077681,
        2.2677335432275236,
        2.2393804219242903,
        2.2549598284700316,
        2.223496494233044,
        2.284552906890773,
        2.2756483204357254,
        2.2070525064077287,
        2.201003672121451,
        2.233927999309937,
        2.252753320928628,
        2.207082850699921,
        2.2237725194696374,
        2.3542425017251576,
        2.275065925670347,
        2.306661111248028,
        2.2171842653292586,
        2.205119097496057,
        2.222033806930205
    ],
    "val_accuracy": [
        0.1331230283911672,
        0.1665615141955836,
        0.2088328075709779,
        0.23659305993690852,
        0.23659305993690852,
        0.2807570977917981,
        0.2864353312302839,
        0.2769716088328076,
        0.3003154574132492,
        0.29274447949526816,
        0.277602523659306,
        0.3047318611987382,
        0.29337539432176657,
        0.29526813880126185,
        0.27066246056782334,
        0.3192429022082019,
        0.29842271293375394,
        0.28517350157728705,
        0.2914826498422713,
        0.32555205047318614,
        0.3192429022082019,
        0.3173501577287066,
        0.3186119873817035,
        0.3217665615141956,
        0.322397476340694,
        0.32618296529968455,
        0.32618296529968455,
        0.3028391167192429,
        0.31041009463722397,
        0.32302839116719245,
        0.3356466876971609,
        0.3167192429022082,
        0.3217665615141956,
        0.32933753943217664,
        0.322397476340694,
        0.28391167192429023,
        0.3047318611987382,
        0.30977917981072556,
        0.3312302839116719,
        0.3299684542586751,
        0.32555205047318614
    ],
    "val_pct": 0.1,
    "patience_limit": 10,
    "batch_size": 32,
    "lr": 0.001,
    "max_mem0": 6753549312,
    "time": 177094.55285453796,
    "labels_list": [
        "Eczema Photos",
        "Nail Fungus and other Nail Disease",
        "Systemic Disease",
        "Warts Molluscum and other Viral Infections",
        "Atopic Dermatitis Photos",
        "Tinea Ringworm Candidiasis and other Fungal Infections",
        "Scabies Lyme Disease and other Infestations and Bites",
        "Seborrheic Keratoses and other Benign Tumors",
        "Lupus and other Connective Tissue diseases",
        "Light Diseases and Disorders of Pigmentation",
        "Urticaria Hives",
        "Hair Loss Photos Alopecia and other Hair Diseases",
        "Herpes HPV and other STDs Photos",
        "Poison Ivy Photos and other Contact Dermatitis",
        "Melanoma Skin Cancer Nevi and Moles",
        "Vascular Tumors",
        "Actinic Keratosis Basal Cell Carcinoma and other Malignant Lesions",
        "Bullous Disease Photos",
        "Acne and Rosacea Photos",
        "Psoriasis pictures Lichen Planus and related diseases",
        "Vasculitis Photos",
        "Exanthems and Drug Eruptions",
        "Cellulitis Impetigo and other Bacterial Infections"
    ],
    "patience": 10,
    "epoch": 40
}