{
    "train_loss": [
        3.1982557700524517,
        2.9312642271481613,
        2.768068017739274,
        2.491106881335455,
        2.319107336235856,
        2.250649430177393,
        2.1248190527758135,
        2.030519074507897,
        1.9147135416666667,
        1.8455601628801273,
        1.7272492246434465,
        1.6802358667786421,
        1.5824805101882957,
        1.4634397975232791,
        1.3968593915753182,
        1.347319909167256,
        1.2686205283474776,
        1.2244904701128596,
        1.1431180890131425,
        1.1124788434479609,
        1.0770001804867986,
        0.9605765839558286,
        1.1054273117043847,
        0.9293516771459512,
        0.863593878919142,
        0.8784911764055869,
        0.8248655902839168,
        0.7600153482842704,
        0.811355267083628,
        0.7048867606487211,
        0.7982437299254479,
        0.8012227405078678,
        0.7175031101742987,
        0.6433644166592999,
        0.6146357642879243,
        0.6396434879258015,
        0.6367742312735738,
        0.6098309363581448,
        0.5826185802871582,
        0.6059237079539427,
        0.5479556762177333,
        0.5922926957176744,
        0.5757200824714168,
        0.5655968219589816,
        0.5240590744342292,
        0.5562204291718235,
        0.4849383306076143,
        0.4998976704311056,
        0.4732280121497083,
        0.4805449791979756,
        0.4449379438501886,
        0.4402614883070338
    ],
    "train_accuracy": [
        0.06930693069306931,
        0.11362564827911363,
        0.14615747289014616,
        0.16737388024516736,
        0.18953323903818953,
        0.21404997642621404,
        0.24092409240924093,
        0.272984441301273,
        0.2838283828382838,
        0.30928807166430927,
        0.3521923620933522,
        0.37576614804337577,
        0.41065535124941066,
        0.4479019330504479,
        0.47053276756247053,
        0.4945780292314946,
        0.5077793493635078,
        0.5355964167845356,
        0.5516265912305516,
        0.5652993870815654,
        0.5898161244695899,
        0.6331918906176331,
        0.5931164545025931,
        0.6445073078736445,
        0.6798679867986799,
        0.6723243752946724,
        0.6944837340876945,
        0.7043847241867044,
        0.6831683168316832,
        0.7355021216407355,
        0.7015558698727016,
        0.694955209806695,
        0.7312588401697313,
        0.7557755775577558,
        0.7586044318717586,
        0.7487034417727487,
        0.7571900047147572,
        0.7732201791607732,
        0.7661480433757661,
        0.7609618104667609,
        0.7911362564827912,
        0.776991984912777,
        0.7817067421027817,
        0.7831211692597831,
        0.8071664309288071,
        0.7911362564827912,
        0.818010372465818,
        0.8114097123998114,
        0.8194247996228194,
        0.8118811881188119,
        0.8293257897218294,
        0.8368694012258369
    ],
    "val_loss": [
        3.0976385301159275,
        2.8602427117835543,
        2.6936895836333523,
        2.3992315195672522,
        2.4117901358186926,
        2.125260735437068,
        2.2326972363731277,
        2.0564773489253314,
        1.9573684903333812,
        1.8332433744509649,
        1.7758071829097062,
        1.6763532084803427,
        1.7381847750756048,
        1.5861719368789602,
        1.9153560515372985,
        1.703236804030458,
        1.3751248829925116,
        1.2818551481044786,
        1.3563339303715438,
        1.4654332877304148,
        1.2286090059763826,
        1.1672742289881552,
        1.1988346785444268,
        1.182636454358079,
        1.2206585440218174,
        1.0968428932576686,
        1.2370872673351094,
        1.1961488504014257,
        1.131038823984735,
        1.1941308931271601,
        1.201568603515625,
        1.0753464940506192,
        1.0997047951693908,
        1.0272877776677707,
        1.1116377307522682,
        1.1770797237273185,
        1.185849097467238,
        1.1208873696041546,
        1.0566555322040612,
        1.2667507751746112,
        1.420337870373704,
        1.0178402667770738,
        1.208842053391417,
        1.2741593743249569,
        1.3131965602048532,
        1.2916320238245247,
        1.0853425478605632,
        1.4735391502556163,
        1.2693983508694557,
        1.4508024294804867,
        1.4008867817540323,
        1.2552764470676123
    ],
    "val_accuracy": [
        0.059907834101382486,
        0.1935483870967742,
        0.18433179723502305,
        0.16129032258064516,
        0.22119815668202766,
        0.2672811059907834,
        0.25806451612903225,
        0.2995391705069124,
        0.34101382488479265,
        0.35023041474654376,
        0.35944700460829493,
        0.4377880184331797,
        0.4470046082949309,
        0.43317972350230416,
        0.4009216589861751,
        0.45622119815668205,
        0.48847926267281105,
        0.5391705069124424,
        0.4792626728110599,
        0.4930875576036866,
        0.5852534562211982,
        0.6082949308755761,
        0.631336405529954,
        0.5990783410138248,
        0.5668202764976958,
        0.6129032258064516,
        0.5806451612903226,
        0.6129032258064516,
        0.6082949308755761,
        0.631336405529954,
        0.6082949308755761,
        0.6728110599078341,
        0.6543778801843319,
        0.663594470046083,
        0.6682027649769585,
        0.7004608294930875,
        0.6589861751152074,
        0.6866359447004609,
        0.6820276497695853,
        0.6267281105990783,
        0.5852534562211982,
        0.6866359447004609,
        0.6543778801843319,
        0.6682027649769585,
        0.663594470046083,
        0.6451612903225806,
        0.6728110599078341,
        0.6175115207373272,
        0.6820276497695853,
        0.663594470046083,
        0.6728110599078341,
        0.6912442396313364
    ],
    "val_pct": 0.1,
    "patience_limit": 10,
    "batch_size": 32,
    "lr": 0.001,
    "max_mem0": 6557649408,
    "time": 312187.4532597065,
    "labels_list": [
        "Corn Gray leaf spot",
        "Soyabean leaf",
        "Bell_pepper leaf",
        "Tomato leaf",
        "Squash Powdery mildew leaf",
        "Potato leaf early blight",
        "Bell_pepper leaf spot",
        "Tomato leaf yellow virus",
        "Apple rust leaf",
        "Strawberry leaf",
        "Blueberry leaf",
        "Cherry leaf",
        "Peach leaf",
        "grape leaf",
        "Tomato Early blight leaf",
        "Apple leaf",
        "Tomato leaf mosaic virus",
        "Tomato leaf late blight",
        "Tomato Septoria leaf spot",
        "Potato leaf late blight",
        "Apple Scab Leaf",
        "Tomato mold leaf",
        "Corn leaf blight",
        "grape leaf black rot",
        "Corn rust leaf",
        "Raspberry leaf",
        "Tomato leaf bacterial spot"
    ],
    "patience": 10,
    "epoch": 51
}