{
    "train_loss": [
        3.1827425476507094,
        2.754428468528369,
        2.4287074745124113,
        2.2814732472665487,
        2.256137337470449,
        2.1502518746306145,
        2.0847831708037825,
        1.9510661384456265,
        1.9604011986554373,
        1.8830326305777187,
        1.8031754441858747,
        1.747584219858156,
        1.6281458933584516,
        1.56328125,
        1.5172584912455673,
        1.4374030363475176,
        1.3202531674793143,
        1.3533473238031914,
        1.211369911716903,
        1.1611287723478132,
        1.1375030012559102,
        1.0688664718158984,
        0.9564636663342199,
        1.0279676649305556,
        0.9135657921468676,
        0.9890711574689717,
        0.914766871675532,
        0.9030710928265366,
        0.8252042008348108,
        0.8001713024527187,
        0.8219030501994681,
        0.7588697501108156,
        0.7170612741023936,
        0.7222750327829491,
        0.7163999011894208,
        0.6468953739103133,
        0.7154401918956855,
        0.627814947177896,
        0.639856274471779,
        0.6352635448987884,
        0.7007205900007387,
        0.6470296223958333
    ],
    "train_accuracy": [
        0.075177304964539,
        0.11773049645390071,
        0.17163120567375886,
        0.19054373522458629,
        0.2028368794326241,
        0.23829787234042554,
        0.24349881796690306,
        0.26382978723404255,
        0.2718676122931442,
        0.29219858156028367,
        0.3191489361702128,
        0.34562647754137116,
        0.383451536643026,
        0.4037825059101655,
        0.43877068557919624,
        0.4515366430260047,
        0.4945626477541371,
        0.49976359338061466,
        0.550354609929078,
        0.566903073286052,
        0.577304964539007,
        0.5985815602836879,
        0.6245862884160757,
        0.6170212765957447,
        0.6557919621749408,
        0.6373522458628842,
        0.6605200945626477,
        0.660047281323877,
        0.6973995271867612,
        0.6874704491725768,
        0.6799054373522458,
        0.7125295508274232,
        0.7328605200945626,
        0.7271867612293145,
        0.7408983451536643,
        0.7555555555555555,
        0.7347517730496453,
        0.7631205673758865,
        0.7588652482269503,
        0.7531914893617021,
        0.7380614657210401,
        0.7683215130023641
    ],
    "val_loss": [
        3.0494773419983185,
        2.4921464449621635,
        2.285652468557315,
        2.4769289846377522,
        2.136605574945698,
        2.1090963731432173,
        2.064431502680073,
        1.8604574844976176,
        2.004533434128013,
        2.014690176788467,
        1.7511339401450392,
        1.728363037109375,
        1.8455079767201514,
        1.734791982334291,
        1.7598400714686098,
        1.3782874137296806,
        1.5014155777045963,
        1.3676495060257847,
        1.3698993220992153,
        1.377864136289588,
        1.4205653442930213,
        1.217098629528097,
        1.3346667097288396,
        1.3504612670351037,
        1.3796804111634668,
        1.0997149548723024,
        1.3228243840649523,
        1.1760838256288537,
        1.1152594185730802,
        1.4897092810660735,
        1.2673729866609444,
        1.0943607621128784,
        1.329665658719871,
        1.1558360283684836,
        1.2001864172418022,
        1.2419447278762612,
        1.226801029769829,
        1.193026008092769,
        1.1593699091753082,
        1.3917739936589126,
        1.4019156828054933,
        1.4318093612055074
    ],
    "val_accuracy": [
        0.06278026905829596,
        0.13004484304932734,
        0.242152466367713,
        0.19730941704035873,
        0.273542600896861,
        0.25112107623318386,
        0.27802690582959644,
        0.34080717488789236,
        0.3004484304932735,
        0.2645739910313901,
        0.34977578475336324,
        0.3273542600896861,
        0.3991031390134529,
        0.42152466367713004,
        0.38565022421524664,
        0.5112107623318386,
        0.49327354260089684,
        0.5201793721973094,
        0.5515695067264574,
        0.5336322869955157,
        0.5426008968609866,
        0.6098654708520179,
        0.5695067264573991,
        0.5426008968609866,
        0.5739910313901345,
        0.6233183856502242,
        0.5605381165919282,
        0.5964125560538116,
        0.6322869955156951,
        0.5605381165919282,
        0.5650224215246636,
        0.6098654708520179,
        0.5919282511210763,
        0.6322869955156951,
        0.5739910313901345,
        0.6143497757847534,
        0.6278026905829597,
        0.6188340807174888,
        0.6412556053811659,
        0.600896860986547,
        0.6143497757847534,
        0.5515695067264574
    ],
    "val_pct": 0.1,
    "patience_limit": 10,
    "batch_size": 32,
    "lr": 0.001,
    "max_mem0": 6529334272,
    "time": 63973.45003199577,
    "labels_list": [
        "Strawberry leaf",
        "Corn leaf blight",
        "Tomato Early blight leaf",
        "Cherry leaf",
        "Tomato leaf",
        "Bell_pepper leaf",
        "Apple Scab Leaf",
        "Tomato leaf bacterial spot",
        "Blueberry leaf",
        "Raspberry leaf",
        "Peach leaf",
        "Tomato leaf late blight",
        "Tomato leaf mosaic virus",
        "Bell_pepper leaf spot",
        "Soyabean leaf",
        "Potato leaf early blight",
        "Apple rust leaf",
        "Squash Powdery mildew leaf",
        "Apple leaf",
        "grape leaf black rot",
        "Corn rust leaf",
        "Tomato leaf yellow virus",
        "Tomato Septoria leaf spot",
        "Potato leaf late blight",
        "grape leaf",
        "Corn Gray leaf spot",
        "Tomato mold leaf"
    ],
    "patience": 10,
    "epoch": 41
}