{
    "train_loss": [
        3.172071601691419,
        2.901170585808581,
        2.6898633641265914,
        2.3419780524369402,
        2.0383789983351015,
        1.7952635107260726,
        1.7581024529629303,
        1.6740881503049858,
        1.645592876112388,
        1.5373448826467468,
        1.4775681844133075,
        1.4503705044053512,
        1.3767082937367396,
        1.3980997778907356,
        1.296713160434347,
        1.2563238292300212,
        1.2059373941021334,
        1.1243013042933758,
        1.1257111271953089,
        1.1318496351588283,
        1.0556848967541843,
        0.9643130520501827,
        0.9943846505186232,
        0.935007946944248,
        0.9067834605028583,
        0.930964202377269,
        0.8867033832987093,
        0.9362503476212577,
        0.776562638127652,
        0.7955503558168316,
        0.774541485259017,
        0.7730903391678453,
        0.7589488877040605,
        0.7833716407355021,
        0.7441909264866219,
        0.7647979031301567
    ],
    "train_accuracy": [
        0.07543611504007544,
        0.12871287128712872,
        0.1419141914191419,
        0.19896275341819897,
        0.2814710042432815,
        0.32296086751532294,
        0.33993399339933994,
        0.3625648279113626,
        0.371994342291372,
        0.41961338991041963,
        0.42715700141442714,
        0.42244224422442245,
        0.45591702027345593,
        0.46346063177746344,
        0.5162659123055162,
        0.5167373880245167,
        0.5318246110325319,
        0.570957095709571,
        0.5747289014615747,
        0.5662423385195663,
        0.5917020273455917,
        0.6190476190476191,
        0.6251768033946252,
        0.6364922206506365,
        0.6468646864686468,
        0.6421499292786421,
        0.6633663366336634,
        0.6539368222536539,
        0.7081565299387081,
        0.6977840641206978,
        0.7090994813767091,
        0.710985384252711,
        0.7213578500707214,
        0.7053276756247053,
        0.7251296558227251,
        0.719000471475719
    ],
    "val_loss": [
        2.9234346310663883,
        2.8712830433647754,
        2.4480317990351383,
        2.144843316847278,
        2.0433387580555156,
        1.8808941115981423,
        1.723703832670291,
        1.6799974573372696,
        1.6371541528657834,
        1.5321490731656826,
        1.7750186480684764,
        1.6107700892857142,
        1.730144307360671,
        1.4433135283158123,
        1.5292778894099222,
        1.616483626827117,
        1.4553402667770738,
        1.39463377218642,
        1.335043489658338,
        1.3693178238407258,
        1.2851412021619384,
        1.4285781790034562,
        1.2951317009288594,
        1.4016331263950892,
        1.3554129183017714,
        1.1200237362066172,
        1.386701452017929,
        1.2167434340797811,
        1.3945557203161003,
        1.2415793985815091,
        1.1949218187463997,
        1.5047750868555587,
        1.187852991341446,
        1.2386543520035282,
        1.1222388623496904,
        1.2097103277109735
    ],
    "val_accuracy": [
        0.14746543778801843,
        0.16589861751152074,
        0.2304147465437788,
        0.29493087557603687,
        0.3087557603686636,
        0.3640552995391705,
        0.43317972350230416,
        0.43317972350230416,
        0.4055299539170507,
        0.4423963133640553,
        0.39631336405529954,
        0.43317972350230416,
        0.391705069124424,
        0.511520737327189,
        0.4838709677419355,
        0.4147465437788018,
        0.4792626728110599,
        0.5207373271889401,
        0.5714285714285714,
        0.543778801843318,
        0.543778801843318,
        0.543778801843318,
        0.5299539170506913,
        0.5668202764976958,
        0.5668202764976958,
        0.5944700460829493,
        0.5576036866359447,
        0.5944700460829493,
        0.5990783410138248,
        0.6036866359447005,
        0.6359447004608295,
        0.5714285714285714,
        0.6267281105990783,
        0.6589861751152074,
        0.6451612903225806,
        0.6082949308755761
    ],
    "val_pct": 0.1,
    "patience_limit": 10,
    "batch_size": 32,
    "lr": 0.001,
    "max_mem0": 6724497408,
    "time": 42576.9995675087,
    "labels_list": [
        "Corn Gray leaf spot",
        "Soyabean leaf",
        "Bell_pepper leaf",
        "Tomato leaf",
        "Squash Powdery mildew leaf",
        "Potato leaf early blight",
        "Bell_pepper leaf spot",
        "Tomato leaf yellow virus",
        "Apple rust leaf",
        "Strawberry leaf",
        "Blueberry leaf",
        "Cherry leaf",
        "Peach leaf",
        "grape leaf",
        "Tomato Early blight leaf",
        "Apple leaf",
        "Tomato leaf mosaic virus",
        "Tomato leaf late blight",
        "Tomato Septoria leaf spot",
        "Potato leaf late blight",
        "Apple Scab Leaf",
        "Tomato mold leaf",
        "Corn leaf blight",
        "grape leaf black rot",
        "Corn rust leaf",
        "Raspberry leaf",
        "Tomato leaf bacterial spot"
    ],
    "patience": 10,
    "epoch": 35
}