{
    "train_loss": [
        3.26539939150165,
        2.7107461932019095,
        2.25990973818364,
        2.1230277673414664,
        1.9287629655822724,
        1.7965842412924329,
        1.7401430956432697,
        1.646030165237506,
        1.5637269188693423,
        1.5268091959865628,
        1.4598605647395098,
        1.4215118393814827,
        1.350166144544142,
        1.2873685945603488,
        1.1906440155734324,
        1.2015031511521688,
        1.0931035625884018,
        1.0959241292432815,
        1.0993872196929515,
        0.9609339892555103,
        1.0120098540266973,
        0.9114109095061291,
        0.8620740718742633,
        0.8737729084710927,
        0.9255586342674446,
        0.765811184564327,
        0.8192348165480611,
        0.7422648514851485,
        0.8868475540355375,
        0.682603720053925,
        0.7216307097367103,
        0.6183977284447195,
        0.733460134517916,
        0.6551905609087695,
        0.6714191211950437,
        0.6017117929705917,
        0.5853396374793729
    ],
    "train_accuracy": [
        0.06506364922206506,
        0.1504007543611504,
        0.22772277227722773,
        0.23998114097124,
        0.2894860914662895,
        0.3333333333333333,
        0.338991041961339,
        0.3592644978783593,
        0.3932107496463932,
        0.40924092409240925,
        0.4361150400754361,
        0.44271570014144274,
        0.4648750589344649,
        0.504007543611504,
        0.5285242809995285,
        0.5266383781235267,
        0.5780292314945781,
        0.5902876001885903,
        0.5766148043375766,
        0.6374351720886374,
        0.6294200848656294,
        0.6591230551626591,
        0.6718528995756718,
        0.6661951909476662,
        0.6577086280056577,
        0.7147571900047147,
        0.6944837340876945,
        0.7194719471947195,
        0.6737388024516737,
        0.7303158887317304,
        0.7171145685997171,
        0.759075907590759,
        0.7265440829797265,
        0.7496463932107497,
        0.7548326261197549,
        0.7637906647807637,
        0.7703913248467704
    ],
    "val_loss": [
        3.094293409778226,
        2.2708035658032113,
        2.0718876008064515,
        1.9641270791330645,
        1.8860091108330934,
        1.697916760422667,
        1.7059118033554148,
        1.8157466765372985,
        1.6498531218497985,
        1.6889898766021025,
        1.5811483497443837,
        1.5601210352462558,
        1.373929212719614,
        1.556917955249136,
        1.4966491136682747,
        1.3042958343083957,
        1.3882485666582662,
        1.2337249896493376,
        1.2440499160696286,
        1.455509027577765,
        1.1812583817864344,
        1.1636625369023617,
        1.4894957652289746,
        1.2705447992421515,
        1.3535963489163307,
        1.3387909638716877,
        1.0340117705033123,
        1.2746207944808468,
        1.1313034971738192,
        1.2178038144441243,
        1.0885364866476455,
        1.2372082125756048,
        1.3384625834803427,
        1.1295112574704782,
        1.1994967834191388,
        1.2686019405241935,
        1.1225479055659562
    ],
    "val_accuracy": [
        0.03225806451612903,
        0.25806451612903225,
        0.2857142857142857,
        0.31797235023041476,
        0.3456221198156682,
        0.39631336405529954,
        0.37327188940092165,
        0.29493087557603687,
        0.3778801843317972,
        0.391705069124424,
        0.3640552995391705,
        0.41935483870967744,
        0.5345622119815668,
        0.42857142857142855,
        0.5161290322580645,
        0.5576036866359447,
        0.5299539170506913,
        0.5852534562211982,
        0.5714285714285714,
        0.47465437788018433,
        0.5852534562211982,
        0.5944700460829493,
        0.5391705069124424,
        0.6175115207373272,
        0.5622119815668203,
        0.6175115207373272,
        0.6267281105990783,
        0.5668202764976958,
        0.6175115207373272,
        0.6451612903225806,
        0.6589861751152074,
        0.6082949308755761,
        0.6082949308755761,
        0.6451612903225806,
        0.6129032258064516,
        0.6451612903225806,
        0.6543778801843319
    ],
    "val_pct": 0.1,
    "patience_limit": 10,
    "batch_size": 32,
    "lr": 0.001,
    "max_mem0": 6725054464,
    "time": 76003.86088895798,
    "labels_list": [
        "Corn Gray leaf spot",
        "Soyabean leaf",
        "Bell_pepper leaf",
        "Tomato leaf",
        "Squash Powdery mildew leaf",
        "Potato leaf early blight",
        "Bell_pepper leaf spot",
        "Tomato leaf yellow virus",
        "Apple rust leaf",
        "Strawberry leaf",
        "Blueberry leaf",
        "Cherry leaf",
        "Peach leaf",
        "grape leaf",
        "Tomato Early blight leaf",
        "Apple leaf",
        "Tomato leaf mosaic virus",
        "Tomato leaf late blight",
        "Tomato Septoria leaf spot",
        "Potato leaf late blight",
        "Apple Scab Leaf",
        "Tomato mold leaf",
        "Corn leaf blight",
        "grape leaf black rot",
        "Corn rust leaf",
        "Raspberry leaf",
        "Tomato leaf bacterial spot"
    ],
    "patience": 10,
    "epoch": 36
}