{
    "train_loss": [
        3.1680193096187943,
        2.7988052692819148,
        2.386232315676714,
        2.3019766733156026,
        2.2231853945035462,
        2.09320677268026,
        2.070877890440307,
        1.9350742926270685,
        1.9306700650118203,
        1.8524653008643617,
        1.690342766511525,
        1.5749739121601656,
        1.6930729859264184,
        1.511952847960993,
        1.4591487514775414,
        1.418187264516844,
        1.2737799894725177,
        1.244680158466312,
        1.3092205507535462,
        1.147600726765662,
        1.1024583748891843,
        1.0546122377364067,
        1.0026886635638297,
        1.035064134530142,
        1.0059407552083333,
        0.929711279181442,
        0.9261606202903369,
        0.904342932734929,
        0.9656146687536938,
        0.7939296713393913,
        0.8301513094710402,
        0.7899238604462175,
        0.7828095564605496,
        0.7298488752216312,
        0.7514838901817376,
        0.6682469433362884,
        0.7009812375332447,
        0.6730628624593676,
        0.7015583444148936,
        0.6555948027482269,
        0.636662303302305,
        0.5704373984190307,
        0.6382299400672281,
        0.754998187703162,
        0.6191329487108451,
        0.6155796348625886,
        0.5283203702164598,
        0.4896124801455378,
        0.8097458859707447,
        0.5747335231050532,
        0.5099476049977837
    ],
    "train_accuracy": [
        0.08321513002364066,
        0.14940898345153664,
        0.18156028368794327,
        0.19101654846335697,
        0.23167848699763594,
        0.26666666666666666,
        0.26997635933806147,
        0.31016548463356974,
        0.3011820330969267,
        0.3262411347517731,
        0.3640661938534279,
        0.4189125295508274,
        0.3773049645390071,
        0.4557919621749409,
        0.47375886524822697,
        0.48274231678486995,
        0.5319148936170213,
        0.5394799054373522,
        0.5390070921985816,
        0.5777777777777777,
        0.5900709219858156,
        0.6193853427895981,
        0.6260047281323877,
        0.6132387706855792,
        0.6335697399527187,
        0.6491725768321513,
        0.6439716312056738,
        0.6657210401891253,
        0.640661938534279,
        0.68274231678487,
        0.6860520094562648,
        0.7035460992907802,
        0.6988179669030733,
        0.7323877068557919,
        0.706855791962175,
        0.7432624113475177,
        0.735224586288416,
        0.7546099290780142,
        0.7498817966903073,
        0.7531914893617021,
        0.7513002364066194,
        0.7796690307328605,
        0.76548463356974,
        0.7196217494089835,
        0.7692671394799054,
        0.7711583924349882,
        0.7929078014184398,
        0.8226950354609929,
        0.7243498817966904,
        0.7848699763593381,
        0.8094562647754137
    ],
    "val_loss": [
        3.541957427567965,
        2.3824898074026066,
        2.2952842541339686,
        2.186639896957329,
        2.4347301534473096,
        2.104152936037346,
        1.951668230407441,
        2.140536731668652,
        1.7986310608183858,
        1.8986947782371075,
        1.8119661476580018,
        1.7494421988859306,
        1.5866388568963705,
        1.615133653307175,
        1.5440541083502664,
        1.5586687438691142,
        1.6854685967278586,
        1.840550307201163,
        1.4693979853471832,
        1.3371483499159194,
        1.3717552835096694,
        1.39437072480206,
        1.274739492099916,
        1.2246118383022702,
        1.1579801961445488,
        1.225611939023963,
        1.159781964905059,
        1.4221113401678112,
        1.0795768429880186,
        1.220236329219801,
        1.198607166786365,
        1.0381297295403586,
        1.0879047205629904,
        1.0908279761070627,
        1.0464563754641956,
        1.072698618799047,
        1.1201373044685399,
        1.1854302786925448,
        1.0637449940223864,
        1.3036553763487948,
        0.9462005888934627,
        1.141275927624895,
        1.2771408012629624,
        1.1725071107325533,
        1.1071160149681194,
        1.131505991845922,
        0.9512014346272422,
        1.4917837921279429,
        1.1299374157003224,
        1.143830372079071,
        1.2472788720922086
    ],
    "val_accuracy": [
        0.04035874439461883,
        0.23318385650224216,
        0.16143497757847533,
        0.2242152466367713,
        0.2062780269058296,
        0.2600896860986547,
        0.34977578475336324,
        0.19282511210762332,
        0.38565022421524664,
        0.32286995515695066,
        0.34977578475336324,
        0.3632286995515695,
        0.4080717488789238,
        0.3901345291479821,
        0.4125560538116592,
        0.4484304932735426,
        0.3991031390134529,
        0.4349775784753363,
        0.515695067264574,
        0.5112107623318386,
        0.5426008968609866,
        0.5022421524663677,
        0.57847533632287,
        0.5560538116591929,
        0.5874439461883408,
        0.5605381165919282,
        0.6188340807174888,
        0.515695067264574,
        0.6188340807174888,
        0.5919282511210763,
        0.57847533632287,
        0.6547085201793722,
        0.6547085201793722,
        0.6278026905829597,
        0.6860986547085202,
        0.6681614349775785,
        0.6233183856502242,
        0.6322869955156951,
        0.6502242152466368,
        0.5560538116591929,
        0.6995515695067265,
        0.5964125560538116,
        0.6143497757847534,
        0.6188340807174888,
        0.6322869955156951,
        0.6098654708520179,
        0.6681614349775785,
        0.6188340807174888,
        0.6322869955156951,
        0.6547085201793722,
        0.6412556053811659
    ],
    "val_pct": 0.1,
    "patience_limit": 10,
    "batch_size": 32,
    "lr": 0.001,
    "max_mem0": 6695813632,
    "time": 93323.50803565979,
    "labels_list": [
        "Strawberry leaf",
        "Corn leaf blight",
        "Tomato Early blight leaf",
        "Cherry leaf",
        "Tomato leaf",
        "Bell_pepper leaf",
        "Apple Scab Leaf",
        "Tomato leaf bacterial spot",
        "Blueberry leaf",
        "Raspberry leaf",
        "Peach leaf",
        "Tomato leaf late blight",
        "Tomato leaf mosaic virus",
        "Bell_pepper leaf spot",
        "Soyabean leaf",
        "Potato leaf early blight",
        "Apple rust leaf",
        "Squash Powdery mildew leaf",
        "Apple leaf",
        "grape leaf black rot",
        "Corn rust leaf",
        "Tomato leaf yellow virus",
        "Tomato Septoria leaf spot",
        "Potato leaf late blight",
        "grape leaf",
        "Corn Gray leaf spot",
        "Tomato mold leaf"
    ],
    "patience": 10,
    "epoch": 50
}