{
    "train_loss": [
        3.076473683919731,
        2.5391195927628476,
        2.3565150669642856,
        2.2257095617485856,
        2.1881480489008722,
        2.1215180321045497,
        2.051018138923267,
        1.971202916887671,
        1.9028871672044436,
        1.8384073375250471,
        1.745883220436999,
        1.6958596006084983,
        1.5562799967217704,
        1.441320380642975,
        1.3975928494077086,
        1.3089948957228312,
        1.2672927762921382,
        1.1676713151225837,
        1.0941671455091937,
        1.0409319426641326,
        0.9617609134657885,
        1.0373641054116571,
        0.9316418911701438,
        0.8842843076857909,
        0.8590410188479786,
        0.7912928011551155,
        0.8075993460116101,
        0.7605498447445191,
        0.7428644981546145,
        0.736823542845356,
        0.7259082353547854,
        0.6400261590751709,
        0.6670523305818306,
        0.6113501103179514,
        0.6737878377681518,
        0.6529158286922442,
        0.7229306636020745,
        0.5475517679418611,
        0.5100918940247819,
        0.5055335088475366,
        0.5525091693739687,
        0.5613789789972301,
        0.5717780919414486,
        0.45152176960860146,
        0.5019213556400283
    ],
    "train_accuracy": [
        0.08863743517208864,
        0.15935879302215936,
        0.18246110325318246,
        0.20886374351720888,
        0.21735030645921735,
        0.24846770391324846,
        0.2597831211692598,
        0.2814710042432815,
        0.3008015087223008,
        0.32390381895332393,
        0.338991041961339,
        0.3785950023573786,
        0.4115983026874116,
        0.4464875058934465,
        0.4766619519094767,
        0.5007072135785007,
        0.5252239509665252,
        0.5502121640735502,
        0.5832154644035832,
        0.6016030174446017,
        0.6298915605846299,
        0.6091466289486092,
        0.6463932107496464,
        0.6643092880716643,
        0.6732673267326733,
        0.6916548797736917,
        0.7034417727487035,
        0.7105139085337105,
        0.7204148986327205,
        0.7256011315417256,
        0.7298444130127298,
        0.752003771805752,
        0.7463460631777463,
        0.7652050919377652,
        0.7430457331447431,
        0.7496463932107497,
        0.7265440829797265,
        0.7916077322017916,
        0.8048090523338048,
        0.8048090523338048,
        0.7840641206977841,
        0.7883074021687884,
        0.785007072135785,
        0.8250825082508251,
        0.8043375766148043
    ],
    "val_loss": [
        3.542792676231279,
        2.31520017281106,
        2.2144090503042193,
        2.231973111904162,
        2.448941701018865,
        2.1386541551159275,
        2.138619418517785,
        1.9914110596828196,
        1.869454801357287,
        1.8679261097710254,
        1.9813396963655674,
        1.6643347674251152,
        1.5649464690740207,
        1.8756553544426844,
        1.6027344031268,
        1.511278565578197,
        1.5991198280439949,
        1.2376022690452189,
        1.3562588318152362,
        1.234598608060916,
        1.1377619730162731,
        1.0996033980549755,
        1.1844068957913307,
        1.2466852566064228,
        1.2910201252880185,
        1.058108914283014,
        1.2778268277919786,
        1.2008004606044786,
        1.3052428636682747,
        1.0612901256930443,
        1.0821959324146746,
        1.6282192529071862,
        1.1946966637114775,
        1.0687892228227607,
        1.0357366465203772,
        1.6232049476166475,
        1.1469674527919786,
        1.1413053169777865,
        1.1618043398527507,
        1.232808618501584,
        1.1515441050727246,
        1.088345716625864,
        1.2760451356386808,
        1.09027345718876,
        1.3359463599420363
    ],
    "val_accuracy": [
        0.11059907834101383,
        0.24423963133640553,
        0.24423963133640553,
        0.2073732718894009,
        0.2304147465437788,
        0.271889400921659,
        0.2857142857142857,
        0.3087557603686636,
        0.35944700460829493,
        0.37327188940092165,
        0.3225806451612903,
        0.3778801843317972,
        0.46543778801843316,
        0.4423963133640553,
        0.4838709677419355,
        0.4608294930875576,
        0.4608294930875576,
        0.631336405529954,
        0.5668202764976958,
        0.5806451612903226,
        0.6589861751152074,
        0.6036866359447005,
        0.6221198156682027,
        0.5529953917050692,
        0.6221198156682027,
        0.6682027649769585,
        0.5990783410138248,
        0.6359447004608295,
        0.6267281105990783,
        0.663594470046083,
        0.695852534562212,
        0.5806451612903226,
        0.6774193548387096,
        0.6912442396313364,
        0.6728110599078341,
        0.5668202764976958,
        0.6175115207373272,
        0.6497695852534562,
        0.6774193548387096,
        0.6682027649769585,
        0.6682027649769585,
        0.663594470046083,
        0.663594470046083,
        0.6866359447004609,
        0.663594470046083
    ],
    "val_pct": 0.1,
    "patience_limit": 10,
    "batch_size": 32,
    "lr": 0.001,
    "max_mem0": 6724700160,
    "time": 67322.50405740738,
    "labels_list": [
        "Corn Gray leaf spot",
        "Soyabean leaf",
        "Bell_pepper leaf",
        "Tomato leaf",
        "Squash Powdery mildew leaf",
        "Potato leaf early blight",
        "Bell_pepper leaf spot",
        "Tomato leaf yellow virus",
        "Apple rust leaf",
        "Strawberry leaf",
        "Blueberry leaf",
        "Cherry leaf",
        "Peach leaf",
        "grape leaf",
        "Tomato Early blight leaf",
        "Apple leaf",
        "Tomato leaf mosaic virus",
        "Tomato leaf late blight",
        "Tomato Septoria leaf spot",
        "Potato leaf late blight",
        "Apple Scab Leaf",
        "Tomato mold leaf",
        "Corn leaf blight",
        "grape leaf black rot",
        "Corn rust leaf",
        "Raspberry leaf",
        "Tomato leaf bacterial spot"
    ],
    "patience": 10,
    "epoch": 44
}