{
    "train_loss": [
        3.125516367205917,
        2.6264429735384254,
        2.4149732216525224,
        2.2792948030852194,
        2.17566407170851,
        2.120863537246582,
        2.0355782299770158,
        1.9565284653465347,
        1.916273233071075,
        1.8024068973582625,
        1.6785060481494578,
        1.5849655417550683,
        1.463391567951438,
        1.4409028898146512,
        1.3336423939547972,
        1.2623667989008722,
        1.2280073152404527,
        1.116973056820191,
        1.1181907671793965,
        1.019656715950613,
        1.0710860148514851,
        1.0557040044127182,
        0.9763876534137789,
        0.8543721891022807,
        0.82010473299004,
        0.8691452292550683,
        0.8590152350195958,
        0.8211107627224776,
        0.7763196485664191,
        0.7486617157111917,
        0.7736926908371641,
        0.6844873208023927,
        0.6636644621493399,
        0.7962983170526874,
        0.6674843823668081,
        0.5974208574596299,
        0.6687952713379597,
        0.6543222559560643,
        0.593010441529644,
        0.6416073753720238,
        0.57984307777876
    ],
    "train_accuracy": [
        0.08722300801508723,
        0.1504007543611504,
        0.18623290900518624,
        0.20179160773220178,
        0.20179160773220178,
        0.22772277227722773,
        0.24328147100424327,
        0.2668552569542669,
        0.2871287128712871,
        0.32390381895332393,
        0.37482319660537483,
        0.41772748703441775,
        0.4535596416784536,
        0.45025931164545024,
        0.4893917963224894,
        0.5181518151815182,
        0.5275813295615276,
        0.5671852899575672,
        0.5884016973125884,
        0.6100895803866101,
        0.5992456388495992,
        0.6162187647336163,
        0.637906647807638,
        0.6756247053276756,
        0.6977840641206978,
        0.6713814238566714,
        0.6841112682696842,
        0.6845827439886846,
        0.7057991513437057,
        0.7123998114097124,
        0.71004243281471,
        0.7496463932107497,
        0.7515322960867515,
        0.7043847241867044,
        0.7477604903347478,
        0.7699198491277699,
        0.7416313059877416,
        0.7501178689297501,
        0.7727487034417727,
        0.7642621404997643,
        0.7788778877887789
    ],
    "val_loss": [
        2.945835939750144,
        2.439563663324453,
        2.271451185375864,
        2.2190264864451326,
        2.133311750702045,
        2.128745645971342,
        2.1238934916834675,
        2.1392989620085685,
        1.9453492054741504,
        1.8732972035210254,
        1.6348415673603112,
        1.6620998118879609,
        1.5651361843407978,
        1.4938943748649913,
        1.3966168522285427,
        1.6863550986013105,
        1.3489032516831077,
        1.268925539359519,
        1.3178741876980127,
        1.3460208172073012,
        1.6060148318242367,
        1.2965125861805156,
        1.3159891295542914,
        1.3267978369365638,
        1.1780095957391272,
        1.4035094652307747,
        1.3606440812211982,
        1.3456007434475807,
        1.2543275894657258,
        1.221681375108007,
        1.0588020992718534,
        1.2513773694016417,
        1.2055081837737616,
        1.1618649531069989,
        1.218065674953197,
        1.2253575478830645,
        1.2636478265859015,
        1.0811701480144729,
        1.7254638671875,
        1.1936476747011808,
        1.4699264034148185
    ],
    "val_accuracy": [
        0.17511520737327188,
        0.16129032258064516,
        0.20276497695852536,
        0.2534562211981567,
        0.28110599078341014,
        0.23963133640552994,
        0.2488479262672811,
        0.2857142857142857,
        0.3087557603686636,
        0.31336405529953915,
        0.3824884792626728,
        0.423963133640553,
        0.46543778801843316,
        0.45161290322580644,
        0.4838709677419355,
        0.4423963133640553,
        0.5253456221198156,
        0.5990783410138248,
        0.5299539170506913,
        0.576036866359447,
        0.5345622119815668,
        0.6175115207373272,
        0.576036866359447,
        0.6082949308755761,
        0.6543778801843319,
        0.6221198156682027,
        0.6267281105990783,
        0.6175115207373272,
        0.6497695852534562,
        0.6728110599078341,
        0.6866359447004609,
        0.6820276497695853,
        0.6543778801843319,
        0.6912442396313364,
        0.6267281105990783,
        0.695852534562212,
        0.5944700460829493,
        0.6728110599078341,
        0.5576036866359447,
        0.6497695852534562,
        0.6497695852534562
    ],
    "val_pct": 0.1,
    "patience_limit": 10,
    "batch_size": 32,
    "lr": 0.001,
    "max_mem0": 6724896768,
    "time": 55851.15336918831,
    "labels_list": [
        "Corn Gray leaf spot",
        "Soyabean leaf",
        "Bell_pepper leaf",
        "Tomato leaf",
        "Squash Powdery mildew leaf",
        "Potato leaf early blight",
        "Bell_pepper leaf spot",
        "Tomato leaf yellow virus",
        "Apple rust leaf",
        "Strawberry leaf",
        "Blueberry leaf",
        "Cherry leaf",
        "Peach leaf",
        "grape leaf",
        "Tomato Early blight leaf",
        "Apple leaf",
        "Tomato leaf mosaic virus",
        "Tomato leaf late blight",
        "Tomato Septoria leaf spot",
        "Potato leaf late blight",
        "Apple Scab Leaf",
        "Tomato mold leaf",
        "Corn leaf blight",
        "grape leaf black rot",
        "Corn rust leaf",
        "Raspberry leaf",
        "Tomato leaf bacterial spot"
    ],
    "patience": 10,
    "epoch": 40
}