{
    "train_loss": [
        3.2963791217291374,
        2.81672348317421,
        2.4320801011462754,
        2.2547868137818248,
        2.145945446944248,
        2.029319435849835,
        1.9543363795084865,
        1.8518692584939298,
        1.7954816373099363,
        1.6608413631541725,
        1.5543584108689887,
        1.494133488404644,
        1.3622944430324728,
        1.4207633026137436,
        1.29476797777434,
        1.2923615638628596,
        1.1606705452911363,
        1.165074285051273,
        1.0214559437249529,
        1.0397241314533239,
        1.0104811262376239,
        0.9275045075657119,
        0.9581551486621877,
        0.8607353271599482,
        0.8138010473759429,
        0.8643580126009253,
        0.7851670699994107,
        0.7802535816500177,
        0.8763252197150518,
        0.7878134231531412,
        0.676666418036893,
        0.7398072152360325,
        0.7159765694063827,
        0.6470601946494873,
        0.6803749728348951,
        0.6736325017127829,
        0.6026693629184346,
        0.6646756716687293,
        0.5886030759186409,
        0.556544683835013,
        0.6621805107408062,
        0.5697090548201026,
        0.597449116075112,
        0.5512894446531706,
        0.6749958216385255,
        0.5171078003447667
    ],
    "train_accuracy": [
        0.056577086280056574,
        0.1305987741631306,
        0.16831683168316833,
        0.1918906176331919,
        0.22065063649222066,
        0.24186704384724186,
        0.2512965582272513,
        0.29655822725129655,
        0.3177746346063178,
        0.36775106082036774,
        0.41254125412541254,
        0.4134842055634135,
        0.4780763790664781,
        0.44695898161244696,
        0.5035360678925035,
        0.5186232909005186,
        0.5544554455445545,
        0.5681282413955682,
        0.611975483262612,
        0.6115040075436114,
        0.6223479490806223,
        0.6539368222536539,
        0.6407355021216408,
        0.66996699669967,
        0.6902404526166902,
        0.6793965110796794,
        0.6944837340876945,
        0.6987270155586988,
        0.6647807637906648,
        0.7029702970297029,
        0.7501178689297501,
        0.7241867043847242,
        0.7251296558227251,
        0.7505893446487506,
        0.7421027817067422,
        0.751060820367751,
        0.7652050919377652,
        0.7595473833097596,
        0.7609618104667609,
        0.7826496935407826,
        0.7576614804337577,
        0.785950023573786,
        0.7788778877887789,
        0.7920792079207921,
        0.751060820367751,
        0.809052333804809
    ],
    "val_loss": [
        3.2761382353470623,
        2.509164836549539,
        2.280878726238479,
        2.254601825766849,
        2.0656606085289457,
        2.117800804876512,
        2.0385618429579493,
        1.9209212202080934,
        1.7996803670434909,
        1.6275719146025345,
        1.5127472064462126,
        1.575692875594038,
        1.7401871219758065,
        1.4640737788468463,
        1.4008106987597206,
        1.3398533131120391,
        1.3340528637582805,
        1.3744887954079061,
        1.2485908473142282,
        1.480152604766705,
        1.4153961322274626,
        1.182758524670579,
        1.1634373818674395,
        1.117900655016921,
        1.1763169249081942,
        1.198422620922739,
        1.102995349514869,
        1.3941647577944989,
        1.1146351335235456,
        1.237232401623704,
        1.1327404250747048,
        1.1739203105873777,
        1.274959722422235,
        1.1489791518532186,
        1.0228085144324237,
        1.0191231301303283,
        1.0941266178535427,
        1.1177029939291114,
        1.133748278639833,
        1.4530745123937931,
        1.534460674233151,
        1.2283997425835254,
        1.4083305394045218,
        1.3495112124675979,
        1.1224107170983944,
        1.1221986410255256
    ],
    "val_accuracy": [
        0.1336405529953917,
        0.10138248847926268,
        0.24423963133640553,
        0.1889400921658986,
        0.2764976958525346,
        0.23963133640552994,
        0.29493087557603687,
        0.3271889400921659,
        0.35944700460829493,
        0.45161290322580644,
        0.4838709677419355,
        0.4700460829493088,
        0.4147465437788018,
        0.47465437788018433,
        0.5161290322580645,
        0.46543778801843316,
        0.5207373271889401,
        0.5207373271889401,
        0.5668202764976958,
        0.48847926267281105,
        0.5161290322580645,
        0.5990783410138248,
        0.6129032258064516,
        0.631336405529954,
        0.6175115207373272,
        0.5944700460829493,
        0.631336405529954,
        0.5898617511520737,
        0.631336405529954,
        0.6082949308755761,
        0.6589861751152074,
        0.6221198156682027,
        0.5898617511520737,
        0.5944700460829493,
        0.6405529953917051,
        0.6866359447004609,
        0.6774193548387096,
        0.6267281105990783,
        0.6451612903225806,
        0.6175115207373272,
        0.5944700460829493,
        0.6820276497695853,
        0.6589861751152074,
        0.6405529953917051,
        0.6589861751152074,
        0.6682027649769585
    ],
    "val_pct": 0.1,
    "patience_limit": 10,
    "batch_size": 32,
    "lr": 0.001,
    "max_mem0": 6724792320,
    "time": 70015.83433651924,
    "labels_list": [
        "Corn Gray leaf spot",
        "Soyabean leaf",
        "Bell_pepper leaf",
        "Tomato leaf",
        "Squash Powdery mildew leaf",
        "Potato leaf early blight",
        "Bell_pepper leaf spot",
        "Tomato leaf yellow virus",
        "Apple rust leaf",
        "Strawberry leaf",
        "Blueberry leaf",
        "Cherry leaf",
        "Peach leaf",
        "grape leaf",
        "Tomato Early blight leaf",
        "Apple leaf",
        "Tomato leaf mosaic virus",
        "Tomato leaf late blight",
        "Tomato Septoria leaf spot",
        "Potato leaf late blight",
        "Apple Scab Leaf",
        "Tomato mold leaf",
        "Corn leaf blight",
        "grape leaf black rot",
        "Corn rust leaf",
        "Raspberry leaf",
        "Tomato leaf bacterial spot"
    ],
    "patience": 10,
    "epoch": 45
}