{
    "train_loss": [
        3.095593083303866,
        2.5932828983233143,
        2.342869206005422,
        2.333605675020627,
        2.231672532487624,
        2.1310633434995285,
        2.085905500427275,
        1.9225393940063649,
        1.818229650113449,
        1.7785180652551862,
        1.662427529025224,
        1.5177888847757544,
        1.451226895848067,
        1.3857682015411363,
        1.3135471227089226,
        1.2894557033828382,
        1.1945578625942952,
        1.0975186978798326,
        1.0854831751311291,
        1.094368006136551,
        0.9686290231980788,
        0.9412925824529997,
        0.9026246095591702,
        0.8787076339469885,
        0.8907143225483263,
        0.8334751443894389,
        0.7798127242272218,
        0.79480889809126,
        0.760809870049505,
        0.7630646313096712,
        0.7075427827380952,
        0.7502055799888024,
        0.6480791738493046,
        0.7169473765875471,
        0.6526025666880304,
        0.6669139151638378
    ],
    "train_accuracy": [
        0.08392267798208393,
        0.14804337576614804,
        0.17727487034417727,
        0.17727487034417727,
        0.20886374351720888,
        0.24045261669024046,
        0.2531824611032532,
        0.2927864214992928,
        0.32248939179632247,
        0.34417727487034416,
        0.36162187647336164,
        0.41725601131541723,
        0.4347006129184347,
        0.46534653465346537,
        0.504007543611504,
        0.5106082036775106,
        0.5304101838755304,
        0.5818010372465818,
        0.5803866100895804,
        0.5827439886845828,
        0.6360207449316361,
        0.6317774634606318,
        0.6412069778406412,
        0.6548797736916548,
        0.6628948609146629,
        0.6756247053276756,
        0.6907119283356907,
        0.7006129184347006,
        0.7161716171617162,
        0.7086280056577087,
        0.7322017916077322,
        0.7161716171617162,
        0.7571900047147572,
        0.743988684582744,
        0.7444601603017444,
        0.751060820367751
    ],
    "val_loss": [
        2.695952947238623,
        2.4111111548639115,
        2.443838655673963,
        2.29728030718966,
        2.162216397474438,
        2.098955848799323,
        2.0918548162082375,
        2.038672662550403,
        1.847533195249496,
        1.7155387632308468,
        1.5713962256084388,
        1.563723656439012,
        1.7411698723718319,
        1.5402691397249424,
        1.391175300844254,
        1.352791219263033,
        1.2724492648779522,
        1.2484070386754753,
        1.7083609444754464,
        1.2761185465869815,
        1.2304193874657978,
        1.2117000175511232,
        1.1714076028990856,
        1.1760097802509362,
        1.360979212044571,
        1.0323548910255256,
        1.2821570893037155,
        1.214583014562932,
        1.2767716508856566,
        1.5393700665592598,
        1.2222616309943837,
        1.0676795502412155,
        1.161479756579421,
        1.185518326297883,
        1.078774166546659,
        1.2979417088943692
    ],
    "val_accuracy": [
        0.16589861751152074,
        0.12903225806451613,
        0.15207373271889402,
        0.19815668202764977,
        0.29493087557603687,
        0.271889400921659,
        0.2626728110599078,
        0.2995391705069124,
        0.3824884792626728,
        0.3686635944700461,
        0.4423963133640553,
        0.41935483870967744,
        0.4377880184331797,
        0.4976958525345622,
        0.5207373271889401,
        0.5576036866359447,
        0.5898617511520737,
        0.5714285714285714,
        0.4930875576036866,
        0.5253456221198156,
        0.5806451612903226,
        0.6451612903225806,
        0.5898617511520737,
        0.6175115207373272,
        0.543778801843318,
        0.6682027649769585,
        0.6036866359447005,
        0.5898617511520737,
        0.5806451612903226,
        0.6129032258064516,
        0.6129032258064516,
        0.6451612903225806,
        0.6497695852534562,
        0.6129032258064516,
        0.6774193548387096,
        0.6221198156682027
    ],
    "val_pct": 0.1,
    "patience_limit": 10,
    "batch_size": 32,
    "lr": 0.001,
    "max_mem0": 6724798464,
    "time": 43236.10024046898,
    "labels_list": [
        "Corn Gray leaf spot",
        "Soyabean leaf",
        "Bell_pepper leaf",
        "Tomato leaf",
        "Squash Powdery mildew leaf",
        "Potato leaf early blight",
        "Bell_pepper leaf spot",
        "Tomato leaf yellow virus",
        "Apple rust leaf",
        "Strawberry leaf",
        "Blueberry leaf",
        "Cherry leaf",
        "Peach leaf",
        "grape leaf",
        "Tomato Early blight leaf",
        "Apple leaf",
        "Tomato leaf mosaic virus",
        "Tomato leaf late blight",
        "Tomato Septoria leaf spot",
        "Potato leaf late blight",
        "Apple Scab Leaf",
        "Tomato mold leaf",
        "Corn leaf blight",
        "grape leaf black rot",
        "Corn rust leaf",
        "Raspberry leaf",
        "Tomato leaf bacterial spot"
    ],
    "patience": 10,
    "epoch": 35
}