{
    "train_loss": [
        3.1731172280174444,
        2.6796904927657943,
        2.4305351433580857,
        2.2700455452911363,
        2.1841522461397926,
        2.1695070316183402,
        2.0577419628123526,
        1.9450281872495285,
        1.8877734697297854,
        1.9130333338858438,
        1.7074481652964404,
        1.6088557551346652,
        1.5015869716156884,
        1.4571600540355374,
        1.3045162217114568,
        1.2705502867530056,
        1.1709142070736092,
        1.1292247493443541,
        1.0326873333259665,
        1.0077750904275695,
        1.0272548878771806,
        0.9407575104608675,
        0.8836977831432696,
        0.8344881380576674,
        0.868586445349334,
        0.7970768965847478,
        0.7429744822975601,
        0.7674619826659005,
        0.8287725309221771,
        0.8692798461626297,
        0.6893506227715406,
        0.7193699629449553,
        0.6918492944439534,
        0.7280081785382779,
        0.6479817938546086
    ],
    "train_accuracy": [
        0.07920792079207921,
        0.1254125412541254,
        0.1702027345591702,
        0.18623290900518624,
        0.20273455917020272,
        0.23055162659123055,
        0.24563884959924565,
        0.2923149457802923,
        0.31211692597831214,
        0.3074021687883074,
        0.36020744931636023,
        0.3965110796793965,
        0.43564356435643564,
        0.44695898161244696,
        0.5143800094295143,
        0.5143800094295143,
        0.5379537953795379,
        0.5549269212635549,
        0.6006600660066007,
        0.6039603960396039,
        0.6185761433286185,
        0.635077793493635,
        0.6614804337576615,
        0.6845827439886846,
        0.6605374823196606,
        0.6907119283356907,
        0.7001414427157001,
        0.7072135785007072,
        0.6826968411126827,
        0.6723243752946724,
        0.7265440829797265,
        0.7194719471947195,
        0.7251296558227251,
        0.7142857142857143,
        0.7435172088637435
    ],
    "val_loss": [
        2.906283470892137,
        2.5595894387240783,
        2.3284308789512527,
        2.2462525257866504,
        2.2949708156322006,
        2.1042088099888394,
        2.0876882526731713,
        1.898101103470622,
        1.880483179048459,
        1.946697744905674,
        1.6873107066352246,
        1.729473905079925,
        1.5719259938886088,
        1.6415889054399482,
        1.3967369536650345,
        1.3885765251476094,
        1.6217247747605847,
        1.2108829340077765,
        1.223690191172235,
        1.6148352557063652,
        1.2422341904881913,
        1.2265619374639978,
        1.1470342539422522,
        1.1264452253069197,
        1.064622307702693,
        1.150398641138033,
        1.0963511664746544,
        1.2965587141327044,
        1.956988778531826,
        1.1051720122587845,
        1.135282736220118,
        1.1570886708624353,
        1.4311898930281537,
        1.1177609351373488,
        1.0906700450703846
    ],
    "val_accuracy": [
        0.16589861751152074,
        0.20276497695852536,
        0.2119815668202765,
        0.20276497695852536,
        0.22580645161290322,
        0.23963133640552994,
        0.2764976958525346,
        0.35944700460829493,
        0.3271889400921659,
        0.2995391705069124,
        0.41013824884792627,
        0.423963133640553,
        0.4700460829493088,
        0.4608294930875576,
        0.5253456221198156,
        0.5483870967741935,
        0.4423963133640553,
        0.6267281105990783,
        0.5668202764976958,
        0.4976958525345622,
        0.5944700460829493,
        0.6405529953917051,
        0.6589861751152074,
        0.631336405529954,
        0.6497695852534562,
        0.6543778801843319,
        0.6682027649769585,
        0.5852534562211982,
        0.4976958525345622,
        0.6405529953917051,
        0.6543778801843319,
        0.6543778801843319,
        0.6036866359447005,
        0.6405529953917051,
        0.6359447004608295
    ],
    "val_pct": 0.1,
    "patience_limit": 10,
    "batch_size": 32,
    "lr": 0.001,
    "max_mem0": 6724703232,
    "time": 41041.3618118763,
    "labels_list": [
        "Corn Gray leaf spot",
        "Soyabean leaf",
        "Bell_pepper leaf",
        "Tomato leaf",
        "Squash Powdery mildew leaf",
        "Potato leaf early blight",
        "Bell_pepper leaf spot",
        "Tomato leaf yellow virus",
        "Apple rust leaf",
        "Strawberry leaf",
        "Blueberry leaf",
        "Cherry leaf",
        "Peach leaf",
        "grape leaf",
        "Tomato Early blight leaf",
        "Apple leaf",
        "Tomato leaf mosaic virus",
        "Tomato leaf late blight",
        "Tomato Septoria leaf spot",
        "Potato leaf late blight",
        "Apple Scab Leaf",
        "Tomato mold leaf",
        "Corn leaf blight",
        "grape leaf black rot",
        "Corn rust leaf",
        "Raspberry leaf",
        "Tomato leaf bacterial spot"
    ],
    "patience": 10,
    "epoch": 34
}