{
    "train_loss": [
        3.236196673517798,
        2.6376803486710276,
        2.371388422324375,
        2.216448332891325,
        2.1879298072106317,
        2.072800179013437,
        2.034093357717468,
        1.9693135608203678,
        1.8785846427834747,
        1.7115640240084276,
        1.6262356669539721,
        1.475094087952322,
        1.3217353299225012,
        1.3004500889542079,
        1.1630105428232556,
        1.136859179779585,
        1.064078453743812,
        1.095950028178041,
        0.9161723423318895,
        0.9431017093757367,
        0.9279741991358734,
        0.8573843503211929,
        0.8490845474753949,
        0.8662458147321429,
        0.731642201957361,
        0.754372776144802,
        0.7285574661679337,
        0.6791942691758015,
        0.6736020560761433,
        0.6773749553387258,
        0.6496164195102546,
        0.6409928799799622,
        0.6942258382506777,
        0.6737423131961634,
        0.6060235627357379,
        0.5649523989089758,
        0.5147702200465583
    ],
    "train_accuracy": [
        0.0810938236680811,
        0.16077322017916076,
        0.18717586044318718,
        0.21122112211221122,
        0.2164073550212164,
        0.2347949080622348,
        0.2508250825082508,
        0.2692126355492692,
        0.28854314002828857,
        0.3517208863743517,
        0.40075436115040075,
        0.454974068835455,
        0.5162659123055162,
        0.5172088637435172,
        0.5695426685525695,
        0.5818010372465818,
        0.5921735030645922,
        0.6063177746346063,
        0.66996699669967,
        0.6393210749646393,
        0.6652522395096653,
        0.6793965110796794,
        0.6713814238566714,
        0.6742102781706742,
        0.7223008015087223,
        0.7293729372937293,
        0.7307873644507308,
        0.7388024516737388,
        0.7468175388967468,
        0.7312588401697313,
        0.7472890146157473,
        0.7496463932107497,
        0.7444601603017444,
        0.7534181989627534,
        0.7751060820367751,
        0.7911362564827912,
        0.7920792079207921
    ],
    "val_loss": [
        2.920709425403226,
        2.301992390012961,
        2.267665599348358,
        2.1733382967759938,
        2.2224903018793203,
        2.1216654272123416,
        2.1951232066352246,
        1.9847651187175979,
        1.9098036805605558,
        1.8449850477930587,
        1.6361553701936924,
        1.4091832033500145,
        1.6262928483672956,
        1.4459871213007633,
        1.2154598675565236,
        1.4756561138662874,
        1.4850972962269586,
        1.1240019908149121,
        1.213550057828701,
        1.1963444722962269,
        1.2500164541780674,
        1.1304468954763105,
        1.3498314360869095,
        1.145851521997408,
        1.2642635222404235,
        1.2553758753060196,
        0.9941238895539315,
        1.1826500958561348,
        1.2957322081113192,
        1.3660309259792627,
        1.1856929937265985,
        1.4109475975212413,
        1.3563446185555876,
        1.3326619934925836,
        1.1981745425457229,
        1.1414072766282042,
        1.249714091076829
    ],
    "val_accuracy": [
        0.14746543778801843,
        0.2488479262672811,
        0.2073732718894009,
        0.1935483870967742,
        0.20276497695852536,
        0.2764976958525346,
        0.2304147465437788,
        0.29493087557603687,
        0.35944700460829493,
        0.41935483870967744,
        0.41013824884792627,
        0.5161290322580645,
        0.4608294930875576,
        0.543778801843318,
        0.5898617511520737,
        0.5253456221198156,
        0.5069124423963134,
        0.631336405529954,
        0.5990783410138248,
        0.6082949308755761,
        0.5668202764976958,
        0.5990783410138248,
        0.5944700460829493,
        0.6129032258064516,
        0.631336405529954,
        0.6728110599078341,
        0.6405529953917051,
        0.6405529953917051,
        0.6359447004608295,
        0.6082949308755761,
        0.6820276497695853,
        0.5990783410138248,
        0.6036866359447005,
        0.6405529953917051,
        0.7096774193548387,
        0.6774193548387096,
        0.6774193548387096
    ],
    "val_pct": 0.1,
    "patience_limit": 10,
    "batch_size": 32,
    "lr": 0.001,
    "max_mem0": 6724274176,
    "time": 46386.960221767426,
    "labels_list": [
        "Corn Gray leaf spot",
        "Soyabean leaf",
        "Bell_pepper leaf",
        "Tomato leaf",
        "Squash Powdery mildew leaf",
        "Potato leaf early blight",
        "Bell_pepper leaf spot",
        "Tomato leaf yellow virus",
        "Apple rust leaf",
        "Strawberry leaf",
        "Blueberry leaf",
        "Cherry leaf",
        "Peach leaf",
        "grape leaf",
        "Tomato Early blight leaf",
        "Apple leaf",
        "Tomato leaf mosaic virus",
        "Tomato leaf late blight",
        "Tomato Septoria leaf spot",
        "Potato leaf late blight",
        "Apple Scab Leaf",
        "Tomato mold leaf",
        "Corn leaf blight",
        "grape leaf black rot",
        "Corn rust leaf",
        "Raspberry leaf",
        "Tomato leaf bacterial spot"
    ],
    "patience": 10,
    "epoch": 36
}