{
    "train_loss": [
        3.1883586935702497,
        2.8810918898809526,
        2.4950207283563177,
        2.2885012413071664,
        2.1314111949699432,
        1.9684357595915842,
        1.92326778715818,
        1.8301531743576143,
        1.7351749893181283,
        1.6584215969029938,
        1.5476147886831093,
        1.5589383784918671,
        1.4255071817170557,
        1.3766629418243164,
        1.3444513431532885,
        1.31306068316095,
        1.3439291055221594,
        1.1723547633781235,
        1.1678443200067774,
        1.068115234375,
        1.1192342064842644,
        1.0072222345002357,
        0.9712670311394979,
        0.9935461005642975,
        0.9315080800072195,
        0.9656395954885667,
        0.8284064350910537,
        0.8616278620049505,
        0.8048838714786657,
        0.9358826978540488,
        0.8481831494393859,
        0.79830381545409,
        0.792794421392474,
        0.6825721233535184,
        0.746432853385785,
        0.7067662175676273,
        0.6445100704266855,
        0.6373314612432225
    ],
    "train_accuracy": [
        0.08203677510608204,
        0.11975483262611976,
        0.16407355021216408,
        0.21876473361621876,
        0.23950966525223952,
        0.2824139556812824,
        0.297029702970297,
        0.314002828854314,
        0.3352192362093352,
        0.3752946723243753,
        0.404997642621405,
        0.38755304101838756,
        0.4563884959924564,
        0.4794908062234795,
        0.4743045733144743,
        0.5096652522395096,
        0.4691183404054691,
        0.5327675624705328,
        0.537010843941537,
        0.5832154644035832,
        0.5615275813295615,
        0.6072607260726073,
        0.6322489391796322,
        0.6138613861386139,
        0.6388495992456389,
        0.6383781235266384,
        0.6751532296086752,
        0.6586515794436586,
        0.6808109382366808,
        0.6360207449316361,
        0.6826968411126827,
        0.6968411126826969,
        0.7053276756247053,
        0.7364450730787364,
        0.702027345591702,
        0.7241867043847242,
        0.7322017916077322,
        0.7538896746817539
    ],
    "val_loss": [
        3.179063647573445,
        2.860020510062644,
        2.342308782762097,
        2.2913355673513105,
        1.9873326736661145,
        2.035420360653082,
        2.295474566622264,
        2.2510834443404377,
        1.7754495506462413,
        1.6397719141525058,
        1.6308297012258786,
        1.7217833347584246,
        1.4625387587305587,
        1.6409476143973214,
        1.4971032208561348,
        1.421852498559908,
        1.5515384234591014,
        1.4238527359501008,
        1.4011264220910138,
        1.4820896974906395,
        1.255938973844326,
        1.1212925361598143,
        1.2373924431163594,
        1.3737442790088565,
        1.476172100014401,
        1.2140999367709533,
        1.137206820298999,
        1.0513831635224655,
        1.3112129176267282,
        1.24105469312536,
        1.501291020125288,
        1.252613542266705,
        1.0747629332652289,
        1.4016402987291188,
        1.099647205546155,
        1.2060957526281681,
        1.0903813937842022,
        1.1127791866179435
    ],
    "val_accuracy": [
        0.06912442396313365,
        0.15207373271889402,
        0.22580645161290322,
        0.24423963133640553,
        0.33640552995391704,
        0.2995391705069124,
        0.2304147465437788,
        0.29493087557603687,
        0.41013824884792627,
        0.39631336405529954,
        0.41013824884792627,
        0.41935483870967744,
        0.5207373271889401,
        0.4377880184331797,
        0.5207373271889401,
        0.5161290322580645,
        0.45622119815668205,
        0.5069124423963134,
        0.5023041474654378,
        0.5253456221198156,
        0.5483870967741935,
        0.5990783410138248,
        0.5576036866359447,
        0.5529953917050692,
        0.5161290322580645,
        0.543778801843318,
        0.6036866359447005,
        0.6405529953917051,
        0.5806451612903226,
        0.6036866359447005,
        0.5668202764976958,
        0.576036866359447,
        0.6175115207373272,
        0.663594470046083,
        0.6589861751152074,
        0.6175115207373272,
        0.6682027649769585,
        0.6682027649769585
    ],
    "val_pct": 0.1,
    "patience_limit": 10,
    "batch_size": 32,
    "lr": 0.001,
    "max_mem0": 6724530176,
    "time": 47847.50261425972,
    "labels_list": [
        "Corn Gray leaf spot",
        "Soyabean leaf",
        "Bell_pepper leaf",
        "Tomato leaf",
        "Squash Powdery mildew leaf",
        "Potato leaf early blight",
        "Bell_pepper leaf spot",
        "Tomato leaf yellow virus",
        "Apple rust leaf",
        "Strawberry leaf",
        "Blueberry leaf",
        "Cherry leaf",
        "Peach leaf",
        "grape leaf",
        "Tomato Early blight leaf",
        "Apple leaf",
        "Tomato leaf mosaic virus",
        "Tomato leaf late blight",
        "Tomato Septoria leaf spot",
        "Potato leaf late blight",
        "Apple Scab Leaf",
        "Tomato mold leaf",
        "Corn leaf blight",
        "grape leaf black rot",
        "Corn rust leaf",
        "Raspberry leaf",
        "Tomato leaf bacterial spot"
    ],
    "patience": 10,
    "epoch": 37
}