{
    "train_loss": [
        3.2532140002504715,
        2.8179461431076143,
        2.443373648190712,
        2.3701328419672323,
        2.301708777183522,
        2.2776849253005658,
        2.168204948285007,
        2.155315796646629,
        2.12155509635785,
        2.0121446435938237,
        1.9162824415812116,
        1.8800321054705917,
        1.8276341864097123,
        1.7454716000338872,
        1.817985854807579,
        1.7284952511713225,
        1.6851633405528053,
        1.7549494590921146,
        1.6929322152360324,
        1.715912858026874,
        1.7320043841716761,
        1.5887055781471005,
        1.6272994800875178,
        1.5985491301641326,
        1.5550454808315652,
        1.480842730617928,
        1.4500363505937648,
        1.517814323285007,
        1.413825495970356,
        1.399479673134724,
        1.43116143715376,
        1.3372185188663956,
        1.3382288075347712,
        1.2353170305869872,
        1.271880110723126,
        1.1819247075377182,
        1.1738693330828618,
        1.276534552171735,
        1.2159115918567303,
        1.1362218357717468,
        1.1423306462900755,
        1.177133749926332,
        1.1542271205357142,
        1.1466947894566242,
        1.0551854501856435,
        1.0280218416651934,
        1.0726455911495167,
        1.0089459524914546,
        0.9881102019242103,
        1.0045166591156884
    ],
    "train_accuracy": [
        0.07449316360207449,
        0.14285714285714285,
        0.18010372465818011,
        0.19519094766619519,
        0.20697784064120697,
        0.22536539368222536,
        0.2248939179632249,
        0.24092409240924093,
        0.2536539368222537,
        0.29042904290429045,
        0.31966053748231965,
        0.3107024988213107,
        0.3338048090523338,
        0.3569071192833569,
        0.34276284771334276,
        0.3536067892503536,
        0.38425271098538427,
        0.35124941065535126,
        0.3823668081093824,
        0.3734087694483734,
        0.3668081093823668,
        0.4115983026874116,
        0.3899104196133899,
        0.4002828854314003,
        0.4229137199434229,
        0.4417727487034418,
        0.46298915605846297,
        0.4436586515794437,
        0.4662894860914663,
        0.4648750589344649,
        0.4677039132484677,
        0.4945780292314946,
        0.4860914662894861,
        0.520980669495521,
        0.5162659123055162,
        0.5483262611975483,
        0.5549269212635549,
        0.5134370579915134,
        0.5417256011315418,
        0.5610561056105611,
        0.553983969825554,
        0.561999057048562,
        0.5615275813295615,
        0.5643564356435643,
        0.6077322017916077,
        0.5964167845355964,
        0.6025459688826026,
        0.6195190947666195,
        0.6115040075436114,
        0.6232909005186232
    ],
    "val_loss": [
        3.2395672073012673,
        2.643924554921515,
        2.3678557927707375,
        2.417262486049107,
        2.243209627916187,
        2.2042925434727825,
        2.181946222683252,
        2.1659156342255903,
        2.1901290120067682,
        2.0229632821500574,
        1.9534417077692972,
        1.9009210964501728,
        1.729971468173963,
        1.791490967921947,
        1.9993231285552275,
        1.7551846130652362,
        1.8184822891165036,
        1.925363285750288,
        1.8001479750954061,
        2.2084567162298385,
        1.6704863798783123,
        1.6493014146655387,
        1.9270658009612616,
        1.6819469258532547,
        1.7620977586315525,
        1.577238302626368,
        1.9096578431019586,
        1.944566858528946,
        1.515623312391993,
        1.502350837953629,
        1.6170908844416043,
        1.703707787298387,
        1.5125684606314804,
        1.4351412865423387,
        1.485117406889041,
        1.4662076185375863,
        1.4375039377520162,
        1.317381828061996,
        1.4594048706617224,
        1.2978809550061203,
        1.76344728250108,
        1.4471743535336261,
        1.3876078381516417,
        1.5865852602066532,
        1.5233939034598214,
        1.3628390967021888,
        1.3188082787298387,
        1.3903233400687645,
        1.4638700001800116,
        1.3378371840797811
    ],
    "val_accuracy": [
        0.15207373271889402,
        0.18433179723502305,
        0.20276497695852536,
        0.2073732718894009,
        0.2626728110599078,
        0.21658986175115208,
        0.2764976958525346,
        0.22580645161290322,
        0.24423963133640553,
        0.3087557603686636,
        0.2995391705069124,
        0.31336405529953915,
        0.41013824884792627,
        0.39631336405529954,
        0.3456221198156682,
        0.4009216589861751,
        0.391705069124424,
        0.3456221198156682,
        0.35023041474654376,
        0.30414746543778803,
        0.4470046082949309,
        0.37327188940092165,
        0.3087557603686636,
        0.43317972350230416,
        0.4470046082949309,
        0.4608294930875576,
        0.3686635944700461,
        0.3824884792626728,
        0.4930875576036866,
        0.46543778801843316,
        0.4423963133640553,
        0.45161290322580644,
        0.4838709677419355,
        0.47465437788018433,
        0.45622119815668205,
        0.5023041474654378,
        0.5299539170506913,
        0.5483870967741935,
        0.511520737327189,
        0.543778801843318,
        0.4838709677419355,
        0.511520737327189,
        0.5207373271889401,
        0.48847926267281105,
        0.4976958525345622,
        0.543778801843318,
        0.543778801843318,
        0.5345622119815668,
        0.5299539170506913,
        0.5576036866359447
    ],
    "val_pct": 0.1,
    "patience_limit": 10,
    "batch_size": 32,
    "lr": 0.001,
    "max_mem0": 6724792320,
    "time": 82580.60757613182,
    "labels_list": [
        "Corn Gray leaf spot",
        "Soyabean leaf",
        "Bell_pepper leaf",
        "Tomato leaf",
        "Squash Powdery mildew leaf",
        "Potato leaf early blight",
        "Bell_pepper leaf spot",
        "Tomato leaf yellow virus",
        "Apple rust leaf",
        "Strawberry leaf",
        "Blueberry leaf",
        "Cherry leaf",
        "Peach leaf",
        "grape leaf",
        "Tomato Early blight leaf",
        "Apple leaf",
        "Tomato leaf mosaic virus",
        "Tomato leaf late blight",
        "Tomato Septoria leaf spot",
        "Potato leaf late blight",
        "Apple Scab Leaf",
        "Tomato mold leaf",
        "Corn leaf blight",
        "grape leaf black rot",
        "Corn rust leaf",
        "Raspberry leaf",
        "Tomato leaf bacterial spot"
    ],
    "patience": 10,
    "epoch": 49
}