{
    "train_loss": [
        3.2933235078530174,
        3.178781382602546,
        2.779157596284182,
        2.530386241749175,
        2.39065193489215,
        2.3623479674976426,
        2.3024726230993635,
        2.294776610752593,
        2.2411243775047147,
        2.231194150386021,
        2.1661219832920793,
        2.1519657406588872,
        2.144743045733145,
        2.1435758670733143,
        2.056869686689651,
        2.086672339108911,
        2.045184317538897,
        1.9525694966260019,
        1.921210260674505,
        1.9635372926243517,
        1.9020768183124115,
        1.8511170383221358,
        1.84167969670851,
        1.7138425547353842,
        1.7129432286141562,
        1.6681976965832743,
        1.7230664891265912,
        1.5838935560687766,
        1.5956182916003654,
        1.6221229161141562,
        1.5257711666814002,
        1.5373129981803983,
        1.47576676961781,
        1.4374027351116807,
        1.3740430055840405,
        1.3995317012169968,
        1.3156860294009312,
        1.3218749539574493,
        1.3174210278170675,
        1.255697535434347,
        1.223005252534182,
        1.3141339350173857,
        1.2371779553792432,
        1.218405026189003,
        1.3062436231067303,
        1.1760302250928218,
        1.1875382153170675,
        1.172641032936999,
        1.1188306435275224,
        1.096349677517975,
        1.1006601811129775,
        1.0567686232909006,
        1.0737668423650402,
        1.0597275478105845,
        1.019128032362388,
        1.033688643696959,
        1.010339430287895,
        1.014771486216702,
        1.0542290313015676,
        1.1303389790708982,
        0.9323957228312116,
        0.97577586302157,
        0.994600820294083,
        0.9764282859647572,
        1.030248114097124,
        0.9571445722278701,
        0.9654850651778347,
        0.9798933332228312,
        0.891969557586339,
        0.8960397766199611
    ],
    "train_accuracy": [
        0.056105610561056105,
        0.08297972654408298,
        0.12776991984912778,
        0.16124469589816123,
        0.19000471475719,
        0.20226308345120225,
        0.21074964639321075,
        0.22112211221122113,
        0.2281942479962282,
        0.22772277227722773,
        0.24092409240924093,
        0.23668081093823667,
        0.23903818953323905,
        0.24045261669024046,
        0.26166902404526166,
        0.24752475247524752,
        0.264969354078265,
        0.27015558698727016,
        0.2828854314002829,
        0.2838283828382838,
        0.2909005186232909,
        0.3107024988213107,
        0.3323903818953324,
        0.36020744931636023,
        0.3540782649693541,
        0.37906647807637905,
        0.3635077793493635,
        0.42055634134842057,
        0.4068835454974069,
        0.40358321546440357,
        0.43705799151343705,
        0.4417727487034418,
        0.4611032531824611,
        0.45733144743045734,
        0.48467703913248467,
        0.48514851485148514,
        0.5025931164545026,
        0.5087223008015087,
        0.5073078736445074,
        0.5186232909005186,
        0.5403111739745403,
        0.5068363979255068,
        0.5341819896275342,
        0.5417256011315418,
        0.5101367279585102,
        0.5520980669495521,
        0.5478547854785478,
        0.5544554455445545,
        0.5648279113625648,
        0.5719000471475719,
        0.5898161244695899,
        0.6067892503536068,
        0.5983026874115983,
        0.5917020273455917,
        0.5992456388495992,
        0.5992456388495992,
        0.6129184347006129,
        0.6129184347006129,
        0.6025459688826026,
        0.57001414427157,
        0.6322489391796322,
        0.628005657708628,
        0.6148043375766148,
        0.6313059877416313,
        0.6105610561056105,
        0.6313059877416313,
        0.6294200848656294,
        0.6393210749646393,
        0.6558227251296558,
        0.6624233851956625
    ],
    "val_loss": [
        3.3157725531934044,
        2.976329328827045,
        2.7727374239451326,
        2.4949844290034564,
        2.5206737606206797,
        2.299290248325893,
        2.4334573350194413,
        2.267756589546731,
        2.377148887528802,
        2.427251156574021,
        2.1066040882866504,
        2.159762474798387,
        2.1536243632092456,
        2.179950204313076,
        2.099403064921155,
        2.056191861904162,
        1.9794225736697149,
        2.020947715653802,
        1.9422368344074021,
        1.9650106825586837,
        1.9936436244419642,
        1.9157699374009938,
        1.7629163891489055,
        1.7507996449272754,
        1.8116095055083525,
        1.7799048357844902,
        1.718758016138033,
        1.6784364199308757,
        1.832896992907546,
        1.7859124390210974,
        1.867230252736175,
        1.6414709135134649,
        1.6595347883514544,
        1.6000360585577478,
        1.4923907161308323,
        1.515748757920507,
        1.7417014688940091,
        1.5300662836171515,
        1.4628966722620247,
        1.421248053625432,
        2.1173531668526784,
        1.406714092201901,
        1.475232664890553,
        1.5542708014562931,
        1.41423829250072,
        1.3696457823300692,
        1.3803335444718463,
        1.433838875063004,
        1.4108400125108007,
        1.3402002571914602,
        1.3300723590059764,
        1.453744352138537,
        1.4482426094020018,
        1.4971752254644297,
        1.3537009806127591,
        1.4197443948912731,
        1.336585682108655,
        1.4350041683917771,
        1.318287370391705,
        1.217057610437068,
        1.3783895606818837,
        1.3487108643703196,
        1.5285472957769297,
        1.434355986283122,
        1.4867290725356423,
        1.2350906864289315,
        1.4711975941460254,
        1.2448668589789746,
        1.4865673434349798,
        1.3484336747551844
    ],
    "val_accuracy": [
        0.10599078341013825,
        0.1382488479262673,
        0.17511520737327188,
        0.11059907834101383,
        0.18433179723502305,
        0.2119815668202765,
        0.2488479262672811,
        0.2350230414746544,
        0.22580645161290322,
        0.16129032258064516,
        0.28110599078341014,
        0.25806451612903225,
        0.28110599078341014,
        0.271889400921659,
        0.23963133640552994,
        0.31797235023041476,
        0.2903225806451613,
        0.3317972350230415,
        0.33640552995391704,
        0.3087557603686636,
        0.2626728110599078,
        0.2903225806451613,
        0.3640552995391705,
        0.391705069124424,
        0.37327188940092165,
        0.35944700460829493,
        0.4055299539170507,
        0.3778801843317972,
        0.41935483870967744,
        0.3456221198156682,
        0.3870967741935484,
        0.4423963133640553,
        0.41013824884792627,
        0.4838709677419355,
        0.511520737327189,
        0.4838709677419355,
        0.4147465437788018,
        0.4700460829493088,
        0.4838709677419355,
        0.4930875576036866,
        0.41013824884792627,
        0.4792626728110599,
        0.5023041474654378,
        0.511520737327189,
        0.47465437788018433,
        0.543778801843318,
        0.5852534562211982,
        0.511520737327189,
        0.5069124423963134,
        0.5944700460829493,
        0.5391705069124424,
        0.5161290322580645,
        0.4976958525345622,
        0.4930875576036866,
        0.576036866359447,
        0.5391705069124424,
        0.5898617511520737,
        0.5161290322580645,
        0.5990783410138248,
        0.5944700460829493,
        0.5483870967741935,
        0.5161290322580645,
        0.511520737327189,
        0.5668202764976958,
        0.47465437788018433,
        0.6175115207373272,
        0.5207373271889401,
        0.5852534562211982,
        0.5529953917050692,
        0.5852534562211982
    ],
    "val_pct": 0.1,
    "patience_limit": 10,
    "batch_size": 32,