{
    "train_loss": [
        3.2968791438295617,
        3.056228313958628,
        2.9114864192892504,
        2.7262088932107496,
        2.4874140385578736,
        2.4320759573167137,
        2.3592161532001414,
        2.3121615872524752,
        2.263947669878595,
        2.2436212650282887,
        2.2197610944130126,
        2.2491074651549976,
        2.1971169075612917,
        2.1700641464816126,
        2.1224388831182224,
        2.1281249079148985,
        1.9980570043611503,
        2.007005143873762,
        1.9884693338195427,
        1.844939048871405,
        1.9286600604814945,
        1.8219334279968176,
        1.7198734382366807,
        1.7457942432078029,
        1.7045160605625296,
        1.7033816872200613,
        1.6075944194586869,
        1.661187833348067,
        1.6289864791445663,
        1.5682373622406884,
        1.586338300403701,
        1.5092936888554926,
        1.455387991366101,
        1.5743839276505776,
        1.4429143737476426,
        1.3803038716260019,
        1.3520643638024517,
        1.442325834843529,
        1.3506364691993753,
        1.2654941240496818,
        1.2329764575229845,
        1.2249964777448727,
        1.174705811122407,
        1.2433300458952146,
        1.19205683124116,
        1.1531646886786893,
        1.1999153737918435,
        1.1341819205637083,
        1.1509250639070603,
        1.1976635477442834,
        1.0686040911568835,
        1.127859242397454,
        1.0792746824905706,
        1.1236626941153938,
        1.1019829835941184,
        1.1270034264866218,
        1.0034842700229845,
        1.1650665729240335,
        1.1513833023927393,
        1.006389209651992,
        0.9849752797545379,
        1.026923151299505,
        1.1118886930545733,
        0.9866333871110325,
        0.957053005105198,
        1.0429428510652405,
        0.9526681427908416,
        0.979045459651992,
        1.0096490222403938,
        0.9331444898117044,
        0.9276599011742692,
        0.9265204055980375,
        1.0211057901270038,
        0.964912583613272,
        0.9595960502858322,
        0.953623180398397
    ],
    "train_accuracy": [
        0.06836397925506836,
        0.1107967939651108,
        0.13342762847713344,
        0.14474304573314475,
        0.181989627534182,
        0.1966053748231966,
        0.1918906176331919,
        0.21263554926921263,
        0.20980669495520982,
        0.22395096652522395,
        0.22536539368222536,
        0.24092409240924093,
        0.24846770391324846,
        0.23573785950023574,
        0.24186704384724186,
        0.24186704384724186,
        0.2767562470532768,
        0.2814710042432815,
        0.27487034417727485,
        0.31117397454031115,
        0.2956152758132956,
        0.3371051390853371,
        0.3465346534653465,
        0.338991041961339,
        0.3686940122583687,
        0.3606789250353607,
        0.3913248467703913,
        0.3814238566713814,
        0.3950966525223951,
        0.4012258368694012,
        0.40075436115040075,
        0.4332861857614333,
        0.4493163602074493,
        0.39792550683639794,
        0.4464875058934465,
        0.47477604903347476,
        0.4794908062234795,
        0.4667609618104668,
        0.4926921263554927,
        0.5124941065535125,
        0.5167373880245167,
        0.5266383781235267,
        0.5426685525695427,
        0.5313531353135313,
        0.5431400282885431,
        0.553983969825554,
        0.5313531353135313,
        0.5624705327675624,
        0.5502121640735502,
        0.5483262611975483,
        0.5719000471475719,
        0.5681282413955682,
        0.5846298915605846,
        0.561999057048562,
        0.5756718528995757,
        0.5704856199905705,
        0.6138613861386139,
        0.5657708628005658,
        0.5643564356435643,
        0.6143328618576144,
        0.6143328618576144,
        0.6034889203206035,
        0.5813295615275813,
        0.6284771334276285,
        0.620933521923621,
        0.6077322017916077,
        0.6449787835926449,
        0.6185761433286185,
        0.6086751532296086,
        0.6341348420556341,
        0.6407355021216408,
        0.6346063177746346,
        0.6157472890146157,
        0.6181046676096181,
        0.6435643564356436,
        0.6322489391796322
    ],
    "val_loss": [
        3.293114728092598,
        2.9340741557459675,
        2.8074982111355125,
        2.6066534508208523,
        2.401538760980703,
        2.5146990657402073,
        2.3174286591841877,
        2.366844915574597,
        2.284146216607863,
        2.199888449110743,
        2.390954083561348,
        2.4883020638320854,
        2.2176548830375142,
        2.255286853983655,
        2.0841885755688363,
        2.10303226594002,
        2.0440572571644586,
        2.0214490758658554,
        1.918216547109015,
        2.451928204655098,
        1.83428955078125,
        1.7520763203845047,
        1.8326773225986464,
        1.7173148300241214,
        1.7582514187157978,
        1.7231334211639544,
        1.6773341306343605,
        1.683423864127304,
        1.6969029299125145,
        1.6985819592453917,
        1.7608587730864775,
        1.7586619293634793,
        1.5555045835433468,
        1.5695055421046946,
        1.5489181307603688,
        1.648485596828197,
        2.0041292955249137,
        1.471096900201613,
        1.4552706529467887,
        1.4252908592399913,
        1.4115098522555443,
        1.5341142926897322,
        1.6793274769585254,
        1.3646656511016706,
        1.4083635883946573,
        1.684199460640481,
        1.4686599942396312,
        1.3955750355522754,
        1.525716333345334,
        1.3982468002952189,
        1.3081372520341301,
        1.367948751845118,
        1.3373411679597493,
        1.4568513791132633,
        1.4015460739487327,
        1.370037869923675,
        1.3135429417482718,
        1.2892276043166762,
        1.2778678929201468,
        1.2924801874819989,
        1.328736336000504,
        1.3983106481314804,
        1.3869938301051268,
        1.3469151088169642,
        1.267424833939372,
        1.2314917217201902,
        1.2689684327296946,
        1.4433150752898185,
        1.3470586961315525,
        1.2640629781556019,
        1.328024165421587,
        1.2704093686995968,
        1.3467862880724366,
        1.247555640435988,
        1.3661832326018866,
        1.3562359084731423
    ],