{
    "train_loss": [
        3.3099955673758865,
        2.956974457003546,
        2.508938201832151,
        2.376625988105792,
        2.3391319906176125,
        2.2470483802452716,
        2.2049610760195035,
        2.0930243886672577,
        2.0131976765661936,
        1.88383488936909,
        1.8892812453826833,
        1.8328983820921987,
        1.8328574034057328,
        1.7956338652482269,
        1.7746246121453901,
        1.830497723662825,
        1.666815459700059,
        1.6176702404698582,
        1.6263514886229316,
        1.6815213827940307,
        1.5277940538194446,
        1.6226451684397163,
        1.4896071125147754,
        1.4471901318705673,
        1.5162446439125294,
        1.483062412270981,
        1.4434765394134161,
        1.414264507609338,
        1.357212825982565,
        1.3814790189125294,
        1.355504765070922,
        1.3379946300605792,
        1.3487311613475177,
        1.3497348505836289,
        1.231384594784279,
        1.2342817302009457,
        1.1901763122414302,
        1.1751652999408984,
        1.1922930056885344,
        1.1293009151521867,
        1.1210787437204492,
        1.1411722674719267,
        1.0716463273862293,
        1.1189652823950946,
        1.0927071790041372,
        1.0867657311982861,
        1.0085579657949173,
        1.0380127530289598,
        1.0145113031914894,
        1.099259959552305,
        1.0383664394946808,
        1.0203133080304374,
        0.920799569204344,
        0.9298003933953901,
        0.9063551016733156,
        0.916236852190455,
        0.9303392342641844,
        0.8399597600842199,
        0.9211372104942376,
        1.319681081929669,
        1.0026617676935579
    ],
    "train_accuracy": [
        0.06430260047281323,
        0.12529550827423167,
        0.1673758865248227,
        0.18865248226950354,
        0.20425531914893616,
        0.216548463356974,
        0.23404255319148937,
        0.2652482269503546,
        0.2718676122931442,
        0.3120567375886525,
        0.2851063829787234,
        0.3271867612293144,
        0.30591016548463357,
        0.3432624113475177,
        0.3399527186761229,
        0.3371158392434988,
        0.36737588652482267,
        0.3867612293144208,
        0.38912529550827424,
        0.36832151300236404,
        0.41749408983451536,
        0.4009456264775414,
        0.4335697399527187,
        0.4477541371158392,
        0.4297872340425532,
        0.4373522458628842,
        0.4562647754137116,
        0.466193853427896,
        0.4940898345153664,
        0.4553191489361702,
        0.484160756501182,
        0.49976359338061466,
        0.48983451536643025,
        0.49361702127659574,
        0.5229314420803782,
        0.5399527186761229,
        0.5494089834515367,
        0.5560283687943263,
        0.5418439716312057,
        0.5702127659574469,
        0.5711583924349882,
        0.5678486997635934,
        0.6009456264775414,
        0.5891252955082742,
        0.5843971631205673,
        0.5976359338061465,
        0.6245862884160757,
        0.6278959810874705,
        0.624113475177305,
        0.5943262411347517,
        0.6174940898345154,
        0.6184397163120567,
        0.6524822695035462,
        0.6553191489361702,
        0.6614657210401891,
        0.6638297872340425,
        0.6411347517730497,
        0.6903073286052009,
        0.660047281323877,
        0.5418439716312057,
        0.6264775413711584
    ],
    "val_loss": [
        3.2091012450077074,
        2.5318450243483746,
        2.369504646335482,
        2.312152948080157,
        2.3611168284052693,
        2.120821281398893,
        2.2966007523472536,
        2.2504470893620376,
        2.0442060119902608,
        2.1571957712216228,
        1.8220075256621358,
        1.7518785416812641,
        1.8020421870620795,
        1.9201843535419003,
        2.397726974145179,
        1.7342073585955018,
        1.8931679490435818,
        1.7266305145126821,
        1.9025632576022982,
        1.701497304599916,
        1.5895258471570208,
        1.6132567538274243,
        1.556922125709431,
        1.63602478301044,
        1.599069090702074,
        1.626151593811309,
        1.7780883515362247,
        1.4967309241872198,
        1.524382450120866,
        1.7748369293897142,
        1.91893614354155,
        1.5121407957889574,
        2.2201724202109023,
        1.4180607132847534,
        1.4808871008355522,
        1.273289428163537,
        1.4246442991521862,
        1.6765716963284754,
        1.6029608345887052,
        1.3781649328668022,
        1.3536828558541198,
        1.2525402120410594,
        1.407252564023963,
        1.4015753365418302,
        1.6362607126278728,
        1.4138730994254485,
        1.2045782114892798,
        1.2112562239437359,
        1.455100568420684,
        1.1102761580805074,
        1.5471660802182596,
        1.0898390286706487,
        1.0878648971762892,
        1.0852228686413958,
        1.0473967411058367,
        1.369042229759319,
        1.186335679126962,
        1.1741268688253224,
        1.3762895387384388,
        1.2187739487720712,
        1.2030727232518217
    ],
    "val_accuracy": [
        0.08520179372197309,
        0.21524663677130046,
        0.21973094170403587,
        0.2242152466367713,
        0.23766816143497757,
        0.2825112107623318,
        0.242152466367713,
        0.21973094170403587,
        0.25112107623318386,
        0.2556053811659193,
        0.35874439461883406,
        0.34080717488789236,
        0.34977578475336324,
        0.28699551569506726,
        0.24663677130044842,
        0.3632286995515695,
        0.3542600896860987,
        0.40358744394618834,
        0.25112107623318386,
        0.3991031390134529,
        0.3632286995515695,
        0.4349775784753363,
        0.43946188340807174,
        0.4170403587443946,
        0.4349775784753363,
        0.4170403587443946,
        0.3542600896860987,
        0.45739910313901344,
        0.4484304932735426,
        0.4170403587443946,
        0.34080717488789236,
        0.4439461883408072,
        0.31390134529147984,
        0.4349775784753363,
        0.47085201793721976,
        0.5067264573991032,
        0.48878923766816146,
        0.4618834080717489,
        0.4663677130044843,
        0.49327354260089684,
        0.5067264573991032,
        0.5739910313901345,
        0.5381165919282511,
        0.48878923766816146,
        0.4484304932735426,
        0.5515695067264574,
        0.5874439461883408,
        0.5695067264573991,
        0.49327354260089684,
        0.6098654708520179,
        0.45739910313901344,
        0.6053811659192825,
        0.6233183856502242,
        0.5964125560538116,
        0.6098654708520179,
        0.5246636771300448,
        0.5919282511210763,
        0.6098654708520179,
        0.5829596412556054,
        0.5560538116591929,
        0.5829596412556054
    ],
    "val_pct": 0.1,
    "patience_limit": 10,
    "batch_size": 32,
    "lr": 0.001,
    "max_mem0": 6695813632,
    "time": 133035.5705997944,
    "labels_list": [
        "Strawberry leaf",
        "Corn leaf blight",
        "Tomato Early blight leaf",
        "Cherry leaf",
        "Tomato leaf",
        "Bell_pepper leaf",
        "Apple Scab Leaf",
        "Tomato leaf bacterial spot",
        "Blueberry leaf",
        "Raspberry leaf",
        "Peach leaf",
        "Tomato leaf late blight",
        "Tomato leaf mosaic virus",
        "Bell_pepper leaf spot",
        "Soyabean leaf",
        "Potato leaf early blight",
        "Apple rust leaf",
        "Squash Powdery mildew leaf",
        "Apple leaf",
        "grape leaf black rot",
        "Corn rust leaf",
        "Tomato leaf yellow virus",
        "Tomato Septoria leaf spot",
        "Potato leaf late blight",
        "grape leaf",
        "Corn Gray leaf spot",
        "Tomato mold leaf"
    ],
    "patience": 6,
    "epoch": 60
}