{
    "train_loss": [
        3.281564931046676,
        2.9055363404644035,
        2.629155800624705,
        2.481197603577322,
        2.441448148721122,
        2.3077546245137905,
        2.2867456388495992,
        2.2326527783916785,
        2.26543576511669,
        2.1799255399870345,
        2.130710197135785,
        2.058778841053748,
        2.0036350593764736,
        2.0550581425330035,
        1.9723355636344884,
        1.8967160841363153,
        1.8777359634679986,
        1.8373329346048444,
        1.7591936614141326,
        1.6940280279423032,
        1.7341163559715347,
        1.6851061326835808,
        1.6161624777154056,
        1.5604976094707685,
        1.5489449579723598,
        1.4921477883000354,
        1.4632766917874822,
        1.4244757134753654,
        1.3743254766324846,
        1.3923208622480552,
        1.282715649494637,
        1.346934533018034,
        1.2185536285213343,
        1.2372545011197549,
        1.2422292836147455,
        1.2318633788602074,
        1.1983576391958393,
        1.1977857907163485,
        1.1311915720031824,
        1.1299805378138261,
        1.0725510888142387,
        1.1508631366763908,
        1.0646059862682697,
        1.0830416537747525,
        1.0505194980993635,
        1.033246635210396,
        1.0105983045291136,
        1.056039999926332,
        1.0245266365364214,
        1.050487613633015,
        0.9862614784078855,
        0.9171386603643623,
        1.0172871360796794,
        1.0007816874042315,
        0.9136455271503713,
        0.9648079519168434,
        0.9296530256401756,
        0.9476001241307166,
        0.8529438916268859,
        1.0289918431017209,
        0.8710680237248055,
        0.8466326089919259,
        0.8307838997487919,
        0.8538196209408887,
        0.7989358645685997,
        0.7451403238817186,
        0.8772881421094119,
        0.8463430013481259,
        0.7862159193039839,
        0.7308777805096358
    ],
    "train_accuracy": [
        0.06977840641206978,
        0.10655351249410655,
        0.13814238566713813,
        0.16313059877416314,
        0.19141914191419143,
        0.20603488920320603,
        0.20980669495520982,
        0.22206506364922207,
        0.21263554926921263,
        0.23149457802923148,
        0.24233851956624233,
        0.25836869401225837,
        0.2677982083922678,
        0.26449787835926447,
        0.272984441301273,
        0.30928807166430927,
        0.28618576143328617,
        0.30363036303630364,
        0.34417727487034416,
        0.36586515794436586,
        0.3474776049033475,
        0.3569071192833569,
        0.3913248467703913,
        0.4101838755304102,
        0.40405469118340404,
        0.4276284771334276,
        0.43847241867043846,
        0.44554455445544555,
        0.4766619519094767,
        0.4752475247524752,
        0.5106082036775106,
        0.49316360207449317,
        0.5351249410655351,
        0.5308816595945309,
        0.5294672324375295,
        0.5374823196605375,
        0.5473833097595474,
        0.5558698727015559,
        0.5785007072135785,
        0.5723715228665723,
        0.5785007072135785,
        0.5657708628005658,
        0.5964167845355964,
        0.5917020273455917,
        0.6016030174446017,
        0.6124469589816125,
        0.6152758132956153,
        0.6058462989156058,
        0.6053748231966054,
        0.6162187647336163,
        0.6251768033946252,
        0.6506364922206507,
        0.6214049976426214,
        0.6181046676096181,
        0.6558227251296558,
        0.6459217350306459,
        0.6449787835926449,
        0.6430928807166431,
        0.6765676567656765,
        0.6218764733616219,
        0.669024045261669,
        0.6718528995756718,
        0.6855256954266855,
        0.6751532296086752,
        0.6963696369636964,
        0.7133427628477134,
        0.6558227251296558,
        0.6765676567656765,
        0.7039132484677039,
        0.7208863743517209
    ],
    "val_loss": [
        3.15013185843894,
        2.774922313778082,
        2.6280860725086406,
        2.491012924827189,
        2.3037823795722927,
        2.2518842143397175,
        2.312527845532114,
        2.137188045659922,
        2.3001820085235454,
        2.1284449704781108,
        2.12381839312716,
        2.1413287325388826,
        2.057974116593462,
        2.241218531736031,
        1.8159300632740496,
        1.8641998712917627,
        1.9734837404593895,
        1.8154607676141272,
        1.7887789818548387,
        1.8007067139796946,
        1.9627179264472927,
        1.803925544984879,
        1.6488748717417914,
        1.6470912107124855,
        1.5721074117493519,
        1.6714246899301555,
        1.9755516228038594,
        1.7871026245679724,
        1.616006596297163,
        1.61924314718642,
        1.5558328233006913,
        1.4574774816838278,
        1.5420433782762097,
        1.4235531855288739,
        1.8680737754716301,
        1.422444567702333,
        1.4207666634414602,
        1.5106336180515554,
        1.5538934804327478,
        1.3164453462521601,
        1.2592554048459101,
        1.322349161596342,
        1.4199725032402073,
        1.3038455242385512,
        1.4559129284274193,
        1.6543600196662587,
        1.2325608213925692,
        1.4483184111283123,
        1.3021279611895162,
        1.308661113686276,
        1.3634628084947438,
        1.3271664386520738,
        1.2298467258154522,
        1.4151310371363768,
        1.3721649591823877,
        1.2506817936347927,
        1.3714270525813652,
        1.2389828730288739,
        1.5284021614883352,
        1.0907345960766488,
        1.4169857183359735,
        1.2323869977678572,
        1.6119913549467166,
        1.1874282766597062,
        1.2472297914566532,
        1.2404190274427562,
        1.3032596429921515,
        1.3165361958165323,
        1.2587958129320276,
        1.3542116226688508
    ],
    "val_accuracy": [
        0.10599078341013825,
        0.11981566820276497,
        0.12442396313364056,
        0.2073732718894009,
        0.2350230414746544,
        0.2350230414746544,
        0.2534562211981567,
        0.271889400921659,
        0.1889400921658986,
        0.24423963133640553,
        0.25806451612903225,
        0.271889400921659,
        0.2672811059907834,
        0.2903225806451613,
        0.4009216589861751,
        0.31797235023041476,
        0.2626728110599078,
        0.33640552995391704,
        0.3548387096774194,
        0.3317972350230415,
        0.29493087557603687,
        0.4055299539170507,
        0.423963133640553,
        0.4009216589861751,
        0.42857142857142855,
        0.3778801843317972,
        0.3640552995391705,
        0.43317972350230416,
        0.4147465437788018,
        0.4792626728110599,
        0.41935483870967744,
        0.5023041474654378,
        0.4976958525345622,
        0.4470046082949309,
        0.4147465437788018,
        0.5161290322580645,
        0.5253456221198156,
        0.48847926267281105,
        0.4976958525345622,
        0.576036866359447,
        0.6129032258064516,
        0.5898617511520737,
        0.5483870967741935,
        0.5483870967741935,
        0.5529953917050692,
        0.47465437788018433,
        0.631336405529954,
        0.5161290322580645,
        0.5898617511520737,
        0.5806451612903226,
        0.5898617511520737,
        0.5806451612903226,
        0.6036866359447005,
        0.5714285714285714,
        0.5714285714285714,
        0.5944700460829493,
        0.5944700460829493,
        0.6267281105990783,
        0.5668202764976958,
        0.6267281105990783,
        0.5852534562211982,
        0.5944700460829493,
        0.5529953917050692,
        0.6175115207373272,
        0.5806451612903226,
        0.5990783410138248,
        0.5990783410138248,
        0.5990783410138248,
        0.6036866359447005,
        0.6036866359447005
    ],
    "val_pct": 0.1,
    "patience_limit": 10,