{
    "train_loss": [
        3.271619279673503,
        2.726798007646747,
        2.5405462211957803,
        2.363503175094295,
        2.2748270641796324,
        2.3141430284211455,
        2.218019995358911,
        2.05516634252711,
        1.9446273868458275,
        1.877523361990217,
        1.8851865690196252,
        1.790787714374116,
        1.7614794438428218,
        1.750898175057461,
        1.7186251095812706,
        1.7022420189842644,
        1.6413386595355963,
        1.6051650993782414,
        1.6271638847757544,
        1.5596612465376003,
        1.5568662334983498,
        1.5762009969133075,
        1.5019912252106906,
        1.4892060146304809,
        1.5422151485516855,
        1.4657895790974187,
        1.3755297195456153,
        1.3279541821369636,
        1.3739653087797619,
        1.2767364487564827,
        1.3052667152876003,
        1.247568492898397,
        1.3707760564002829,
        1.2770998395877535,
        1.1770962252475248,
        1.2302791697975601,
        1.15162951493252,
        1.1110350641648987,
        1.0923842628403466,
        1.0995827854269802,
        1.1171033572386257,
        1.0488737071251768,
        1.089467467254538,
        1.0346036242854195,
        1.0023160554057637,
        0.9508625841657826,
        1.025986876031353,
        1.0175236796838165,
        0.9301817092284005,
        0.9868644056090877,
        0.9227681103768859,
        0.896062797895303,
        0.9209938031331035
    ],
    "train_accuracy": [
        0.06977840641206978,
        0.1404997642621405,
        0.1735030645921735,
        0.19377652050919378,
        0.21876473361621876,
        0.20556341348420556,
        0.22536539368222536,
        0.2668552569542669,
        0.29655822725129655,
        0.3144743045733145,
        0.30645921735030646,
        0.347949080622348,
        0.3517208863743517,
        0.3592644978783593,
        0.37152286657237155,
        0.3724658180103725,
        0.36916548797736914,
        0.3913248467703913,
        0.39745403111739747,
        0.40641206977840644,
        0.40546911834040544,
        0.39933993399339934,
        0.42715700141442714,
        0.4361150400754361,
        0.4148986327204149,
        0.4521452145214521,
        0.46723243752946725,
        0.48797736916548795,
        0.47619047619047616,
        0.49834983498349833,
        0.4969354078264969,
        0.5157944365865158,
        0.4893917963224894,
        0.5261669024045261,
        0.5388967468175389,
        0.5275813295615276,
        0.5586987270155587,
        0.5766148043375766,
        0.5893446487505893,
        0.5770862800565771,
        0.5752003771805752,
        0.5978312116925978,
        0.5874587458745875,
        0.6086751532296086,
        0.6294200848656294,
        0.628005657708628,
        0.6152758132956153,
        0.611975483262612,
        0.6454502593116455,
        0.6383781235266384,
        0.6506364922206507,
        0.6553512494106554,
        0.6553512494106554
    ],
    "val_loss": [
        3.061386459983439,
        2.5490475140408986,
        2.5374148320492513,
        2.3121582593786,
        2.3556836387528803,
        2.228387648059476,
        2.102286343200965,
        1.9836920812932028,
        1.9469832319268434,
        1.9430211502286145,
        2.0275350122407834,
        1.9035516554309475,
        1.7966167959749424,
        1.6854141165034562,
        1.8694737869473645,
        1.6908036333075316,
        1.8511633807063652,
        1.5970458984375,
        1.7387554678499424,
        1.6418953469272033,
        1.6586613105738768,
        1.6655104676699308,
        1.5473216535858294,
        1.7470870479460685,
        1.5718298002322149,
        1.579653550952261,
        1.4221116870229695,
        1.5100743166312645,
        1.5517123877178138,
        1.3365557270665323,
        1.5027737243933612,
        1.5439169044318837,
        1.338798136205717,
        1.4748082314768145,
        1.3750538628222206,
        1.3130999446464573,
        1.2680243566838278,
        1.3247291107880905,
        1.4911341513356855,
        1.2236517980900778,
        1.176586660921299,
        1.4026732554633496,
        1.147169192265805,
        1.1757462321338565,
        1.252412576279882,
        1.466627692297307,
        1.3524619950676844,
        1.2051443636142714,
        1.3514670095136088,
        1.3520393898959533,
        1.3213810371363768,
        1.2442383656304004,
        1.3981449812788018
    ],
    "val_accuracy": [
        0.15207373271889402,
        0.12903225806451613,
        0.16129032258064516,
        0.1889400921658986,
        0.22580645161290322,
        0.1889400921658986,
        0.2857142857142857,
        0.33640552995391704,
        0.3225806451612903,
        0.25806451612903225,
        0.33640552995391704,
        0.3640552995391705,
        0.391705069124424,
        0.41013824884792627,
        0.3686635944700461,
        0.4147465437788018,
        0.30414746543778803,
        0.4470046082949309,
        0.41013824884792627,
        0.4377880184331797,
        0.4147465437788018,
        0.4470046082949309,
        0.4470046082949309,
        0.41013824884792627,
        0.4055299539170507,
        0.47465437788018433,
        0.5023041474654378,
        0.42857142857142855,
        0.4009216589861751,
        0.5069124423963134,
        0.45622119815668205,
        0.48847926267281105,
        0.5806451612903226,
        0.47465437788018433,
        0.5207373271889401,
        0.5299539170506913,
        0.5668202764976958,
        0.5714285714285714,
        0.5023041474654378,
        0.5806451612903226,
        0.6129032258064516,
        0.5576036866359447,
        0.6359447004608295,
        0.6036866359447005,
        0.6175115207373272,
        0.5345622119815668,
        0.511520737327189,
        0.576036866359447,
        0.5852534562211982,
        0.5852534562211982,
        0.5345622119815668,
        0.6267281105990783,
        0.5299539170506913
    ],
    "val_pct": 0.1,
    "patience_limit": 10,
    "batch_size": 32,
    "lr": 0.001,
    "max_mem0": 6724703232,
    "time": 96384.14754486084,
    "labels_list": [
        "Corn Gray leaf spot",
        "Soyabean leaf",
        "Bell_pepper leaf",
        "Tomato leaf",
        "Squash Powdery mildew leaf",
        "Potato leaf early blight",
        "Bell_pepper leaf spot",
        "Tomato leaf yellow virus",
        "Apple rust leaf",
        "Strawberry leaf",
        "Blueberry leaf",
        "Cherry leaf",
        "Peach leaf",
        "grape leaf",
        "Tomato Early blight leaf",
        "Apple leaf",
        "Tomato leaf mosaic virus",
        "Tomato leaf late blight",
        "Tomato Septoria leaf spot",
        "Potato leaf late blight",
        "Apple Scab Leaf",
        "Tomato mold leaf",
        "Corn leaf blight",
        "grape leaf black rot",
        "Corn rust leaf",
        "Raspberry leaf",
        "Tomato leaf bacterial spot"
    ],
    "patience": 10,
    "epoch": 52
}