{
    "train_loss": [
        3.308720957077423,
        3.0487002253250592,
        2.816404633939125,
        2.5028800513445626,
        2.4459245253398345,
        2.4130753176713946,
        2.3036520667109928,
        2.287686770463948,
        2.2703849918735224,
        2.240166962174941,
        2.234434794252364,
        2.236527131353428,
        2.173200400783097,
        2.1186842032358157,
        2.1341044252364068,
        2.0921300144060284,
        2.069635601359338,
        2.115641853206265,
        2.3758904495419624,
        2.084333213283097,
        2.063501265144799,
        2.0305073045951536,
        2.0264461436170214,
        1.9839730625738772,
        1.970493498817967,
        1.9665419991134752,
        2.0040214520537827,
        1.8899425605791962,
        1.8565735584736998,
        1.7680037261746453,
        1.7598023326684398,
        1.767204006907506,
        1.6776532256575059,
        1.6803272292405438,
        1.669088449320331,
        1.597267818225473,
        1.5256086777851654,
        1.6324282238105792,
        1.5822624621380024,
        1.6467428293070332,
        1.502149360963357,
        1.4416697833554966,
        1.375217937352246,
        1.3573926704713357,
        1.3058748430112292,
        1.3997328882239952,
        1.2678563183362883,
        1.3093582622266549,
        1.3773520611702128,
        1.2894773659131207,
        1.1970882046025413,
        1.207324565048759,
        1.2312562333776595,
        1.1959227938460402,
        1.1984203004949763,
        1.135795286643026,
        1.1594160941193854,
        1.110587507387707,
        1.16898802268026,
        1.0696941258495862,
        1.1454412077053782,
        1.3170489804964538
    ],
    "train_accuracy": [
        0.06382978723404255,
        0.108274231678487,
        0.13853427895981088,
        0.17210401891252955,
        0.1829787234042553,
        0.1862884160756501,
        0.21418439716312057,
        0.19952718676122932,
        0.22174940898345152,
        0.22174940898345152,
        0.22505910165484633,
        0.2364066193853428,
        0.2364066193853428,
        0.24302600472813238,
        0.24397163120567375,
        0.2425531914893617,
        0.2486997635933806,
        0.24822695035460993,
        0.2033096926713948,
        0.2458628841607565,
        0.25295508274231676,
        0.2756501182033097,
        0.25626477541371157,
        0.2817966903073286,
        0.29267139479905435,
        0.27044917257683215,
        0.28274231678487,
        0.2794326241134752,
        0.30638297872340425,
        0.33569739952718675,
        0.3446808510638298,
        0.3366430260047281,
        0.366903073286052,
        0.3697399527186761,
        0.3773049645390071,
        0.3947990543735225,
        0.43877068557919624,
        0.416548463356974,
        0.4364066193853428,
        0.4132387706855792,
        0.4562647754137116,
        0.46335697399527187,
        0.484160756501182,
        0.5030732860520094,
        0.5191489361702127,
        0.4945626477541371,
        0.5234042553191489,
        0.524822695035461,
        0.5002364066193853,
        0.5281323877068558,
        0.5555555555555556,
        0.5522458628841608,
        0.548936170212766,
        0.5498817966903073,
        0.5631205673758866,
        0.5919621749408983,
        0.5735224586288417,
        0.5910165484633569,
        0.574468085106383,
        0.6004728132387707,
        0.5725768321513003,
        0.5205673758865248
    ],
    "val_loss": [
        3.228936028587444,
        2.9880028968434695,
        2.543954618308576,
        2.3721102727368275,
        2.3769985592418723,
        2.4229106817544843,
        2.4718261171349494,
        2.1595396033316985,
        2.273279164404078,
        2.2470485533299467,
        2.639855354890695,
        2.187245869315793,
        2.099009150346833,
        2.087568206102859,
        2.0835914782879064,
        2.1682372499474494,
        2.3259879484304933,
        2.148232772211323,
        2.200719448483044,
        2.0891682577774664,
        2.5080886635545125,
        2.084908113351317,
        2.079177240619745,
        2.1780885431264014,
        2.0312484946486125,
        2.23874941428146,
        2.0047885227631026,
        2.2051074109269897,
        1.9750973825497478,
        1.901312994850056,
        2.13317446858359,
        1.948756470273963,
        1.7348955778797646,
        1.8039216866942265,
        1.831138166076934,
        1.7566125980941705,
        2.874363646913537,
        1.6132837133022702,
        1.8445570051937359,
        1.606921003538397,
        1.473945925588565,
        2.068075821538677,
        1.6968805287450952,
        1.6141349210867433,
        1.377209855836603,
        1.3479909854084922,
        2.06976564689602,
        1.7658119372722814,
        1.3858672685152746,
        1.412248277878013,
        1.4325796905654429,
        1.2731067332451653,
        1.5119574166199552,
        1.3482600327564462,
        1.5088336756411154,
        1.3165989349775784,
        1.286916005771791,
        1.3735343351492433,
        1.4084152426954877,
        1.451815070592769,
        1.5448139002504904,
        1.3414975837741732
    ],
    "val_accuracy": [
        0.08520179372197309,
        0.08968609865470852,
        0.19730941704035873,
        0.17040358744394618,
        0.2242152466367713,
        0.19282511210762332,
        0.21076233183856502,
        0.2556053811659193,
        0.2062780269058296,
        0.2914798206278027,
        0.23766816143497757,
        0.2600896860986547,
        0.26905829596412556,
        0.3004484304932735,
        0.2825112107623318,
        0.2645739910313901,
        0.242152466367713,
        0.26905829596412556,
        0.2825112107623318,
        0.26905829596412556,
        0.23766816143497757,
        0.31390134529147984,
        0.25112107623318386,
        0.2600896860986547,
        0.2914798206278027,
        0.27802690582959644,
        0.2600896860986547,
        0.21524663677130046,
        0.3183856502242152,
        0.3273542600896861,
        0.2825112107623318,
        0.33183856502242154,
        0.37668161434977576,
        0.3452914798206278,
        0.336322869955157,
        0.38565022421524664,
        0.21524663677130046,
        0.4170403587443946,
        0.3094170403587444,
        0.4304932735426009,
        0.47533632286995514,
        0.3004484304932735,
        0.37668161434977576,
        0.4304932735426009,
        0.47533632286995514,
        0.5067264573991032,
        0.3632286995515695,
        0.43946188340807174,
        0.5067264573991032,
        0.4977578475336323,
        0.45739910313901344,
        0.5336322869955157,
        0.4663677130044843,
        0.48878923766816146,
        0.48878923766816146,
        0.4977578475336323,
        0.5426008968609866,
        0.4798206278026906,
        0.515695067264574,
        0.5067264573991032,
        0.43946188340807174,
        0.5381165919282511
    ],
    "val_pct": 0.1,
    "patience_limit": 10,
    "batch_size": 32,
    "lr": 0.001,
    "max_mem0": 6529334272,
    "time": 138083.50353431702,