{
    "train_loss": [
        3.2918423189975248,
        2.9491828368104667,
        2.655927011506954,
        2.525111376930104,
        2.3738376558079914,
        2.2948281784093587,
        2.311014206889439,
        2.2845065896098538,
        2.2987765573432344,
        2.1815315041548797,
        2.123347302643211,
        2.1104491727074493,
        2.091671409049387,
        2.04026536163661,
        1.953153085955917,
        1.8853007545453206,
        1.8476388689371168,
        1.8177487356715583,
        1.7718028743443541,
        1.6981955694174329,
        1.6539219735310584,
        1.587834453088166,
        1.5484933956565299,
        1.4967558418788307,
        1.4535094552982084,
        1.4759391989701203,
        1.4340738586972537,
        1.3821633000353606,
        1.2853955561571782,
        1.298720845856907,
        1.2857922127313177,
        1.2640769343396394,
        1.2305077710617043,
        1.1965033905734324,
        1.2661302018873761,
        1.16224508541814,
        1.1632606689798444,
        1.1993571078648044,
        1.1774925365025342,
        1.1606352076334865,
        1.1613264214256247,
        1.0918988592497643,
        1.0830920703677511,
        1.1202769551508722,
        1.0351753576585336,
        1.0340825377180576,
        1.051257675293199,
        0.9835601619592763,
        0.9833705817568364,
        0.9835382917477016,
        0.9569862434067068,
        0.971891022807638,
        0.9018883891737388,
        0.9168126791055221,
        0.9217573037298149,
        0.8627820336442127,
        0.8921150520464993,
        0.9319523330681282,
        0.9339837304042904,
        0.84098330312942,
        0.8247379948653347,
        0.8434731691640146,
        0.9018107499226485,
        0.8360893253108793,
        0.7945578510836575,
        0.77949589392533,
        0.7580031161598303,
        0.7831409100033887,
        0.7618673523323315
    ],
    "train_accuracy": [
        0.06789250353606789,
        0.11173974540311174,
        0.13767090994813766,
        0.16925978312116927,
        0.18057520037718058,
        0.20556341348420556,
        0.20980669495520982,
        0.20556341348420556,
        0.20462046204620463,
        0.24375294672324374,
        0.24611032531824611,
        0.24186704384724186,
        0.2597831211692598,
        0.2621404997642621,
        0.2871287128712871,
        0.2989156058462989,
        0.3102310231023102,
        0.32390381895332393,
        0.3620933521923621,
        0.3701084394153701,
        0.388024516737388,
        0.39603960396039606,
        0.4087694483734088,
        0.4318717586044319,
        0.4535596416784536,
        0.42951438000942954,
        0.4512022630834512,
        0.4752475247524752,
        0.5110796793965111,
        0.5011786892975012,
        0.5063649222065064,
        0.5134370579915134,
        0.5289957567185289,
        0.5266383781235267,
        0.5091937765205092,
        0.5469118340405469,
        0.5436115040075437,
        0.5374823196605375,
        0.5544554455445545,
        0.5535124941065536,
        0.5662423385195663,
        0.5818010372465818,
        0.5926449787835927,
        0.5667138142385667,
        0.6129184347006129,
        0.6195190947666195,
        0.6176331918906176,
        0.6327204148986327,
        0.6218764733616219,
        0.6317774634606318,
        0.637906647807638,
        0.6346063177746346,
        0.652050919377652,
        0.6473361621876473,
        0.6482791136256483,
        0.6704384724186704,
        0.6614804337576615,
        0.6492220650636492,
        0.636963696369637,
        0.6831683168316832,
        0.6817538896746818,
        0.6732673267326733,
        0.6643092880716643,
        0.6841112682696842,
        0.6987270155586988,
        0.6973125884016973,
        0.701084394153701,
        0.702027345591702,
        0.7024988213107025
    ],
    "val_loss": [
        3.2476944461945565,
        2.6969711374027936,
        2.745054746003744,
        2.435853738389257,
        2.435746575280818,
        2.3889047649049537,
        2.282144010341662,
        2.292610836468534,
        2.2264774164296517,
        2.0922457787298385,
        2.2515340356782834,
        2.2103274297055013,
        2.1233562698012673,
        1.9440764677689373,
        1.9248558782762097,
        2.25750493344074,
        2.2494804980018723,
        1.8058106031286003,
        1.7555277600266417,
        1.9188236640895018,
        1.7855993877358152,
        1.8022015127718174,
        1.643934118033554,
        1.5997086626044066,
        1.6435614379320276,
        1.671479959092382,
        1.6776656049737184,
        1.5411734163486464,
        1.5447848974834388,
        1.6449818413378456,
        1.663534419327837,
        1.4833306519117224,
        1.4236270183791762,
        1.472953128375216,
        1.5270347771007344,
        1.4687595631120391,
        1.3839498071626584,
        1.39188719015517,
        1.355123071626584,
        1.3661854827458957,
        1.6057730819772464,
        1.3351349017587126,
        1.303020987093174,
        1.452715051888321,
        1.4649801649805587,
        1.201063727453557,
        1.2243666407150058,
        1.3496124689480127,
        1.2253319524949597,
        1.243770757578485,
        1.28291749734483,
        1.4384484356998848,
        1.4060680196032547,
        1.4566331151443692,
        1.2063344085271457,
        1.1946755686113912,
        1.2844581428211406,
        1.423742900795651,
        1.0698439075100807,
        1.1361078359014978,
        1.2382179646997409,
        1.6238380818872409,
        1.5862878192954348,
        1.2095149870841735,
        1.3020386585991504,
        1.186012654809908,
        1.3516775386124713,
        1.1917148009972638,
        1.2034713815434188
    ],
    "val_accuracy": [
        0.10599078341013825,
        0.17511520737327188,
        0.1382488479262673,
        0.22119815668202766,
        0.18433179723502305,
        0.23963133640552994,
        0.17511520737327188,
        0.2488479262672811,
        0.2119815668202765,
        0.2764976958525346,
        0.1935483870967742,
        0.271889400921659,
        0.2857142857142857,
        0.31336405529953915,
        0.3640552995391705,
        0.22119815668202766,
        0.25806451612903225,
        0.35023041474654376,
        0.391705069124424,
        0.3686635944700461,
        0.43317972350230416,
        0.4055299539170507,
        0.48847926267281105,
        0.4377880184331797,
        0.4608294930875576,
        0.39631336405529954,
        0.423963133640553,
        0.4377880184331797,
        0.4976958525345622,
        0.4700460829493088,
        0.4838709677419355,
        0.5023041474654378,
        0.46543778801843316,
        0.5345622119815668,
        0.5069124423963134,
        0.5161290322580645,
        0.5345622119815668,
        0.5161290322580645,
        0.5161290322580645,
        0.543778801843318,
        0.4838709677419355,
        0.543778801843318,
        0.5714285714285714,
        0.5069124423963134,
        0.5207373271889401,
        0.6589861751152074,
        0.5668202764976958,
        0.5529953917050692,
        0.5944700460829493,
        0.6129032258064516,
        0.5806451612903226,
        0.5714285714285714,
        0.5253456221198156,
        0.4930875576036866,
        0.6221198156682027,
        0.5990783410138248,
        0.6221198156682027,
        0.5668202764976958,
        0.6405529953917051,
        0.6359447004608295,
        0.6451612903225806,
        0.5161290322580645,
        0.5207373271889401,
        0.6267281105990783,
        0.6175115207373272,
        0.6589861751152074,
        0.5668202764976958,
        0.6129032258064516,
        0.6175115207373272
    ],
    "val_pct": 0.1,
    "patience_limit": 10,
    "batch_size": 32,
    "lr": 0.001,
    "max_mem0": 6724497408,
    "time": 154217.85726189613,