{
    "train_loss": [
        3.2976860395302925,
        3.0782596744607496,
        2.623907410272277,
        2.4619727667521216,
        2.3580943264527345,
        2.3143306518151814,
        2.246710259753654,
        2.22739494931636,
        2.2224815185201554,
        2.2230298852987977,
        2.1671040708981613,
        2.1777309218086986,
        2.076440993708746,
        1.9856662633339226,
        1.9147007648588519,
        1.8659052149634607,
        1.8099686956697902,
        1.8114651936733852,
        1.7363692179764851,
        1.6591827953721712,
        1.615506601580917,
        1.5979745191316006,
        1.5630291440137318,
        1.536002166762435,
        1.5230464836383193,
        1.4673978453927983,
        1.413367257484677,
        1.4325769002681519,
        1.4054394208952146,
        1.3975948062161128,
        1.3077662502578382,
        1.3609333101278878,
        1.251868406706742,
        1.2718673339153113,
        1.2387023091260019,
        1.2070250342556577,
        1.1974796077543022,
        1.3550482664058816,
        1.147364363249941,
        1.149243129530587,
        1.0777045164058816,
        1.1223877758869636,
        1.2387337331668435,
        1.1323084491763908,
        1.0619675179013437,
        1.0736965123688709,
        1.0844716202926097,
        1.0490712296676097,
        1.0366445754508486,
        1.1245490132160538,
        1.0477807720783239,
        1.1007937045099598,
        1.0151570925786775,
        0.982868602848008,
        0.9991387740894625,
        0.9435289266928925,
        0.9841878370314711,
        0.9214896238507779,
        0.9564180783312707,
        0.9940882515985974,
        1.0254215886153348,
        0.9319876707257779,
        0.9300781134893623,
        0.8852396330592881
    ],
    "train_accuracy": [
        0.06364922206506365,
        0.10419613389910419,
        0.1471004243281471,
        0.17633191890617633,
        0.19141914191419143,
        0.2079207920792079,
        0.214992927864215,
        0.21263554926921263,
        0.21735030645921735,
        0.22536539368222536,
        0.23149457802923148,
        0.24092409240924093,
        0.2531824611032532,
        0.2814710042432815,
        0.28005657708628007,
        0.30221593587930223,
        0.3206034889203206,
        0.33003300330033003,
        0.3404054691183404,
        0.3771805752003772,
        0.3950966525223951,
        0.3866100895803866,
        0.4200848656294201,
        0.4163130598774163,
        0.44130127298444133,
        0.44130127298444133,
        0.46298915605846297,
        0.4545025931164545,
        0.4728901461574729,
        0.4639321074964639,
        0.49222065063649223,
        0.487034417727487,
        0.5289957567185289,
        0.52993870815653,
        0.5374823196605375,
        0.5403111739745403,
        0.545968882602546,
        0.5139085337105139,
        0.5676567656765676,
        0.5737859500235738,
        0.5865157944365865,
        0.57991513437058,
        0.545968882602546,
        0.5752003771805752,
        0.5898161244695899,
        0.5855728429985856,
        0.5935879302215936,
        0.5978312116925978,
        0.6143328618576144,
        0.5766148043375766,
        0.603017444601603,
        0.5851013672795851,
        0.6091466289486092,
        0.6294200848656294,
        0.6247053276756247,
        0.6426214049976426,
        0.6298915605846299,
        0.6553512494106554,
        0.6482791136256483,
        0.6303630363036303,
        0.6143328618576144,
        0.6511079679396511,
        0.6501650165016502,
        0.6680810938236681
    ],
    "val_loss": [
        3.3535775039602536,
        2.830640942270305,
        2.6560179538990494,
        2.5192089168706797,
        2.2924687961279524,
        2.2754608013662874,
        2.261409495832733,
        2.311358333183324,
        2.238999186572941,
        2.279656757407474,
        2.2229293612291188,
        2.1448395197292625,
        2.0735396284112184,
        1.9755552792878743,
        2.0181588027883786,
        1.8716963666924684,
        1.8937189480126728,
        1.8550699119743663,
        1.7132194272933468,
        1.8962059196788594,
        1.7444150019351239,
        1.6634802752376152,
        1.7965852939588134,
        1.723391343921011,
        1.7996616627214141,
        1.652821061797955,
        1.5710037161128312,
        1.5508597237723214,
        1.5322733936221917,
        1.3841945103236608,
        1.4718281970046083,
        1.4707492529521888,
        1.663606705204133,
        1.4462174797937069,
        1.6702332386772754,
        1.376955093876008,
        1.4532631025885656,
        1.3886794692360311,
        1.489603772141417,
        1.302336943314372,
        1.3284073930731566,
        1.4773465345532113,
        1.6295412125126008,
        1.3558902300997264,
        1.3812801519297235,
        1.5129014819448445,
        1.354489234185988,
        1.3765407861103112,
        1.2578875985563076,
        1.335411388203845,
        1.4112181773383496,
        1.3269405804471486,
        1.515912877799179,
        1.2071981825586837,
        1.4501136041456653,
        1.4280052360851094,
        1.2972703221756192,
        1.5574142526371688,
        1.470273206860239,
        1.215148222611247,
        1.337981193296371,
        1.314970939390121,
        1.2411459645917338,
        1.2340106173045076
    ],
    "val_accuracy": [
        0.12442396313364056,
        0.09216589861751152,
        0.16589861751152074,
        0.2073732718894009,
        0.1889400921658986,
        0.2350230414746544,
        0.22119815668202766,
        0.25806451612903225,
        0.23963133640552994,
        0.2350230414746544,
        0.2672811059907834,
        0.271889400921659,
        0.29493087557603687,
        0.3317972350230415,
        0.33640552995391704,
        0.3548387096774194,
        0.31336405529953915,
        0.29493087557603687,
        0.3870967741935484,
        0.39631336405529954,
        0.35944700460829493,
        0.4055299539170507,
        0.4055299539170507,
        0.43317972350230416,
        0.35944700460829493,
        0.43317972350230416,
        0.5023041474654378,
        0.48847926267281105,
        0.5069124423963134,
        0.5345622119815668,
        0.5023041474654378,
        0.48847926267281105,
        0.45622119815668205,
        0.4700460829493088,
        0.4792626728110599,
        0.5391705069124424,
        0.5161290322580645,
        0.5161290322580645,
        0.5668202764976958,
        0.6082949308755761,
        0.576036866359447,
        0.5253456221198156,
        0.45622119815668205,
        0.5483870967741935,
        0.5714285714285714,
        0.5207373271889401,
        0.5852534562211982,
        0.5990783410138248,
        0.5990783410138248,
        0.5806451612903226,
        0.5161290322580645,
        0.5529953917050692,
        0.4930875576036866,
        0.6175115207373272,
        0.5299539170506913,
        0.576036866359447,
        0.5898617511520737,
        0.5253456221198156,
        0.5529953917050692,
        0.576036866359447,
        0.5714285714285714,
        0.6082949308755761,
        0.576036866359447,
        0.6451612903225806
    ],
    "val_pct": 0.1,
    "patience_limit": 10,
    "batch_size": 32,
    "lr": 0.001,
    "max_mem0": 6725054464,
    "time": 188748.7959048748,