{
    "train_loss": [
        3.229309858999293,
        2.8322082836073785,
        2.6334087510313533,
        2.463240778597949,
        2.3873504537953796,
        2.3368940339904527,
        2.2710996894890383,
        2.2634045979932815,
        2.207224858925625,
        2.2101916106789252,
        2.099750725630599,
        2.0450337583981613,
        2.0726931300830977,
        2.0334466900931165,
        1.927192684391207,
        1.8334088431164546,
        1.842405902839168,
        1.808997312956742,
        1.659123515588166,
        1.6767113095238095,
        1.6364503219295143,
        1.567906316301273,
        1.5400805007956153,
        1.5567424941433876,
        1.4660097775960632,
        1.4325590587797619,
        1.424219026255304,
        1.4307952837694484,
        1.339966453397572,
        1.3122370970355963,
        1.311229455813885,
        1.2759894083716408,
        1.354018179440712,
        1.2634948413926215,
        1.2499874534049387,
        1.1852205484220297,
        1.165294253337164,
        1.2362225724525577,
        1.175490030866926,
        1.1326238406485738,
        1.098798680788838,
        1.1023844746360796,
        1.1372138225262258,
        1.0812954900400755,
        1.0776809195986563,
        1.0285852873791843,
        1.0852064594015205,
        1.0419089655896394,
        1.0200265527389794
    ],
    "train_accuracy": [
        0.07826496935407827,
        0.12211221122112212,
        0.1617161716171617,
        0.1782178217821782,
        0.20037718057520038,
        0.20414898632720416,
        0.21216407355021216,
        0.22112211221122113,
        0.23668081093823667,
        0.22206506364922207,
        0.2531824611032532,
        0.24658180103724658,
        0.25695426685525696,
        0.27722772277227725,
        0.297029702970297,
        0.31494578029231496,
        0.3158887317303159,
        0.3234323432343234,
        0.37435172088637436,
        0.35124941065535126,
        0.38189533239038187,
        0.404997642621405,
        0.4031117397454031,
        0.4247996228194248,
        0.4394153701084394,
        0.4582743988684583,
        0.46534653465346537,
        0.4592173503064592,
        0.48514851485148514,
        0.48467703913248467,
        0.5035360678925035,
        0.5205091937765205,
        0.48892032060348894,
        0.5172088637435172,
        0.5379537953795379,
        0.553041018387553,
        0.5553983969825554,
        0.536067892503536,
        0.553983969825554,
        0.5681282413955682,
        0.5813295615275813,
        0.5827439886845828,
        0.57001414427157,
        0.5964167845355964,
        0.594059405940594,
        0.6077322017916077,
        0.595002357378595,
        0.6162187647336163,
        0.6218764733616219
    ],
    "val_loss": [
        3.1099853515625,
        2.682615499891993,
        2.4869117561023906,
        2.401027134486607,
        2.457901211927563,
        2.4539541780673964,
        2.186967278405818,
        2.326181156844038,
        2.211449689030098,
        2.336451939174107,
        2.004878452845982,
        1.9872025872155819,
        2.050133489793347,
        1.9433637346540178,
        1.8879066854028659,
        1.9496651223178283,
        1.9538894864271312,
        1.903398926906322,
        1.6786847795758928,
        1.8946126770863336,
        1.8072729154665899,
        1.9539953838295652,
        1.8122467181649626,
        1.861172583795363,
        1.6003913000432028,
        1.5583957373271888,
        1.651402346000144,
        1.5376211421280963,
        1.736685054093462,
        1.49464845437608,
        1.5468697965419786,
        1.454701647780458,
        1.4518211821806595,
        1.9696299469416043,
        1.4598200222314228,
        1.512672107889905,
        1.4553489860851094,
        1.529041483654954,
        1.2911518993465583,
        1.3433113625522033,
        1.3780565393685196,
        1.5021353866647464,
        1.359579622470838,
        1.372893583939372,
        1.348147484564012,
        1.3965400660642282,
        1.384347379482287,
        1.4028964416222638,
        1.2965443694646457
    ],
    "val_accuracy": [
        0.08755760368663594,
        0.11981566820276497,
        0.17511520737327188,
        0.18433179723502305,
        0.2073732718894009,
        0.17972350230414746,
        0.2672811059907834,
        0.23963133640552994,
        0.22580645161290322,
        0.2304147465437788,
        0.271889400921659,
        0.30414746543778803,
        0.2995391705069124,
        0.2995391705069124,
        0.3087557603686636,
        0.3087557603686636,
        0.3271889400921659,
        0.33640552995391704,
        0.3778801843317972,
        0.3640552995391705,
        0.37327188940092165,
        0.35944700460829493,
        0.2995391705069124,
        0.3225806451612903,
        0.4377880184331797,
        0.43317972350230416,
        0.4470046082949309,
        0.4930875576036866,
        0.48847926267281105,
        0.46543778801843316,
        0.4608294930875576,
        0.48847926267281105,
        0.5161290322580645,
        0.4009216589861751,
        0.47465437788018433,
        0.4792626728110599,
        0.5253456221198156,
        0.4838709677419355,
        0.5806451612903226,
        0.5345622119815668,
        0.5345622119815668,
        0.5529953917050692,
        0.5576036866359447,
        0.5529953917050692,
        0.5576036866359447,
        0.5253456221198156,
        0.5483870967741935,
        0.5806451612903226,
        0.5852534562211982
    ],
    "val_pct": 0.1,
    "patience_limit": 10,
    "batch_size": 32,
    "lr": 0.001,
    "max_mem0": 6724530176,
    "time": 79121.00929570198,
    "labels_list": [
        "Corn Gray leaf spot",
        "Soyabean leaf",
        "Bell_pepper leaf",
        "Tomato leaf",
        "Squash Powdery mildew leaf",
        "Potato leaf early blight",
        "Bell_pepper leaf spot",
        "Tomato leaf yellow virus",
        "Apple rust leaf",
        "Strawberry leaf",
        "Blueberry leaf",
        "Cherry leaf",
        "Peach leaf",
        "grape leaf",
        "Tomato Early blight leaf",
        "Apple leaf",
        "Tomato leaf mosaic virus",
        "Tomato leaf late blight",
        "Tomato Septoria leaf spot",
        "Potato leaf late blight",
        "Apple Scab Leaf",
        "Tomato mold leaf",
        "Corn leaf blight",
        "grape leaf black rot",
        "Corn rust leaf",
        "Raspberry leaf",
        "Tomato leaf bacterial spot"
    ],
    "patience": 10,
    "epoch": 48
}