{
    "train_loss": [
        3.2832238441478077,
        2.9032160261227014,
        2.5894855389556812,
        2.417215724083569,
        2.3501165336957803,
        2.3243170508457096,
        2.275119664589227,
        2.21194099739215,
        2.1975455637081565,
        2.247857409903937,
        2.2232373069896276,
        2.1664484249764264,
        2.093576189371169,
        2.043568684435408,
        2.0034170478989863,
        1.9837944034358792,
        1.8434146951246464,
        1.762559141656353,
        1.753386314496405,
        1.7089367209600423,
        1.6138441201821074,
        1.6436255930280528,
        1.5193557127755186,
        1.4492027502136375,
        1.4436211269006365,
        1.4194224284314592,
        1.3619281745417846,
        1.3927101520140854,
        1.3706594536406767,
        1.3099170129066477,
        1.316506392547737,
        1.2311141514542079,
        1.2393044305825671,
        1.2986993209644626,
        1.2140948679131307,
        1.1630656787776992,
        1.1595590781176333,
        1.1250448914869164,
        1.115491983071075,
        1.0768653909196724,
        1.1087868064150166,
        1.0531542830622347,
        1.067386380797678,
        1.003269136204915,
        1.0462805906706742,
        0.9961103253182461,
        0.9711862264630481,
        0.9673569826290664,
        0.9971765556857025,
        0.9144131715766443,
        0.9703732301243517,
        1.0085724322990335,
        0.9015050849392975,
        0.9669112907384488,
        0.9198582211736799,
        0.8737929945338284,
        0.8556663300956212
    ],
    "train_accuracy": [
        0.06647807637906648,
        0.10796793965110797,
        0.1471004243281471,
        0.19094766619519093,
        0.1970768505421971,
        0.20697784064120697,
        0.2116925978312117,
        0.21404997642621404,
        0.22725129655822726,
        0.21546440358321547,
        0.2197076850542197,
        0.2428099952852428,
        0.23903818953323905,
        0.2677982083922678,
        0.27864214992927866,
        0.28807166430928804,
        0.3243752946723244,
        0.33003300330033003,
        0.34842055634134844,
        0.3620933521923621,
        0.4045261669024045,
        0.3814238566713814,
        0.4158415841584158,
        0.46016030174446015,
        0.45403111739745405,
        0.4625176803394625,
        0.4809052333804809,
        0.4728901461574729,
        0.4837340876944837,
        0.4988213107024988,
        0.4893917963224894,
        0.5341819896275342,
        0.5304101838755304,
        0.5153229608675153,
        0.5403111739745403,
        0.5704856199905705,
        0.57001414427157,
        0.5652993870815654,
        0.5888731730315889,
        0.5893446487505893,
        0.5803866100895804,
        0.5987741631305987,
        0.5869872701555869,
        0.6129184347006129,
        0.6129184347006129,
        0.6270627062706271,
        0.6355492692126355,
        0.6407355021216408,
        0.6360207449316361,
        0.6525223950966526,
        0.6270627062706271,
        0.6181046676096181,
        0.661008958038661,
        0.6364922206506365,
        0.6478076379066479,
        0.661008958038661,
        0.6704384724186704
    ],
    "val_loss": [
        3.175114926105271,
        2.664854269423243,
        2.573068363875288,
        2.3694429881012384,
        2.2924661240819413,
        2.240741641840078,
        2.2910950832103256,
        2.2354625227264546,
        2.391339420722926,
        2.502870339951757,
        2.1617413358204924,
        2.1082513343353977,
        2.1283521520377304,
        1.9877877652919786,
        1.9096429358978975,
        1.9673113141741072,
        1.8318433629752304,
        1.961812524751584,
        1.7677989203809044,
        2.0681074995049684,
        1.950711439282114,
        1.7261981173045076,
        1.7570667178949453,
        1.665331299953197,
        1.5960706016435051,
        1.860086186140913,
        1.525984381750432,
        1.5608822870913739,
        1.5115618024553572,
        1.6727896835397464,
        1.619297853812644,
        1.3076766756822438,
        1.4168336929813508,
        1.3608782368321573,
        1.4355540473340294,
        1.394631100140409,
        1.293265909643217,
        1.5052637900075605,
        1.3718949419012816,
        1.3827511835757489,
        1.3650156891291043,
        1.2835845244095623,
        1.4625719483546946,
        1.4173320998793923,
        1.4410451018865207,
        1.6462420626170076,
        1.1705032559583812,
        1.448529080861175,
        1.273776146673387,
        1.3814435686383928,
        1.3658805882326468,
        1.2869333012312787,
        1.507191178985455,
        1.18867921609483,
        1.3153502292896746,
        1.3444222305227536,
        1.4141764135404666
    ],
    "val_accuracy": [
        0.10599078341013825,
        0.14746543778801843,
        0.1935483870967742,
        0.2119815668202765,
        0.23963133640552994,
        0.24423963133640553,
        0.20276497695852536,
        0.2534562211981567,
        0.1889400921658986,
        0.1889400921658986,
        0.2764976958525346,
        0.23963133640552994,
        0.22119815668202766,
        0.3456221198156682,
        0.2903225806451613,
        0.34101382488479265,
        0.31797235023041476,
        0.2995391705069124,
        0.3686635944700461,
        0.35023041474654376,
        0.37327188940092165,
        0.43317972350230416,
        0.4009216589861751,
        0.423963133640553,
        0.41013824884792627,
        0.3225806451612903,
        0.4976958525345622,
        0.4377880184331797,
        0.5161290322580645,
        0.3778801843317972,
        0.4792626728110599,
        0.576036866359447,
        0.4930875576036866,
        0.5806451612903226,
        0.4930875576036866,
        0.5714285714285714,
        0.5345622119815668,
        0.4976958525345622,
        0.543778801843318,
        0.5576036866359447,
        0.5668202764976958,
        0.5990783410138248,
        0.5576036866359447,
        0.5483870967741935,
        0.5529953917050692,
        0.4700460829493088,
        0.6267281105990783,
        0.5207373271889401,
        0.6129032258064516,
        0.5852534562211982,
        0.576036866359447,
        0.5990783410138248,
        0.5069124423963134,
        0.5944700460829493,
        0.5714285714285714,
        0.5898617511520737,
        0.5898617511520737
    ],
    "val_pct": 0.1,
    "patience_limit": 10,
    "batch_size": 32,
    "lr": 0.001,
    "max_mem0": 6724896768,
    "time": 106876.61490082741,
    "labels_list": [
        "Corn Gray leaf spot",
        "Soyabean leaf",
        "Bell_pepper leaf",
        "Tomato leaf",
        "Squash Powdery mildew leaf",
        "Potato leaf early blight",
        "Bell_pepper leaf spot",
        "Tomato leaf yellow virus",
        "Apple rust leaf",
        "Strawberry leaf",
        "Blueberry leaf",
        "Cherry leaf",
        "Peach leaf",
        "grape leaf",
        "Tomato Early blight leaf",
        "Apple leaf",
        "Tomato leaf mosaic virus",
        "Tomato leaf late blight",
        "Tomato Septoria leaf spot",
        "Potato leaf late blight",
        "Apple Scab Leaf",
        "Tomato mold leaf",
        "Corn leaf blight",
        "grape leaf black rot",
        "Corn rust leaf",
        "Raspberry leaf",
        "Tomato leaf bacterial spot"
    ],
    "patience": 10,
    "epoch": 56
}