{
    "train_loss": [
        3.2418635906559405,
        2.789807238257308,
        2.5504363912953796,
        2.3986115408415842,
        2.374243060466761,
        2.358107218366926,
        2.299618445382485,
        2.245516836839934,
        2.228786585410773,
        2.218134641310113,
        2.1352129283798917,
        2.087527809700613,
        2.113948406559406,
        2.0325744139704147,
        1.9707864620167375,
        1.8664225030203914,
        1.8628039038557873,
        1.8362905312573667,
        1.7497853266074375,
        1.7732513729888615,
        1.6997027723140619,
        1.7079433529290429,
        1.6060752454988803,
        1.57860418784624,
        1.5716690286495167,
        1.5098958103120579,
        1.4775465444144862,
        1.40945076301715,
        1.3499830102987977,
        1.3419541103105845,
        1.3276630781102663,
        1.3984703053173622,
        1.361199896496346,
        1.2942548335469708,
        1.2267007427584276,
        1.251527691831683,
        1.1799678991336633,
        1.2081769037673857,
        1.1760624548783003,
        1.1452752976190477,
        1.1052023938442952,
        1.1208359117161717,
        1.1271931217954385,
        1.1014701846858792,
        1.1247381329929869,
        1.0871266639777817,
        1.0296903085955917,
        1.0110461834408888,
        1.0440455701541136,
        0.9755059385681871,
        1.01036199113773,
        1.0270136249115982,
        0.9683218042786421,
        0.9577264925153229,
        0.9000042128933875,
        0.9224241149700908,
        0.9630129830784417,
        0.8874041509201144,
        0.8878039729196134,
        0.8491035975807402,
        0.8885279344759253,
        0.9734726995299976,
        0.8400748836044318
    ],
    "train_accuracy": [
        0.07024988213107025,
        0.12635549269212634,
        0.15322960867515323,
        0.18104667609618105,
        0.18717586044318718,
        0.1867043847241867,
        0.20273455917020272,
        0.21074964639321075,
        0.21923620933521923,
        0.2267798208392268,
        0.24611032531824611,
        0.247996228194248,
        0.25176803394625175,
        0.27204148986327203,
        0.2871287128712871,
        0.31494578029231496,
        0.31353135313531355,
        0.3319189061763319,
        0.3408769448373409,
        0.3418198962753418,
        0.36020744931636023,
        0.35973597359735976,
        0.38613861386138615,
        0.40075436115040075,
        0.39226779820839225,
        0.413012729844413,
        0.4280999528524281,
        0.4545025931164545,
        0.4662894860914663,
        0.4842055634134842,
        0.49787835926449786,
        0.4535596416784536,
        0.4823196605374823,
        0.5016501650165016,
        0.5195662423385196,
        0.5393682225365394,
        0.5473833097595474,
        0.5355964167845356,
        0.5454974068835455,
        0.561999057048562,
        0.5634134842055634,
        0.5785007072135785,
        0.5775577557755776,
        0.5775577557755776,
        0.5742574257425742,
        0.57991513437058,
        0.6058462989156058,
        0.6067892503536068,
        0.5992456388495992,
        0.620933521923621,
        0.6237623762376238,
        0.6011315417256011,
        0.6322489391796322,
        0.628005657708628,
        0.652993870815653,
        0.6468646864686468,
        0.637906647807638,
        0.6577086280056577,
        0.644035832154644,
        0.6591230551626591,
        0.6544082979726544,
        0.6341348420556341,
        0.6770391324846771
    ],
    "val_loss": [
        3.0149049539170507,
        2.5705690164170507,
        2.54280027046731,
        2.5067923409598216,
        2.3754095262096775,
        2.270429198093678,
        2.263095416231639,
        2.346912858672955,
        2.193212412469398,
        2.214231429561492,
        2.1248981809835827,
        2.0819290090815814,
        2.0204632315218176,
        2.050757623487903,
        2.0647785520773327,
        2.1029913414458523,
        2.0045333370085685,
        1.817179174467166,
        1.8936126287082373,
        1.6829970399355558,
        1.7502354213169642,
        1.7032926357286866,
        1.5757592548423098,
        1.9550951417140696,
        1.7055399670578917,
        1.6839167862993232,
        1.5429622808359735,
        1.6047534854730703,
        1.5390973772321428,
        1.499369397141417,
        1.5296827746975807,
        1.5808637065272177,
        1.4000995126188076,
        1.626616447202621,
        1.3358417282456077,
        1.3251602946338565,
        1.3343546643235167,
        1.4419178764940956,
        1.3898063694826468,
        1.3543140042212702,
        1.4037718882758496,
        1.3759516702818981,
        1.6605479156916043,
        1.31941652078233,
        1.4940887310537874,
        1.2545104136664746,
        1.2521449497767858,
        1.3110652519261232,
        1.2717434228290612,
        1.2775655298189084,
        1.3711256739181308,
        1.2273587697112616,
        1.208036361202117,
        1.2379368373325892,
        1.2244022211171515,
        1.2395054689750145,
        1.2769285984302996,
        1.6884757186959964,
        1.220194311185916,
        1.4281254781556019,
        1.3141663722728254,
        1.3101585845244095,
        1.5015281290502591
    ],
    "val_accuracy": [
        0.14285714285714285,
        0.17511520737327188,
        0.19815668202764977,
        0.10138248847926268,
        0.2073732718894009,
        0.2488479262672811,
        0.1935483870967742,
        0.19815668202764977,
        0.2672811059907834,
        0.25806451612903225,
        0.271889400921659,
        0.2903225806451613,
        0.3087557603686636,
        0.30414746543778803,
        0.30414746543778803,
        0.2488479262672811,
        0.29493087557603687,
        0.3271889400921659,
        0.2764976958525346,
        0.391705069124424,
        0.391705069124424,
        0.3870967741935484,
        0.4147465437788018,
        0.2903225806451613,
        0.4470046082949309,
        0.4377880184331797,
        0.4147465437788018,
        0.34101382488479265,
        0.511520737327189,
        0.5023041474654378,
        0.5023041474654378,
        0.4147465437788018,
        0.5207373271889401,
        0.47465437788018433,
        0.5391705069124424,
        0.5391705069124424,
        0.5207373271889401,
        0.4792626728110599,
        0.5207373271889401,
        0.5161290322580645,
        0.5253456221198156,
        0.48847926267281105,
        0.47465437788018433,
        0.5483870967741935,
        0.4470046082949309,
        0.5806451612903226,
        0.5576036866359447,
        0.576036866359447,
        0.5898617511520737,
        0.6129032258064516,
        0.5576036866359447,
        0.5852534562211982,
        0.6175115207373272,
        0.5852534562211982,
        0.5806451612903226,
        0.5990783410138248,
        0.6451612903225806,
        0.4930875576036866,
        0.5806451612903226,
        0.576036866359447,
        0.6543778801843319,
        0.6359447004608295,
        0.5576036866359447
    ],
    "val_pct": 0.1,
    "patience_limit": 10,
    "batch_size": 32,
    "lr": 0.001,
    "max_mem0": 6724700160,
    "time": 130844.2087366581,