{
    "train_loss": [
        3.1030563505569306,
        2.4299876974304575,
        1.7434966048223126,
        1.385625124314887,
        1.2160417771687884,
        1.1063458605905234,
        1.0266623202498821,
        0.9649502233984559,
        0.916935037183964,
        0.8739643879287482,
        0.8414841885276697,
        0.8007524734058227,
        0.7663505730455858,
        0.7393075960079267,
        0.7098543489951674,
        0.686876180991425,
        0.6621515614870639,
        0.649644735678925,
        0.6260956400467056,
        0.6008407254648456,
        0.5795850668353666,
        0.570008791825053,
        0.5537500161148927,
        0.5399766172906353,
        0.5302989911156294,
        0.5253525247893093,
        0.5047407712311409,
        0.48905004549004005,
        0.48283729391354313,
        0.47893662657281355,
        0.4757829420637376,
        0.4578121604361887,
        0.44409171054521746,
        0.43384099849717117,
        0.42637888230787363,
        0.41999968691065537,
        0.4193996949220592,
        0.40898461096807226,
        0.3956332784506129,
        0.38283131989259195,
        0.37924653322614627,
        0.3736701472532856,
        0.36506485208370165,
        0.35746055074257427,
        0.35323116836655766
    ],
    "train_accuracy": [
        0.17067421027817067,
        0.4365865157944366,
        0.5652993870815654,
        0.6143328618576144,
        0.6492220650636492,
        0.6756247053276756,
        0.694012258368694,
        0.7105139085337105,
        0.7289014615747289,
        0.7369165487977369,
        0.7505893446487506,
        0.7637906647807637,
        0.7774634606317775,
        0.7845355964167845,
        0.7901933050447902,
        0.7963224893917963,
        0.8066949552098067,
        0.8062234794908062,
        0.8085808580858086,
        0.8175388967468176,
        0.826025459688826,
        0.8283828382838284,
        0.8326261197548326,
        0.8335690711928335,
        0.8283828382838284,
        0.8411126826968411,
        0.8444130127298444,
        0.8477133427628477,
        0.851956624233852,
        0.8505421970768505,
        0.8528995756718529,
        0.8628005657708628,
        0.860914662894861,
        0.860914662894861,
        0.8694012258368694,
        0.8684582743988685,
        0.8717586044318718,
        0.875058934464875,
        0.8793022159358793,
        0.8821310702498821,
        0.8797736916548797,
        0.8873173031588873,
        0.8859028760018859,
        0.8892032060348892,
        0.8901461574728902
    ],
    "val_loss": [
        2.8504534602714573,
        2.0448076801915325,
        1.5273534537460398,
        1.3190902499009938,
        1.1741862494824669,
        1.1061180571806595,
        1.0557561777703772,
        1.0213331231323806,
        0.9718907791348647,
        0.9435159709596415,
        0.9099317278180804,
        0.8817968412478399,
        0.8715979228920651,
        0.8309571578206005,
        0.8040189259612616,
        0.7965825515958022,
        0.7634329378330214,
        0.7694325952485959,
        0.7602499684979839,
        0.7349726945024482,
        0.7314158496768793,
        0.7416788268199165,
        0.7374309768325172,
        0.7246353922901065,
        0.7098360545074884,
        0.6984967350410426,
        0.6828960647231422,
        0.7055785007740495,
        0.6888852449056739,
        0.6716083579349078,
        0.6965955743042554,
        0.6686702323948732,
        0.6750609929660498,
        0.6591650615639401,
        0.6517935194727462,
        0.6658069944601455,
        0.6616198280439948,
        0.6576055711315524,
        0.7107147357430875,
        0.6705465712305587,
        0.6669817102669571,
        0.6915189681514617,
        0.6685980168355775,
        0.6800807126656107,
        0.6872645083660355
    ],
    "val_accuracy": [
        0.33640552995391704,
        0.5483870967741935,
        0.5990783410138248,
        0.6129032258064516,
        0.6820276497695853,
        0.663594470046083,
        0.6774193548387096,
        0.6774193548387096,
        0.6912442396313364,
        0.6820276497695853,
        0.6912442396313364,
        0.7188940092165899,
        0.7327188940092166,
        0.7327188940092166,
        0.7419354838709677,
        0.728110599078341,
        0.7373271889400922,
        0.7465437788018433,
        0.7327188940092166,
        0.7327188940092166,
        0.7649769585253456,
        0.7327188940092166,
        0.7327188940092166,
        0.7695852534562212,
        0.7511520737327189,
        0.7788018433179723,
        0.7880184331797235,
        0.7557603686635944,
        0.7695852534562212,
        0.7880184331797235,
        0.7741935483870968,
        0.7926267281105991,
        0.7603686635944701,
        0.7695852534562212,
        0.7926267281105991,
        0.7926267281105991,
        0.7788018433179723,
        0.7880184331797235,
        0.7741935483870968,
        0.7926267281105991,
        0.7788018433179723,
        0.7695852534562212,
        0.7788018433179723,
        0.7926267281105991,
        0.7788018433179723
    ],
    "val_pct": 0.1,
    "patience_limit": 10,
    "batch_size": 32,
    "lr": 1e-05,
    "max_mem0": 6381935616,
    "time": 89561.14186120033,
    "labels_list": [
        "Corn leaf blight",
        "Strawberry leaf",
        "Tomato Early blight leaf",
        "Tomato leaf",
        "Raspberry leaf",
        "Potato leaf early blight",
        "Tomato leaf mosaic virus",
        "Bell_pepper leaf spot",
        "Tomato leaf late blight",
        "Tomato leaf yellow virus",
        "grape leaf black rot",
        "Apple rust leaf",
        "Corn Gray leaf spot",
        "Soyabean leaf",
        "Squash Powdery mildew leaf",
        "Apple Scab Leaf",
        "Potato leaf late blight",
        "Peach leaf",
        "Tomato mold leaf",
        "Tomato leaf bacterial spot",
        "Corn rust leaf",
        "Tomato Septoria leaf spot",
        "Apple leaf",
        "grape leaf",
        "Blueberry leaf",
        "Cherry leaf",
        "Bell_pepper leaf"
    ],
    "patience": 10,
    "epoch": 44
}