{
    "train_loss": [
        3.08426523455917,
        2.4557059151785716,
        1.746658346777758,
        1.4035839061026638,
        1.2431538180324728,
        1.1358863006836397,
        1.0589183499823196,
        0.9917010604520273,
        0.9320120157244519,
        0.8927241949920438,
        0.8515076518114981,
        0.8138717226912423,
        0.7825057530167079,
        0.7565108770921735,
        0.7325327224407708,
        0.703130525106082,
        0.6776142614959041,
        0.6591566086714699,
        0.64193174514159,
        0.621879753893358,
        0.59993955764159,
        0.5887210024015794,
        0.571280141755805,
        0.5581709067251591,
        0.5434988148647454,
        0.5299803191117103,
        0.5255962049888024,
        0.4993473468440594,
        0.49769292289161954,
        0.4823173871865423,
        0.4656767172950554,
        0.4583592898212812,
        0.4442294353249499,
        0.4430308614008722,
        0.4360031279006807,
        0.4210340328117633,
        0.40890371996183994,
        0.40419667489907474,
        0.3933651360741543,
        0.3912588044867545,
        0.3818308728194248,
        0.3766568124097566,
        0.37323536169186117,
        0.36122432782480257,
        0.35267261467357675,
        0.3487397751005569
    ],
    "train_accuracy": [
        0.18906176331918906,
        0.40594059405940597,
        0.5761433286185761,
        0.6166902404526167,
        0.644035832154644,
        0.6614804337576615,
        0.6878830740216879,
        0.701084394153701,
        0.7251296558227251,
        0.7430457331447431,
        0.7444601603017444,
        0.7571900047147572,
        0.7619047619047619,
        0.7675624705327676,
        0.7779349363507779,
        0.7845355964167845,
        0.8005657708628006,
        0.8043375766148043,
        0.7977369165487977,
        0.8057520037718058,
        0.826025459688826,
        0.8222536539368223,
        0.8264969354078265,
        0.8283828382838284,
        0.8396982555398397,
        0.834040546911834,
        0.8368694012258369,
        0.8514851485148515,
        0.8538425271098539,
        0.8467703913248468,
        0.8524280999528524,
        0.851013672795851,
        0.8661008958038661,
        0.8632720414898633,
        0.8637435172088638,
        0.8708156529938709,
        0.867043847241867,
        0.875058934464875,
        0.8802451673738803,
        0.8793022159358793,
        0.8807166430928807,
        0.8835454974068836,
        0.8788307402168788,
        0.8939179632248939,
        0.892032060348892,
        0.8934464875058934
    ],
    "val_loss": [
        2.8168841243339573,
        2.0421920284148185,
        1.54012695875036,
        1.3477490684403801,
        1.2249080816172235,
        1.1341544296334964,
        1.092533937797019,
        1.0559846377043132,
        0.989225818264869,
        0.9581860660957301,
        0.9366779942666331,
        0.912122313328053,
        0.8634126724735383,
        0.8648946032546083,
        0.821552962202081,
        0.8192509242466518,
        0.7847742880544355,
        0.772347164593534,
        0.7576295351652506,
        0.7411108060915899,
        0.7210841025075605,
        0.727869622718354,
        0.7274885748937931,
        0.7024382138581869,
        0.7202218051330285,
        0.6950009956887241,
        0.689519785516273,
        0.6826761131462413,
        0.6578959100257417,
        0.6665766140282978,
        0.6631133611301123,
        0.6721424858690956,
        0.669030255436348,
        0.6403914772420435,
        0.6392633112894225,
        0.612892818890409,
        0.6512705719416043,
        0.6515667471468174,
        0.6582107895530314,
        0.643788069623956,
        0.6307053807693692,
        0.6342196838097638,
        0.6418718610491071,
        0.6707729216544859,
        0.6496598907330069,
        0.6541283954673099
    ],
    "val_accuracy": [
        0.37327188940092165,
        0.5207373271889401,
        0.5898617511520737,
        0.6036866359447005,
        0.663594470046083,
        0.6682027649769585,
        0.6543778801843319,
        0.6820276497695853,
        0.6866359447004609,
        0.6820276497695853,
        0.6820276497695853,
        0.7004608294930875,
        0.7373271889400922,
        0.7142857142857143,
        0.7419354838709677,
        0.7327188940092166,
        0.7465437788018433,
        0.7419354838709677,
        0.728110599078341,
        0.7649769585253456,
        0.7695852534562212,
        0.7557603686635944,
        0.7557603686635944,
        0.7649769585253456,
        0.7603686635944701,
        0.7695852534562212,
        0.7788018433179723,
        0.7511520737327189,
        0.7880184331797235,
        0.7741935483870968,
        0.783410138248848,
        0.7603686635944701,
        0.7373271889400922,
        0.7788018433179723,
        0.7880184331797235,
        0.7880184331797235,
        0.783410138248848,
        0.7926267281105991,
        0.7880184331797235,
        0.7695852534562212,
        0.7880184331797235,
        0.783410138248848,
        0.7649769585253456,
        0.7603686635944701,
        0.8064516129032258,
        0.7511520737327189
    ],
    "val_pct": 0.1,
    "patience_limit": 10,
    "batch_size": 32,
    "lr": 1e-05,
    "max_mem0": 6381149184,
    "time": 93572.65897345543,
    "labels_list": [
        "Corn leaf blight",
        "Strawberry leaf",
        "Tomato Early blight leaf",
        "Tomato leaf",
        "Raspberry leaf",
        "Potato leaf early blight",
        "Tomato leaf mosaic virus",
        "Bell_pepper leaf spot",
        "Tomato leaf late blight",
        "Tomato leaf yellow virus",
        "grape leaf black rot",
        "Apple rust leaf",
        "Corn Gray leaf spot",
        "Soyabean leaf",
        "Squash Powdery mildew leaf",
        "Apple Scab Leaf",
        "Potato leaf late blight",
        "Peach leaf",
        "Tomato mold leaf",
        "Tomato leaf bacterial spot",
        "Corn rust leaf",
        "Tomato Septoria leaf spot",
        "Apple leaf",
        "grape leaf",
        "Blueberry leaf",
        "Cherry leaf",
        "Bell_pepper leaf"
    ],
    "patience": 10,
    "epoch": 45
}