{
    "train_loss": [
        3.084096718823668,
        2.4106139129537953,
        1.801847595473833,
        1.4400385560319424,
        1.223064992743694,
        1.0881341900931165,
        1.003672008523397,
        0.9249267002593117,
        0.8678395200708687,
        0.820721070084129,
        0.7839425683639792,
        0.7524140109323433,
        0.7159416346210514,
        0.6935965516892091,
        0.6776799296838166,
        0.6509961420946783,
        0.6263307448211339,
        0.6109881583163896,
        0.5895754370358911,
        0.5788998385748173,
        0.5700684169281883,
        0.5475003729446606,
        0.5326370318393446,
        0.5226907473810997,
        0.5130754513090818,
        0.4975425364104491,
        0.49079085677820017,
        0.48727585335263435,
        0.47338734815166783,
        0.46300814861062,
        0.45525610823498647,
        0.4410976210274487,
        0.4320902592840199,
        0.4278775673326261,
        0.4135808085900666,
        0.4046856180107408,
        0.41189101820338286,
        0.400130081716319,
        0.3887831828662777,
        0.38969660951865276,
        0.37019891302746344,
        0.3636626262026314,
        0.3557057828062382,
        0.34987849370874585,
        0.33364938666718236,
        0.3381930094516148,
        0.3305907224720798,
        0.327264666163882
    ],
    "train_accuracy": [
        0.16501650165016502,
        0.4082979726544083,
        0.5719000471475719,
        0.637906647807638,
        0.6808109382366808,
        0.7062706270627063,
        0.7166430928807166,
        0.7340876944837341,
        0.7524752475247525,
        0.759075907590759,
        0.7675624705327676,
        0.7817067421027817,
        0.7906647807637907,
        0.7953795379537953,
        0.8015087223008015,
        0.7986798679867987,
        0.8147100424328148,
        0.818010372465818,
        0.817067421027817,
        0.826968411126827,
        0.8236680810938237,
        0.834040546911834,
        0.8368694012258369,
        0.8401697312588402,
        0.8434700612918434,
        0.8486562942008486,
        0.8505421970768505,
        0.8477133427628477,
        0.8472418670438473,
        0.8576143328618576,
        0.8561999057048562,
        0.8646864686468647,
        0.8646864686468647,
        0.867043847241867,
        0.8736445073078737,
        0.8778877887788779,
        0.8684582743988685,
        0.8712871287128713,
        0.8802451673738803,
        0.8797736916548797,
        0.8892032060348892,
        0.8910891089108911,
        0.8854314002828855,
        0.8915605846298915,
        0.8910891089108911,
        0.8972182932578973,
        0.8962753418198963,
        0.9071192833569072
    ],
    "val_loss": [
        2.829114500828053,
        2.098633234402002,
        1.6144431681127591,
        1.3348374608474942,
        1.185644756264401,
        1.0957689417122696,
        1.0134609943161363,
        0.9593551565425187,
        0.9173326624153946,
        0.8872077344200029,
        0.8440155169930875,
        0.8273823821599582,
        0.7876046176330285,
        0.7748460901497696,
        0.7760617304507489,
        0.7691287554903514,
        0.7276360296433971,
        0.7190494801042266,
        0.7174361268496183,
        0.6941421438472062,
        0.7147359540385585,
        0.6897092195150489,
        0.6862818282870103,
        0.6792187668760801,
        0.6718096051897321,
        0.6812461466283842,
        0.6563616633964574,
        0.6710082726544498,
        0.656712404593894,
        0.6681427142587125,
        0.6556389452674971,
        0.6474740164620536,
        0.645711169264833,
        0.6475956648725518,
        0.6528038341328845,
        0.6577727849582373,
        0.6486353720388105,
        0.6409244097872264,
        0.6732185469245031,
        0.6509609661893361,
        0.6615393853956654,
        0.6508720855009721,
        0.6557402720649121,
        0.6571062501125072,
        0.6957337691487255,
        0.661346435546875,
        0.6989305909328197,
        0.6559552311347926
    ],
    "val_accuracy": [
        0.3087557603686636,
        0.5069124423963134,
        0.6036866359447005,
        0.6267281105990783,
        0.6543778801843319,
        0.663594470046083,
        0.6543778801843319,
        0.6912442396313364,
        0.7004608294930875,
        0.6866359447004609,
        0.7096774193548387,
        0.7327188940092166,
        0.7373271889400922,
        0.728110599078341,
        0.7465437788018433,
        0.728110599078341,
        0.7419354838709677,
        0.7373271889400922,
        0.7649769585253456,
        0.7603686635944701,
        0.7557603686635944,
        0.7511520737327189,
        0.7603686635944701,
        0.783410138248848,
        0.7603686635944701,
        0.7511520737327189,
        0.7603686635944701,
        0.7557603686635944,
        0.7649769585253456,
        0.7695852534562212,
        0.783410138248848,
        0.783410138248848,
        0.7880184331797235,
        0.7741935483870968,
        0.7695852534562212,
        0.783410138248848,
        0.783410138248848,
        0.7649769585253456,
        0.7788018433179723,
        0.7926267281105991,
        0.7880184331797235,
        0.7788018433179723,
        0.7788018433179723,
        0.7741935483870968,
        0.7972350230414746,
        0.783410138248848,
        0.7788018433179723,
        0.7880184331797235
    ],
    "val_pct": 0.1,
    "patience_limit": 10,
    "batch_size": 32,
    "lr": 1e-05,
    "max_mem0": 6392376832,
    "time": 102276.41308426857,
    "labels_list": [
        "Corn leaf blight",
        "Strawberry leaf",
        "Tomato Early blight leaf",
        "Tomato leaf",
        "Raspberry leaf",
        "Potato leaf early blight",
        "Tomato leaf mosaic virus",
        "Bell_pepper leaf spot",
        "Tomato leaf late blight",
        "Tomato leaf yellow virus",
        "grape leaf black rot",
        "Apple rust leaf",
        "Corn Gray leaf spot",
        "Soyabean leaf",
        "Squash Powdery mildew leaf",
        "Apple Scab Leaf",
        "Potato leaf late blight",
        "Peach leaf",
        "Tomato mold leaf",
        "Tomato leaf bacterial spot",
        "Corn rust leaf",
        "Tomato Septoria leaf spot",
        "Apple leaf",
        "grape leaf",
        "Blueberry leaf",
        "Cherry leaf",
        "Bell_pepper leaf"
    ],
    "patience": 10,
    "epoch": 47
}