{
    "train_loss": [
        3.1110928475660065,
        2.4160043445750827,
        1.7172706528465347,
        1.3847757543611503,
        1.2048390490555752,
        1.0973501821443306,
        1.0250686724643447,
        0.9576585221998762,
        0.9052676821811645,
        0.858912042152876,
        0.8274103620602016,
        0.7881300232422795,
        0.7590635912084512,
        0.7296565594059405,
        0.6978034019919849,
        0.690747841525224,
        0.6569109408150636,
        0.6389751227494401,
        0.6226412401284771,
        0.6050077489612801,
        0.5940611325362447,
        0.5677719296064652,
        0.5558459881283887,
        0.555754478558905,
        0.52668373003595,
        0.5264825240894625,
        0.5099663705209807,
        0.4990899689857379,
        0.4877252286473067,
        0.47576061142665604,
        0.46233935178534596,
        0.4653574409826585,
        0.4495656806194012,
        0.43489606354608673,
        0.4312277959799328,
        0.42254201267643504,
        0.4109751743170969,
        0.41432923025142915,
        0.40965021359139264,
        0.3995545786093676,
        0.38520800758228724,
        0.38480671797648514,
        0.3742471755197283,
        0.37552382034380893,
        0.3571320946966348,
        0.3511464192247908,
        0.3468033693017739,
        0.3373775383258192,
        0.33217590993892915,
        0.32042236903656884,
        0.32185314129906295,
        0.31573351078132367,
        0.3142997457530351,
        0.3009591469052039
    ],
    "train_accuracy": [
        0.1617161716171617,
        0.4097123998114097,
        0.5657708628005658,
        0.6251768033946252,
        0.6567656765676567,
        0.686940122583687,
        0.6991984912776992,
        0.7180575200377181,
        0.7293729372937293,
        0.7444601603017444,
        0.7576614804337577,
        0.7685054219707685,
        0.7779349363507779,
        0.7821782178217822,
        0.7911362564827912,
        0.7944365865157944,
        0.802923149457803,
        0.8137670909948138,
        0.8071664309288071,
        0.8198962753418199,
        0.8217821782178217,
        0.8222536539368223,
        0.8293257897218294,
        0.8236680810938237,
        0.8373408769448374,
        0.8378123526638378,
        0.8406412069778406,
        0.8472418670438473,
        0.8472418670438473,
        0.8547854785478548,
        0.8566713814238567,
        0.8590287600188591,
        0.860914662894861,
        0.8623290900518623,
        0.8675153229608675,
        0.8595002357378595,
        0.8722300801508722,
        0.8722300801508722,
        0.8755304101838756,
        0.8778877887788779,
        0.8788307402168788,
        0.8802451673738803,
        0.8882602545968883,
        0.8859028760018859,
        0.8896746817538896,
        0.8901461574728902,
        0.892975011786893,
        0.8958038661008958,
        0.8967468175388967,
        0.8995756718528995,
        0.9028760018859029,
        0.901933050447902,
        0.9071192833569072,
        0.909005186232909
    ],
    "val_loss": [
        2.8426952449956797,
        2.011147213421659,
        1.531851350986463,
        1.318582279890913,
        1.185853738389257,
        1.094714608609951,
        1.0219617571149553,
        0.9941100371048747,
        0.955315655826973,
        0.899550055578557,
        0.8917306645125288,
        0.8877154231620824,
        0.858399421938004,
        0.8340975150534634,
        0.803166754234771,
        0.790798837688112,
        0.7753936486310123,
        0.7639365481890841,
        0.7430878388716878,
        0.7540726903396817,
        0.7157469718686996,
        0.6987941056352607,
        0.724517822265625,
        0.7047394783266129,
        0.7107886389103902,
        0.6891697474888393,
        0.6790703980054723,
        0.6911631641300043,
        0.6863586144513248,
        0.6666786439957157,
        0.6706850957211261,
        0.6743389076900922,
        0.6601956978371616,
        0.6738572362381192,
        0.6624919697985671,
        0.6597899687454997,
        0.6705502277145737,
        0.650028070546515,
        0.6698623868177563,
        0.6837178595055083,
        0.6748598863452261,
        0.6679158716157834,
        0.6637667466967886,
        0.6446590863065236,
        0.6822760094146025,
        0.6578419768865207,
        0.6699853712512601,
        0.6752533099618375,
        0.6765503773491504,
        0.6921765024211549,
        0.6835111275246616,
        0.7235090545794931,
        0.6949939639886953,
        0.6938294441469254
    ],
    "val_accuracy": [
        0.35023041474654376,
        0.5529953917050692,
        0.6082949308755761,
        0.5990783410138248,
        0.663594470046083,
        0.6497695852534562,
        0.663594470046083,
        0.6866359447004609,
        0.695852534562212,
        0.6912442396313364,
        0.7004608294930875,
        0.7004608294930875,
        0.695852534562212,
        0.7235023041474654,
        0.7096774193548387,
        0.728110599078341,
        0.7327188940092166,
        0.7373271889400922,
        0.7373271889400922,
        0.7511520737327189,
        0.7465437788018433,
        0.7788018433179723,
        0.7465437788018433,
        0.7511520737327189,
        0.7557603686635944,
        0.7557603686635944,
        0.7603686635944701,
        0.7649769585253456,
        0.7603686635944701,
        0.7741935483870968,
        0.783410138248848,
        0.7603686635944701,
        0.7788018433179723,
        0.7741935483870968,
        0.8064516129032258,
        0.7880184331797235,
        0.7788018433179723,
        0.7788018433179723,
        0.7788018433179723,
        0.7649769585253456,
        0.7741935483870968,
        0.7926267281105991,
        0.7788018433179723,
        0.7926267281105991,
        0.7603686635944701,
        0.7649769585253456,
        0.783410138248848,
        0.7695852534562212,
        0.7788018433179723,
        0.7649769585253456,
        0.7741935483870968,
        0.7695852534562212,
        0.7926267281105991,
        0.7695852534562212
    ],
    "val_pct": 0.1,
    "patience_limit": 10,
    "batch_size": 32,
    "lr": 1e-05,
    "max_mem0": 6390279680,
    "time": 129078.52086520195,
    "labels_list": [
        "Corn leaf blight",
        "Strawberry leaf",
        "Tomato Early blight leaf",
        "Tomato leaf",
        "Raspberry leaf",
        "Potato leaf early blight",
        "Tomato leaf mosaic virus",
        "Bell_pepper leaf spot",
        "Tomato leaf late blight",
        "Tomato leaf yellow virus",
        "grape leaf black rot",
        "Apple rust leaf",
        "Corn Gray leaf spot",
        "Soyabean leaf",
        "Squash Powdery mildew leaf",
        "Apple Scab Leaf",
        "Potato leaf late blight",
        "Peach leaf",
        "Tomato mold leaf",
        "Tomato leaf bacterial spot",
        "Corn rust leaf",
        "Tomato Septoria leaf spot",
        "Apple leaf",
        "grape leaf",
        "Blueberry leaf",
        "Cherry leaf",
        "Bell_pepper leaf"
    ],
    "patience": 10,
    "epoch": 53
}