{
    "train_loss": [
        3.1054867065947667,
        2.4161459254184345,
        1.7186558429838519,
        1.3825939129906295,
        1.2160794169539721,
        1.1079355947592526,
        1.0320638020833333,
        0.966542835226603,
        0.9249949583407001,
        0.8812604631696429,
        0.8425328076194897,
        0.8026707211736799,
        0.7672421294863861,
        0.7446741430560466,
        0.7268897474289839,
        0.6966272450347714,
        0.6734452236378772,
        0.6512272756991101,
        0.6302251964175212,
        0.6073220202182048,
        0.6019855734875943,
        0.5818769499020214,
        0.5710194258125589,
        0.5523049131084984,
        0.53634547153097,
        0.532073816338107,
        0.5155172604314003,
        0.5014498799210279,
        0.49755168736739747,
        0.4814784919130864,
        0.4756503970709571,
        0.46297491164434523,
        0.4522065374436439,
        0.44451607897954976,
        0.4355329471284182,
        0.4314551886271216,
        0.42294241020781764,
        0.40717798760902874,
        0.4009487758206624,
        0.39413983076600073,
        0.386869712013054,
        0.37894190420018564,
        0.3701350289883899,
        0.36254497206138026,
        0.3555618135055693,
        0.3608268367294319,
        0.3448357408983086,
        0.33584765947297857,
        0.33957586868480377,
        0.32577190911753007
    ],
    "train_accuracy": [
        0.14427157001414428,
        0.4115983026874116,
        0.5704856199905705,
        0.6265912305516266,
        0.6586515794436586,
        0.6685525695426685,
        0.6944837340876945,
        0.7076850542197077,
        0.7289014615747289,
        0.7421027817067422,
        0.7609618104667609,
        0.7699198491277699,
        0.7779349363507779,
        0.776049033474776,
        0.7812352663837813,
        0.7991513437057991,
        0.7996228194247996,
        0.8010372465818011,
        0.8137670909948138,
        0.8184818481848185,
        0.8241395568128241,
        0.8264969354078265,
        0.8255539839698256,
        0.8241395568128241,
        0.8363979255068364,
        0.834040546911834,
        0.8387553041018387,
        0.8444130127298444,
        0.8486562942008486,
        0.8533710513908533,
        0.8571428571428571,
        0.8557284299858557,
        0.8595002357378595,
        0.860914662894861,
        0.8642149929278642,
        0.8731730315888732,
        0.8637435172088638,
        0.8703441772748703,
        0.8821310702498821,
        0.8793022159358793,
        0.8811881188118812,
        0.8835454974068836,
        0.8854314002828855,
        0.884016973125884,
        0.8887317303158887,
        0.8868458274398868,
        0.8934464875058934,
        0.8958038661008958,
        0.8976897689768977,
        0.9033474776049033
    ],
    "val_loss": [
        2.8386756439912153,
        2.0285816104730703,
        1.52711184453305,
        1.3215618924611174,
        1.206526373937932,
        1.1234812934277794,
        1.0779203072121615,
        1.0180341307468679,
        1.0047850718695996,
        0.9550539359519009,
        0.9407893589564732,
        0.9118114418697797,
        0.9127366026425692,
        0.873332291704169,
        0.8507223524805587,
        0.8532450451828917,
        0.800513201594902,
        0.8014075635215654,
        0.7586988457886304,
        0.7687813191919283,
        0.7441638999270953,
        0.7394435900147609,
        0.7203262258784562,
        0.7009771672262025,
        0.713987781155494,
        0.6974398705267137,
        0.7041509250342022,
        0.7221016598187284,
        0.6940579040808612,
        0.6991814819898473,
        0.6811842676681308,
        0.6835014940956221,
        0.668468281970046,
        0.6718566472629248,
        0.6878695158365136,
        0.6754391577935988,
        0.6645987374441964,
        0.6760166713169643,
        0.7006720617619527,
        0.6537185879896313,
        0.6784147622947869,
        0.6792667230702765,
        0.6658303397042411,
        0.6613275202737975,
        0.6805009973763321,
        0.6855519378240207,
        0.6697014312040971,
        0.7294490831788234,
        0.6850743447580645,
        0.6757014402046732
    ],
    "val_accuracy": [
        0.33640552995391704,
        0.543778801843318,
        0.6359447004608295,
        0.631336405529954,
        0.6451612903225806,
        0.6589861751152074,
        0.695852534562212,
        0.6682027649769585,
        0.6682027649769585,
        0.6820276497695853,
        0.6866359447004609,
        0.6912442396313364,
        0.6728110599078341,
        0.6866359447004609,
        0.7050691244239631,
        0.7004608294930875,
        0.7096774193548387,
        0.7142857142857143,
        0.7327188940092166,
        0.7465437788018433,
        0.7188940092165899,
        0.728110599078341,
        0.7649769585253456,
        0.7557603686635944,
        0.7603686635944701,
        0.7465437788018433,
        0.7465437788018433,
        0.7465437788018433,
        0.7511520737327189,
        0.7557603686635944,
        0.7603686635944701,
        0.7557603686635944,
        0.7695852534562212,
        0.7649769585253456,
        0.7695852534562212,
        0.7649769585253456,
        0.7695852534562212,
        0.7649769585253456,
        0.783410138248848,
        0.7926267281105991,
        0.7603686635944701,
        0.7695852534562212,
        0.7788018433179723,
        0.7557603686635944,
        0.7788018433179723,
        0.7419354838709677,
        0.7649769585253456,
        0.7557603686635944,
        0.7788018433179723,
        0.783410138248848
    ],
    "val_pct": 0.1,
    "patience_limit": 10,
    "batch_size": 32,
    "lr": 1e-05,
    "max_mem0": 6379338752,
    "time": 109972.40537595749,
    "labels_list": [
        "Corn leaf blight",
        "Strawberry leaf",
        "Tomato Early blight leaf",
        "Tomato leaf",
        "Raspberry leaf",
        "Potato leaf early blight",
        "Tomato leaf mosaic virus",
        "Bell_pepper leaf spot",
        "Tomato leaf late blight",
        "Tomato leaf yellow virus",
        "grape leaf black rot",
        "Apple rust leaf",
        "Corn Gray leaf spot",
        "Soyabean leaf",
        "Squash Powdery mildew leaf",
        "Apple Scab Leaf",
        "Potato leaf late blight",
        "Peach leaf",
        "Tomato mold leaf",
        "Tomato leaf bacterial spot",
        "Corn rust leaf",
        "Tomato Septoria leaf spot",
        "Apple leaf",
        "grape leaf",
        "Blueberry leaf",
        "Cherry leaf",
        "Bell_pepper leaf"
    ],
    "patience": 10,
    "epoch": 49
}