{
    "train_loss": [
        3.0717059777964404,
        2.4144172578530174,
        1.8093933939989981,
        1.4317851986091465,
        1.227903143969531,
        1.0978465208407002,
        0.9931128401623645,
        0.9268606024944013,
        0.865669074231642,
        0.8200603019286303,
        0.7848816061851721,
        0.7547086565520391,
        0.7226925660618517,
        0.6879086276373173,
        0.6746983867611092,
        0.6562640429779585,
        0.6351213612572195,
        0.6150058888422324,
        0.5957868073358675,
        0.5785343182755776,
        0.5617428302540075,
        0.5429999438280881,
        0.5349550440535125,
        0.5221112443275577,
        0.5100965558330387,
        0.5042619862572195,
        0.48316857006571196,
        0.4801446679963755,
        0.47420434443695486,
        0.45810283281397335,
        0.4588897000051568,
        0.4470746635210396,
        0.4266495837292993,
        0.4151907151513142,
        0.4096250340714875,
        0.40444504568341877,
        0.39943642191367573,
        0.3843420910868989
    ],
    "train_accuracy": [
        0.16501650165016502,
        0.39038189533239037,
        0.5756718528995757,
        0.6374351720886374,
        0.6718528995756718,
        0.6996699669966997,
        0.719000471475719,
        0.7350306459217351,
        0.7383309759547383,
        0.7623762376237624,
        0.7741631305987742,
        0.7765205091937766,
        0.7826496935407826,
        0.7958510136727959,
        0.801980198019802,
        0.8048090523338048,
        0.8165959453088166,
        0.8189533239038189,
        0.8231966053748232,
        0.8307402168788307,
        0.8274398868458275,
        0.8354549740688355,
        0.8288543140028288,
        0.834040546911834,
        0.843941537010844,
        0.8415841584158416,
        0.851013672795851,
        0.8505421970768505,
        0.8557284299858557,
        0.8576143328618576,
        0.8595002357378595,
        0.8628005657708628,
        0.8675153229608675,
        0.8731730315888732,
        0.8755304101838756,
        0.8679867986798679,
        0.8741159830268741,
        0.8821310702498821
    ],
    "val_loss": [
        2.7925460041942682,
        2.0872213477912585,
        1.6188177293346775,
        1.3436985279557891,
        1.19844484109483,
        1.1022119478146601,
        1.0215640441613263,
        0.9597187657510081,
        0.9209993423954133,
        0.8941148327242944,
        0.881083264328917,
        0.8536654002106134,
        0.801675049390661,
        0.7956862207931308,
        0.7824865947670651,
        0.8007448257938508,
        0.7279552688247047,
        0.7393208868492583,
        0.7073981641075029,
        0.7179878340338781,
        0.698486820344002,
        0.7085662701162875,
        0.7048568374000936,
        0.6986880675988263,
        0.7195428241782474,
        0.6870364000171011,
        0.6601075906358007,
        0.6453165502592166,
        0.6674982589510728,
        0.6658507316343246,
        0.682718514297415,
        0.6565432218912011,
        0.6470578101373488,
        0.6726428616431451,
        0.6571073048675116,
        0.6501210296208957,
        0.6588430800196212,
        0.6748685353362616
    ],
    "val_accuracy": [
        0.2764976958525346,
        0.5483870967741935,
        0.6175115207373272,
        0.6497695852534562,
        0.663594470046083,
        0.6866359447004609,
        0.7004608294930875,
        0.7235023041474654,
        0.7096774193548387,
        0.7373271889400922,
        0.7142857142857143,
        0.728110599078341,
        0.7557603686635944,
        0.7373271889400922,
        0.7188940092165899,
        0.7327188940092166,
        0.7788018433179723,
        0.7419354838709677,
        0.7603686635944701,
        0.7603686635944701,
        0.7603686635944701,
        0.7741935483870968,
        0.783410138248848,
        0.7695852534562212,
        0.7465437788018433,
        0.7880184331797235,
        0.7880184331797235,
        0.783410138248848,
        0.7788018433179723,
        0.7741935483870968,
        0.7788018433179723,
        0.7972350230414746,
        0.7926267281105991,
        0.7695852534562212,
        0.7788018433179723,
        0.8064516129032258,
        0.7788018433179723,
        0.7880184331797235
    ],
    "val_pct": 0.1,
    "patience_limit": 10,
    "batch_size": 32,
    "lr": 1e-05,
    "max_mem0": 6213803520,
    "time": 64101.03453683853,
    "labels_list": [
        "Corn leaf blight",
        "Strawberry leaf",
        "Tomato Early blight leaf",
        "Tomato leaf",
        "Raspberry leaf",
        "Potato leaf early blight",
        "Tomato leaf mosaic virus",
        "Bell_pepper leaf spot",
        "Tomato leaf late blight",
        "Tomato leaf yellow virus",
        "grape leaf black rot",
        "Apple rust leaf",
        "Corn Gray leaf spot",
        "Soyabean leaf",
        "Squash Powdery mildew leaf",
        "Apple Scab Leaf",
        "Potato leaf late blight",
        "Peach leaf",
        "Tomato mold leaf",
        "Tomato leaf bacterial spot",
        "Corn rust leaf",
        "Tomato Septoria leaf spot",
        "Apple leaf",
        "grape leaf",
        "Blueberry leaf",
        "Cherry leaf",
        "Bell_pepper leaf"
    ],
    "patience": 10,
    "epoch": 37
}