{
    "train_loss": [
        3.0732147921823434,
        2.390924506792197,
        1.770026667845356,
        1.4120055490482084,
        1.2140256889807284,
        1.0761199620241042,
        0.9959624136241749,
        0.9208139494194956,
        0.8697742280505952,
        0.8237042820492987,
        0.7807162517311999,
        0.7494947981126238,
        0.7165830649052628,
        0.6937154565763496,
        0.6730868399339934,
        0.647468246754921,
        0.6361115638628595,
        0.6081419804926921,
        0.5969724605691596,
        0.590025560522012,
        0.5653757601625118,
        0.548132709825112,
        0.5402621962112506,
        0.5338882381541725,
        0.5176136928704032,
        0.49641547232290195,
        0.4893361423893505,
        0.47578567584018444,
        0.4781052707670321,
        0.46160206666593,
        0.45457079364465464,
        0.44044468010556637,
        0.436864325034624,
        0.4224818120414162,
        0.4156496730518476
    ],
    "train_accuracy": [
        0.15794436586515795,
        0.4012258368694012,
        0.5846298915605846,
        0.644035832154644,
        0.6751532296086752,
        0.7001414427157001,
        0.7265440829797265,
        0.7421027817067422,
        0.7543611504007544,
        0.7604903347477605,
        0.7831211692597831,
        0.7784064120697785,
        0.7901933050447902,
        0.793965110796794,
        0.8010372465818011,
        0.809052333804809,
        0.8104667609618105,
        0.8151815181518152,
        0.8109382366808109,
        0.8250825082508251,
        0.8241395568128241,
        0.8335690711928335,
        0.8387553041018387,
        0.8354549740688355,
        0.8345120226308345,
        0.8472418670438473,
        0.8462989156058462,
        0.8533710513908533,
        0.860914662894861,
        0.8566713814238567,
        0.8604431871758604,
        0.858085808580858,
        0.8675153229608675,
        0.8684582743988685,
        0.8689297501178689
    ],
    "val_loss": [
        2.721581243699597,
        2.0368255755868376,
        1.5615726594002015,
        1.318837671235959,
        1.1612670476535498,
        1.067156462076073,
        0.9948001281457013,
        0.949954828359015,
        0.9040619459020377,
        0.8886365055488551,
        0.8314061318674395,
        0.8347267115720406,
        0.8101355205483151,
        0.7918841102705573,
        0.7652983775336621,
        0.7438585131948444,
        0.7640027868033554,
        0.7344816005724366,
        0.7280890820762529,
        0.7055436938589069,
        0.7080116799350158,
        0.7080043669669859,
        0.681200440578197,
        0.6900845013455861,
        0.6660367904170867,
        0.6749487670335902,
        0.6774450908608151,
        0.6684986589141705,
        0.6811140913018433,
        0.6836446595082085,
        0.6794429374729982,
        0.693948490828413,
        0.669544905561456,
        0.6774526147798459,
        0.6854883009387601
    ],
    "val_accuracy": [
        0.3271889400921659,
        0.5898617511520737,
        0.6359447004608295,
        0.663594470046083,
        0.6728110599078341,
        0.6820276497695853,
        0.6866359447004609,
        0.7050691244239631,
        0.7004608294930875,
        0.7096774193548387,
        0.7327188940092166,
        0.7096774193548387,
        0.7235023041474654,
        0.7235023041474654,
        0.7557603686635944,
        0.7327188940092166,
        0.7235023041474654,
        0.728110599078341,
        0.7511520737327189,
        0.7465437788018433,
        0.7557603686635944,
        0.7419354838709677,
        0.7511520737327189,
        0.7603686635944701,
        0.7788018433179723,
        0.7695852534562212,
        0.7695852534562212,
        0.7741935483870968,
        0.7788018433179723,
        0.7603686635944701,
        0.783410138248848,
        0.7557603686635944,
        0.7603686635944701,
        0.7926267281105991,
        0.7649769585253456
    ],
    "val_pct": 0.1,
    "patience_limit": 10,
    "batch_size": 32,
    "lr": 1e-05,
    "max_mem0": 6393814528,
    "time": 54670.190294504166,
    "labels_list": [
        "Corn leaf blight",
        "Strawberry leaf",
        "Tomato Early blight leaf",
        "Tomato leaf",
        "Raspberry leaf",
        "Potato leaf early blight",
        "Tomato leaf mosaic virus",
        "Bell_pepper leaf spot",
        "Tomato leaf late blight",
        "Tomato leaf yellow virus",
        "grape leaf black rot",
        "Apple rust leaf",
        "Corn Gray leaf spot",
        "Soyabean leaf",
        "Squash Powdery mildew leaf",
        "Apple Scab Leaf",
        "Potato leaf late blight",
        "Peach leaf",
        "Tomato mold leaf",
        "Tomato leaf bacterial spot",
        "Corn rust leaf",
        "Tomato Septoria leaf spot",
        "Apple leaf",
        "grape leaf",
        "Blueberry leaf",
        "Cherry leaf",
        "Bell_pepper leaf"
    ],
    "patience": 10,
    "epoch": 34
}