{
    "train_loss": [
        3.0985842376090287,
        2.419598656294201,
        1.734902877843588,
        1.3782119283356906,
        1.1989848538425272,
        1.0903514842276638,
        1.0107456406913014,
        0.9440317688995462,
        0.8939862788594708,
        0.8494717653266443,
        0.8092914097492339,
        0.7901988301508722,
        0.7461244834025813,
        0.7202787277890735,
        0.6970134269286303,
        0.6710506081300094,
        0.6486477417970592,
        0.6342298048164191,
        0.6094008413815712,
        0.5990296417337047,
        0.5935993257528878,
        0.5662205258611799,
        0.5615563003705505,
        0.539824619320191,
        0.5354983461515794,
        0.5115988667086575,
        0.5024212626340759,
        0.4929186557048562,
        0.47791456827741924,
        0.47318142284373527,
        0.46386946085094,
        0.4510016614454414,
        0.448506615623895,
        0.4382845938402434,
        0.43046630974481376,
        0.421725822135785,
        0.41219440983579386,
        0.3993874729269802,
        0.39423767118620345,
        0.3832653284859736,
        0.3827923851606701,
        0.3748832245808286,
        0.3693533415841584,
        0.35431762867972066,
        0.3473037654979226,
        0.3400365244043936,
        0.34296224073439713,
        0.33644658672759015,
        0.3298642573520745
    ],
    "train_accuracy": [
        0.16454502593116455,
        0.4073550212164074,
        0.5695426685525695,
        0.6388495992456389,
        0.6628948609146629,
        0.6968411126826969,
        0.7086280056577087,
        0.7237152286657237,
        0.7388024516737388,
        0.7501178689297501,
        0.7534181989627534,
        0.7637906647807637,
        0.7802923149457803,
        0.7793493635077794,
        0.7916077322017916,
        0.8005657708628006,
        0.8043375766148043,
        0.8071664309288071,
        0.8222536539368223,
        0.818010372465818,
        0.8203677510608204,
        0.8250825082508251,
        0.8288543140028288,
        0.8401697312588402,
        0.8406412069778406,
        0.8420556341348421,
        0.8420556341348421,
        0.8524280999528524,
        0.851013672795851,
        0.851013672795851,
        0.8514851485148515,
        0.858085808580858,
        0.851013672795851,
        0.8547854785478548,
        0.8618576143328619,
        0.8651579443658651,
        0.8741159830268741,
        0.876001885902876,
        0.8717586044318718,
        0.8797736916548797,
        0.8793022159358793,
        0.8741159830268741,
        0.8873173031588873,
        0.8910891089108911,
        0.8948609146628949,
        0.8972182932578973,
        0.8953323903818954,
        0.9005186232909005,
        0.8948609146628949
    ],
    "val_loss": [
        2.817783900669643,
        2.038396738641273,
        1.5454898957283265,
        1.2994889641687069,
        1.16831541281142,
        1.1011268158662155,
        1.0333348990585398,
        0.9914414366269442,
        0.9492439938031034,
        0.9348748554282474,
        0.8865416917932748,
        0.8585425873505904,
        0.8392315701954925,
        0.8157013923891129,
        0.7988635647681451,
        0.7671555901452694,
        0.7510521532753096,
        0.7860947006858439,
        0.7261173230711766,
        0.7158051943449381,
        0.7149808681505616,
        0.6860587827620968,
        0.7035079463835685,
        0.6832406180245536,
        0.6867620230819772,
        0.6593869820168491,
        0.6848482052851382,
        0.6657931420110887,
        0.6900475146034346,
        0.6520077753726239,
        0.6489600959461406,
        0.6476704821608583,
        0.6582249232700893,
        0.6787217663180444,
        0.6568260368663594,
        0.6606870027181739,
        0.6533046318089357,
        0.6577549244401641,
        0.6205570906538018,
        0.6474451161749352,
        0.6867559055029522,
        0.6331508654053859,
        0.6596115041987687,
        0.6582277359501008,
        0.6569764449299755,
        0.6693950600338422,
        0.6497954619095622,
        0.6580304967642929,
        0.6530364427698373
    ],
    "val_accuracy": [
        0.2995391705069124,
        0.5714285714285714,
        0.6175115207373272,
        0.6774193548387096,
        0.6728110599078341,
        0.6774193548387096,
        0.6820276497695853,
        0.6912442396313364,
        0.6866359447004609,
        0.7004608294930875,
        0.7004608294930875,
        0.7142857142857143,
        0.6866359447004609,
        0.7188940092165899,
        0.7188940092165899,
        0.7327188940092166,
        0.7373271889400922,
        0.7004608294930875,
        0.7465437788018433,
        0.7419354838709677,
        0.7557603686635944,
        0.7419354838709677,
        0.728110599078341,
        0.7649769585253456,
        0.7741935483870968,
        0.7557603686635944,
        0.7373271889400922,
        0.7511520737327189,
        0.7603686635944701,
        0.7695852534562212,
        0.783410138248848,
        0.7880184331797235,
        0.7419354838709677,
        0.7649769585253456,
        0.7695852534562212,
        0.7649769585253456,
        0.7788018433179723,
        0.7788018433179723,
        0.7926267281105991,
        0.7741935483870968,
        0.7649769585253456,
        0.7972350230414746,
        0.7649769585253456,
        0.7695852534562212,
        0.7788018433179723,
        0.7741935483870968,
        0.783410138248848,
        0.7926267281105991,
        0.7926267281105991
    ],
    "val_pct": 0.1,
    "patience_limit": 10,
    "batch_size": 32,
    "lr": 1e-05,
    "max_mem0": 6381259776,
    "time": 106547.61700701714,
    "labels_list": [
        "Corn leaf blight",
        "Strawberry leaf",
        "Tomato Early blight leaf",
        "Tomato leaf",
        "Raspberry leaf",
        "Potato leaf early blight",
        "Tomato leaf mosaic virus",
        "Bell_pepper leaf spot",
        "Tomato leaf late blight",
        "Tomato leaf yellow virus",
        "grape leaf black rot",
        "Apple rust leaf",
        "Corn Gray leaf spot",
        "Soyabean leaf",
        "Squash Powdery mildew leaf",
        "Apple Scab Leaf",
        "Potato leaf late blight",
        "Peach leaf",
        "Tomato mold leaf",
        "Tomato leaf bacterial spot",
        "Corn rust leaf",
        "Tomato Septoria leaf spot",
        "Apple leaf",
        "grape leaf",
        "Blueberry leaf",
        "Cherry leaf",
        "Bell_pepper leaf"
    ],
    "patience": 10,
    "epoch": 48
}