{
    "train_loss": [
        3.0672635622937294,
        2.410355384031707,
        1.8085084561748586,
        1.4299687048783003,
        1.2220940704561527,
        1.081679945338284,
        0.9873755930280528,
        0.9144151859382367,
        0.8652485906375236,
        0.8112392974090936,
        0.7803800260048326,
        0.7441984659542963,
        0.718117893332302,
        0.6917034546646629,
        0.6717292177738979,
        0.6466959980735797,
        0.6287432018173915,
        0.6202127833458569,
        0.5916505747952028,
        0.5777299549151343,
        0.5596222254758958,
        0.5471177593484795,
        0.5305914764188473,
        0.5255980466908298,
        0.5183527909152522,
        0.5051176295084866,
        0.48619195415635313,
        0.4761226209814062,
        0.46301672403568483,
        0.46313073690181517,
        0.4543728394533092,
        0.44929719499572723,
        0.435990351092866,
        0.42243435943761787,
        0.41668847932505304,
        0.4125177148713755,
        0.4001194631530675,
        0.38892217381615396,
        0.3855461901170586,
        0.3811027386569572,
        0.36854748184081804,
        0.36124628436615985,
        0.3529907686988007,
        0.34549230767105726,
        0.3373872648146511
    ],
    "train_accuracy": [
        0.19047619047619047,
        0.3955681282413956,
        0.5737859500235738,
        0.644035832154644,
        0.6793965110796794,
        0.7090994813767091,
        0.7312588401697313,
        0.7416313059877416,
        0.7619047619047619,
        0.7661480433757661,
        0.776049033474776,
        0.7751060820367751,
        0.7925506836397925,
        0.8024516737388024,
        0.7986798679867987,
        0.80999528524281,
        0.8198962753418199,
        0.8184818481848185,
        0.8217821782178217,
        0.8246110325318247,
        0.8316831683168316,
        0.8345120226308345,
        0.8472418670438473,
        0.8363979255068364,
        0.8387553041018387,
        0.8467703913248468,
        0.851013672795851,
        0.8552569542668552,
        0.858085808580858,
        0.8585572842998586,
        0.8590287600188591,
        0.8604431871758604,
        0.8628005657708628,
        0.8689297501178689,
        0.8722300801508722,
        0.8684582743988685,
        0.8774163130598774,
        0.884016973125884,
        0.8868458274398868,
        0.8816595945308816,
        0.8953323903818954,
        0.8896746817538896,
        0.8948609146628949,
        0.892975011786893,
        0.8967468175388967
    ],
    "val_loss": [
        2.771925121957805,
        2.1079039683539746,
        1.6051762312788018,
        1.3133155365693405,
        1.1706669539350518,
        1.0715576734411003,
        1.0018753543976815,
        0.9664045764553931,
        0.9165093909760225,
        0.8782205186131913,
        0.8377730549755185,
        0.8143692368186564,
        0.8130883423414098,
        0.7992712627358151,
        0.7708203715662802,
        0.7457676197526641,
        0.7509386616368448,
        0.7213397048036074,
        0.7206252137636808,
        0.7222136748001872,
        0.7069681756507417,
        0.6866530317315308,
        0.6940934141660067,
        0.6838949880292339,
        0.6844670871435772,
        0.6736965618924611,
        0.6933621173630112,
        0.6899466800250216,
        0.6662410613029234,
        0.6788658458516345,
        0.6637396746516777,
        0.6612647975095406,
        0.6781658401137672,
        0.6605711906186996,
        0.645641133532546,
        0.6810067172424035,
        0.6571604645197293,
        0.6544200703845046,
        0.6520471528927851,
        0.6783861432756696,
        0.6569632956509217,
        0.6713776478569629,
        0.6691974692630328,
        0.6859743320447509,
        0.668050528671335
    ],
    "val_accuracy": [
        0.3456221198156682,
        0.4976958525345622,
        0.631336405529954,
        0.663594470046083,
        0.6589861751152074,
        0.695852534562212,
        0.6912442396313364,
        0.7004608294930875,
        0.7096774193548387,
        0.7142857142857143,
        0.728110599078341,
        0.7419354838709677,
        0.7373271889400922,
        0.7327188940092166,
        0.7695852534562212,
        0.7419354838709677,
        0.7373271889400922,
        0.7557603686635944,
        0.7695852534562212,
        0.7511520737327189,
        0.7741935483870968,
        0.7741935483870968,
        0.7741935483870968,
        0.7695852534562212,
        0.7741935483870968,
        0.783410138248848,
        0.7603686635944701,
        0.7788018433179723,
        0.783410138248848,
        0.783410138248848,
        0.7741935483870968,
        0.7926267281105991,
        0.783410138248848,
        0.7788018433179723,
        0.8064516129032258,
        0.783410138248848,
        0.783410138248848,
        0.7788018433179723,
        0.783410138248848,
        0.783410138248848,
        0.7695852534562212,
        0.783410138248848,
        0.7788018433179723,
        0.7788018433179723,
        0.783410138248848
    ],
    "val_pct": 0.1,
    "patience_limit": 10,
    "batch_size": 32,
    "lr": 1e-05,
    "max_mem0": 6390693376,
    "time": 89517.70529079437,
    "labels_list": [
        "Corn leaf blight",
        "Strawberry leaf",
        "Tomato Early blight leaf",
        "Tomato leaf",
        "Raspberry leaf",
        "Potato leaf early blight",
        "Tomato leaf mosaic virus",
        "Bell_pepper leaf spot",
        "Tomato leaf late blight",
        "Tomato leaf yellow virus",
        "grape leaf black rot",
        "Apple rust leaf",
        "Corn Gray leaf spot",
        "Soyabean leaf",
        "Squash Powdery mildew leaf",
        "Apple Scab Leaf",
        "Potato leaf late blight",
        "Peach leaf",
        "Tomato mold leaf",
        "Tomato leaf bacterial spot",
        "Corn rust leaf",
        "Tomato Septoria leaf spot",
        "Apple leaf",
        "grape leaf",
        "Blueberry leaf",
        "Cherry leaf",
        "Bell_pepper leaf"
    ],
    "patience": 10,
    "epoch": 44
}