{
    "train_loss": [
        3.0930715630156764,
        2.4140995642533003,
        1.7761941826158063,
        1.4178095578810113,
        1.2098652841009547,
        1.081689038742044,
        0.9838651938575554,
        0.9226500112343824,
        0.8650028385232497,
        0.8235425575900224,
        0.7874523344494048,
        0.746877624425389,
        0.7149829711626297,
        0.6924830701541136,
        0.6703455240194779,
        0.6540560149067363,
        0.638112975987889,
        0.6080950746441832,
        0.5907446876105021,
        0.5902283779577735,
        0.5681102848008015,
        0.5474930636897395,
        0.5429227074493164,
        0.5294934766914191,
        0.5191957724650813,
        0.5130625593948904,
        0.4977473106546146,
        0.4858480163027463,
        0.4746797913259518,
        0.47122757842888086,
        0.45245125360052746,
        0.44827528058330385,
        0.45051942328021866,
        0.4356696647273544,
        0.42413237993023634,
        0.4213182016792639,
        0.4078231876270774,
        0.4000657084751444,
        0.3923821851702469,
        0.3859023867997849,
        0.38244720991351366,
        0.3692368539309288,
        0.3625869571122849,
        0.35979623178556697
    ],
    "train_accuracy": [
        0.16501650165016502,
        0.4181989627534182,
        0.578972182932579,
        0.6298915605846299,
        0.6751532296086752,
        0.7076850542197077,
        0.7223008015087223,
        0.7397454031117398,
        0.7534181989627534,
        0.76001885902876,
        0.7732201791607732,
        0.7873644507307873,
        0.7991513437057991,
        0.7920792079207921,
        0.8071664309288071,
        0.8057520037718058,
        0.8132956152758133,
        0.8147100424328148,
        0.8246110325318247,
        0.8203677510608204,
        0.8222536539368223,
        0.8283828382838284,
        0.8326261197548326,
        0.8392267798208393,
        0.8396982555398397,
        0.8472418670438473,
        0.8444130127298444,
        0.8528995756718529,
        0.8538425271098539,
        0.8543140028288543,
        0.8576143328618576,
        0.8552569542668552,
        0.8613861386138614,
        0.8613861386138614,
        0.8595002357378595,
        0.8727015558698727,
        0.8708156529938709,
        0.8679867986798679,
        0.8769448373408769,
        0.875058934464875,
        0.8745874587458746,
        0.884016973125884,
        0.8802451673738803,
        0.8830740216878831
    ],
    "val_loss": [
        2.817836216517857,
        2.049939274238551,
        1.5872010964951757,
        1.3046807495679724,
        1.1456983715707805,
        1.0362896194106423,
        0.962488271124352,
        0.9297615438013033,
        0.8820846487300187,
        0.8404973465176772,
        0.8271193262618808,
        0.8219895604568692,
        0.7745563137915826,
        0.774944112048171,
        0.7542598741944484,
        0.7298230993033554,
        0.7196337440596198,
        0.7037045527163739,
        0.7340517527496759,
        0.71322266187536,
        0.6792632072202621,
        0.6901764056649625,
        0.6693629954817109,
        0.6925345565866216,
        0.6792862711963565,
        0.6749308361985167,
        0.6569481774958598,
        0.6650804088961694,
        0.6584981751332085,
        0.6776184925835254,
        0.6641536308323732,
        0.6400810276857719,
        0.6461827853857647,
        0.6378652686896962,
        0.6622834095757129,
        0.6475024245301699,
        0.6409237769342238,
        0.653717533234627,
        0.6583305394045219,
        0.6454516995337701,
        0.6422736523887529,
        0.6730944374189948,
        0.6648296584731422,
        0.645982170983943
    ],
    "val_accuracy": [
        0.30414746543778803,
        0.5714285714285714,
        0.5852534562211982,
        0.6451612903225806,
        0.695852534562212,
        0.7004608294930875,
        0.7235023041474654,
        0.7142857142857143,
        0.7050691244239631,
        0.7327188940092166,
        0.728110599078341,
        0.7419354838709677,
        0.7142857142857143,
        0.7511520737327189,
        0.7327188940092166,
        0.7373271889400922,
        0.7649769585253456,
        0.7603686635944701,
        0.7603686635944701,
        0.7557603686635944,
        0.7788018433179723,
        0.7788018433179723,
        0.7695852534562212,
        0.7557603686635944,
        0.7741935483870968,
        0.7880184331797235,
        0.783410138248848,
        0.7649769585253456,
        0.7695852534562212,
        0.7741935483870968,
        0.7788018433179723,
        0.7926267281105991,
        0.7972350230414746,
        0.7926267281105991,
        0.783410138248848,
        0.783410138248848,
        0.783410138248848,
        0.783410138248848,
        0.7741935483870968,
        0.7788018433179723,
        0.7926267281105991,
        0.7788018433179723,
        0.7649769585253456,
        0.7695852534562212
    ],
    "val_pct": 0.1,
    "patience_limit": 10,
    "batch_size": 32,
    "lr": 1e-05,
    "max_mem0": 6377556992,
    "time": 85480.45924949646,
    "labels_list": [
        "Corn leaf blight",
        "Strawberry leaf",
        "Tomato Early blight leaf",
        "Tomato leaf",
        "Raspberry leaf",
        "Potato leaf early blight",
        "Tomato leaf mosaic virus",
        "Bell_pepper leaf spot",
        "Tomato leaf late blight",
        "Tomato leaf yellow virus",
        "grape leaf black rot",
        "Apple rust leaf",
        "Corn Gray leaf spot",
        "Soyabean leaf",
        "Squash Powdery mildew leaf",
        "Apple Scab Leaf",
        "Potato leaf late blight",
        "Peach leaf",
        "Tomato mold leaf",
        "Tomato leaf bacterial spot",
        "Corn rust leaf",
        "Tomato Septoria leaf spot",
        "Apple leaf",
        "grape leaf",
        "Blueberry leaf",
        "Cherry leaf",
        "Bell_pepper leaf"
    ],
    "patience": 10,
    "epoch": 43
}