{
    "train_loss": [
        2.944638206845238,
        2.0572520700730785,
        1.5266582915266973,
        1.277718421256188,
        1.1216878140101956,
        1.0122101391221712,
        0.931524079793582,
        0.8690313314953148,
        0.8070188645538661,
        0.7612187278995757,
        0.7236010431400283,
        0.6889387721556753,
        0.658049400433905,
        0.6280470960042432,
        0.5998585803055752,
        0.5774413832287246,
        0.5587458630768211,
        0.5298085803976603,
        0.5152853786355198,
        0.4940936040451143,
        0.47899420853776226,
        0.46349855932858913,
        0.4409522704502593,
        0.4297520459007396,
        0.41233397631755364,
        0.4007263039710779,
        0.3868158997819425,
        0.3733527701961044,
        0.35974046274605137,
        0.35083948807129595,
        0.33767149123534007,
        0.32115956782620225,
        0.3093583441072902,
        0.29881180867110146,
        0.2906998882086869,
        0.27863061051501353,
        0.26632004107916374,
        0.2599825141903141
    ],
    "train_accuracy": [
        0.2079207920792079,
        0.47336162187647335,
        0.595002357378595,
        0.6402640264026402,
        0.6864686468646864,
        0.7015558698727016,
        0.7274870344177274,
        0.7477604903347478,
        0.768033946251768,
        0.7793493635077794,
        0.7906647807637907,
        0.8024516737388024,
        0.8066949552098067,
        0.80999528524281,
        0.826968411126827,
        0.8293257897218294,
        0.8359264497878359,
        0.8467703913248468,
        0.8401697312588402,
        0.8543140028288543,
        0.8557284299858557,
        0.8689297501178689,
        0.8717586044318718,
        0.8717586044318718,
        0.8755304101838756,
        0.8826025459688827,
        0.8958038661008958,
        0.8953323903818954,
        0.901933050447902,
        0.9033474776049033,
        0.9127769919849128,
        0.9151343705799151,
        0.9137199434229137,
        0.916077322017916,
        0.9269212635549269,
        0.9269212635549269,
        0.9321074964639321,
        0.9306930693069307
    ],
    "val_loss": [
        2.5263185281358007,
        1.725691413000432,
        1.3422543574038739,
        1.1683104906213997,
        1.0200204453710038,
        0.9505539995184692,
        0.8882860456194196,
        0.839878416281142,
        0.8156793128510225,
        0.7705501433341734,
        0.767521238546767,
        0.719636486422631,
        0.725465343844506,
        0.7050960558350734,
        0.6771488453386016,
        0.6971388434484806,
        0.6559446835847494,
        0.6524374825613839,
        0.6620171894126224,
        0.6463464130454349,
        0.6300467917446717,
        0.6204296059322797,
        0.6325620308449741,
        0.6162199380760369,
        0.6106099774760585,
        0.6079776605702765,
        0.6124734483006913,
        0.6026501633604551,
        0.6191075760098647,
        0.6216505200082806,
        0.6093026438067036,
        0.6177892025714645,
        0.6054911108060916,
        0.6131213491413451,
        0.6146345006705429,
        0.6047283823039674,
        0.6196412820420507,
        0.6506983321932603
    ],
    "val_accuracy": [
        0.391705069124424,
        0.5622119815668203,
        0.6682027649769585,
        0.663594470046083,
        0.7188940092165899,
        0.6774193548387096,
        0.6820276497695853,
        0.728110599078341,
        0.728110599078341,
        0.7465437788018433,
        0.7373271889400922,
        0.7557603686635944,
        0.7419354838709677,
        0.7603686635944701,
        0.7649769585253456,
        0.7557603686635944,
        0.7741935483870968,
        0.7603686635944701,
        0.7695852534562212,
        0.7603686635944701,
        0.7788018433179723,
        0.7511520737327189,
        0.7741935483870968,
        0.7788018433179723,
        0.7741935483870968,
        0.7649769585253456,
        0.7741935483870968,
        0.7695852534562212,
        0.7695852534562212,
        0.7603686635944701,
        0.7557603686635944,
        0.7603686635944701,
        0.7373271889400922,
        0.7649769585253456,
        0.7511520737327189,
        0.7649769585253456,
        0.7557603686635944,
        0.7465437788018433
    ],
    "val_pct": 0.1,
    "patience_limit": 10,
    "batch_size": 8,
    "lr": 1e-05,
    "max_mem0": 5429141504,
    "time": 54047.18176102638,
    "labels_list": [
        "Corn leaf blight",
        "grape leaf",
        "Tomato leaf",
        "Blueberry leaf",
        "grape leaf black rot",
        "Apple rust leaf",
        "Raspberry leaf",
        "Corn Gray leaf spot",
        "Soyabean leaf",
        "Tomato leaf bacterial spot",
        "Peach leaf",
        "Bell_pepper leaf spot",
        "Tomato mold leaf",
        "Tomato Early blight leaf",
        "Cherry leaf",
        "Tomato leaf yellow virus",
        "Squash Powdery mildew leaf",
        "Potato leaf late blight",
        "Tomato leaf mosaic virus",
        "Bell_pepper leaf",
        "Corn rust leaf",
        "Tomato Septoria leaf spot",
        "Potato leaf early blight",
        "Apple leaf",
        "Apple Scab Leaf",
        "Strawberry leaf",
        "Tomato leaf late blight"
    ],
    "patience": 10,
    "epoch": 37
}