{
    "train_loss": [
        2.9809692325259314,
        2.0013004718440595,
        1.5173469913955682,
        1.3020757363124704,
        1.1615458141796322,
        1.0548858282870697,
        0.9727309540384842,
        0.9102589824412128,
        0.8586026937654703,
        0.8111344930530999,
        0.7712703922456978,
        0.7362462268129715,
        0.7039379963386964,
        0.6815205690490924,
        0.649134699323727,
        0.619627927845798,
        0.6025102859058227,
        0.5740824064967881,
        0.5493566359286598,
        0.5312953519124234,
        0.5107709640941773,
        0.4885546851978725,
        0.4723683113986622,
        0.4586578469858705,
        0.4375816967508693,
        0.42259545081182226,
        0.4101596744147071,
        0.40121708878477136,
        0.379616427567701,
        0.36222195479174035,
        0.34527907310820366,
        0.33278398815048915,
        0.322399867811837,
        0.31186878540672147,
        0.29828709625287303,
        0.288336408975719,
        0.2729322693360296,
        0.26874777844692954,
        0.2518919747373733,
        0.24460867630429337
    ],
    "train_accuracy": [
        0.21404997642621404,
        0.4667609618104668,
        0.5681282413955682,
        0.6232909005186232,
        0.6548797736916548,
        0.6798679867986799,
        0.6996699669966997,
        0.7204148986327205,
        0.7392739273927392,
        0.7487034417727487,
        0.7722772277227723,
        0.7661480433757661,
        0.7826496935407826,
        0.793965110796794,
        0.8109382366808109,
        0.8095238095238095,
        0.8184818481848185,
        0.8359264497878359,
        0.8392267798208393,
        0.8411126826968411,
        0.8590287600188591,
        0.8613861386138614,
        0.8703441772748703,
        0.8656294200848657,
        0.8712871287128713,
        0.8863743517208864,
        0.8892032060348892,
        0.8995756718528995,
        0.8943894389438944,
        0.9038189533239038,
        0.9123055162659123,
        0.9151343705799151,
        0.9165487977369166,
        0.9193776520509194,
        0.9259783121169259,
        0.9245638849599246,
        0.9321074964639321,
        0.9358793022159358,
        0.9391796322489392,
        0.942008486562942
    ],
    "val_loss": [
        2.5050428539926557,
        1.6868346605432747,
        1.4247166506156395,
        1.2437945247245823,
        1.123392342422415,
        1.0479908604775705,
        0.999796643235167,
        0.9607670515913018,
        0.8937977733699957,
        0.8727632865378384,
        0.8661330965806812,
        0.8411486225743448,
        0.8173499744608655,
        0.8122790639850951,
        0.7868825323570708,
        0.8523037818170363,
        0.7835101290232575,
        0.7683981618573589,
        0.765244374077441,
        0.7411159392326109,
        0.7360454506588422,
        0.7454691240864415,
        0.7356050552860383,
        0.7349922426285282,
        0.7239007202710973,
        0.7198826662406393,
        0.7288932976085469,
        0.7285105621759793,
        0.7206678961828556,
        0.7102214619860671,
        0.7335115775534634,
        0.7419844948201685,
        0.742608628514725,
        0.7503534835604478,
        0.7647867510395665,
        0.7421153547577045,
        0.7853429416357647,
        0.7678459624540971,
        0.7753143310546875,
        0.7664972120715726
    ],
    "val_accuracy": [
        0.4009216589861751,
        0.5391705069124424,
        0.6129032258064516,
        0.6728110599078341,
        0.6774193548387096,
        0.6774193548387096,
        0.6866359447004609,
        0.6912442396313364,
        0.7050691244239631,
        0.7004608294930875,
        0.7004608294930875,
        0.7050691244239631,
        0.7188940092165899,
        0.7373271889400922,
        0.7327188940092166,
        0.695852534562212,
        0.7419354838709677,
        0.7327188940092166,
        0.7465437788018433,
        0.7603686635944701,
        0.728110599078341,
        0.7557603686635944,
        0.7603686635944701,
        0.7511520737327189,
        0.7557603686635944,
        0.7511520737327189,
        0.7419354838709677,
        0.728110599078341,
        0.7465437788018433,
        0.7557603686635944,
        0.7603686635944701,
        0.7373271889400922,
        0.7557603686635944,
        0.7557603686635944,
        0.7235023041474654,
        0.7511520737327189,
        0.7373271889400922,
        0.7603686635944701,
        0.7511520737327189,
        0.7373271889400922
    ],
    "val_pct": 0.1,
    "patience_limit": 10,
    "batch_size": 8,
    "lr": 1e-05,
    "max_mem0": 5327673344,
    "time": 83998.75456190109,
    "labels_list": [
        "Corn leaf blight",
        "grape leaf",
        "Tomato leaf",
        "Blueberry leaf",
        "grape leaf black rot",
        "Apple rust leaf",
        "Raspberry leaf",
        "Corn Gray leaf spot",
        "Soyabean leaf",
        "Tomato leaf bacterial spot",
        "Peach leaf",
        "Bell_pepper leaf spot",
        "Tomato mold leaf",
        "Tomato Early blight leaf",
        "Cherry leaf",
        "Tomato leaf yellow virus",
        "Squash Powdery mildew leaf",
        "Potato leaf late blight",
        "Tomato leaf mosaic virus",
        "Bell_pepper leaf",
        "Corn rust leaf",
        "Tomato Septoria leaf spot",
        "Potato leaf early blight",
        "Apple leaf",
        "Apple Scab Leaf",
        "Strawberry leaf",
        "Tomato leaf late blight"
    ],
    "patience": 10,
    "epoch": 39
}