{
    "train_loss": [
        2.93878435695132,
        2.2721059494342293,
        1.8754391308271452,
        1.6083827830327675,
        1.4304552595326496,
        1.2901365576010726,
        1.1756264319233263,
        1.0787009923090523,
        1.011768245741985,
        0.9591910484993812,
        0.9045700799851191,
        0.8603317066500177,
        0.8177797568400813,
        0.7880599810120521,
        0.7569275621758604,
        0.7289432451894743,
        0.6954068872289014,
        0.6708095178239922,
        0.6501166718234324,
        0.621268423926656,
        0.6024331646334277,
        0.5825644227369166,
        0.5598552007823551,
        0.5433022707265146,
        0.5145932439923679,
        0.495455312481583,
        0.47078395845304394,
        0.4556777428928719,
        0.4389616207714521,
        0.42431047827159946,
        0.41892255021400576,
        0.39456183951961044,
        0.38052332193319777,
        0.36419223064187,
        0.3469630793994578,
        0.3263550380219384,
        0.31739299941433874,
        0.3026496567067421,
        0.29087174202911364,
        0.27822957989855907,
        0.2641505448675448,
        0.25285412016369047,
        0.241495825782355,
        0.23213065586692597,
        0.22351665577760343,
        0.21531712497421618,
        0.20272817076629537
    ],
    "train_accuracy": [
        0.18010372465818011,
        0.347949080622348,
        0.46016030174446015,
        0.5073078736445074,
        0.578972182932579,
        0.611032531824611,
        0.6473361621876473,
        0.6760961810466761,
        0.6845827439886846,
        0.7015558698727016,
        0.7166430928807166,
        0.7350306459217351,
        0.7501178689297501,
        0.76001885902876,
        0.7722772277227723,
        0.776049033474776,
        0.7845355964167845,
        0.7934936350777935,
        0.8052805280528053,
        0.8208392267798208,
        0.8184818481848185,
        0.8203677510608204,
        0.8373408769448374,
        0.8354549740688355,
        0.8486562942008486,
        0.8533710513908533,
        0.8618576143328619,
        0.8755304101838756,
        0.8802451673738803,
        0.8873173031588873,
        0.8835454974068836,
        0.8934464875058934,
        0.8939179632248939,
        0.9075907590759076,
        0.90994813767091,
        0.9184347006129184,
        0.9137199434229137,
        0.9207920792079208,
        0.9255068363979255,
        0.9321074964639321,
        0.9358793022159358,
        0.9443658651579444,
        0.9443658651579444,
        0.9467232437529467,
        0.9523809523809523,
        0.9514380009429514,
        0.9566242338519566
    ],
    "val_loss": [
        2.565910374513969,
        2.0505013883388536,
        1.757611112111175,
        1.5093279719902073,
        1.3907130368843605,
        1.2358021538378456,
        1.1241008565173172,
        1.0684315905592958,
        1.021102061469434,
        0.9343322191370248,
        0.9091405912478399,
        0.8963311542563724,
        0.8482068321122552,
        0.837604716076829,
        0.8136619181127592,
        0.7881961945564516,
        0.7881355813022033,
        0.7600745978992656,
        0.7528993105558756,
        0.7340483072166619,
        0.7330261793004752,
        0.7168694421442973,
        0.7046904673774121,
        0.7020735498946933,
        0.7048187959029378,
        0.6880641532933107,
        0.6675005090950821,
        0.6721287037370391,
        0.6670338151641705,
        0.6509200416951685,
        0.6602644678634433,
        0.6439216719245031,
        0.6487318469632056,
        0.6450068038729478,
        0.6451484926285282,
        0.6721734253492223,
        0.6425722886889761,
        0.660917712796119,
        0.660263905327441,
        0.679604736890661,
        0.6719109319871471,
        0.7004462738740279,
        0.6995581701603902,
        0.6927285611904161,
        0.7147849649877592,
        0.7070922148392497,
        0.6857330040997623
    ],
    "val_accuracy": [
        0.2995391705069124,
        0.45161290322580644,
        0.5161290322580645,
        0.5806451612903226,
        0.6175115207373272,
        0.6451612903225806,
        0.6543778801843319,
        0.6543778801843319,
        0.6866359447004609,
        0.728110599078341,
        0.7142857142857143,
        0.6728110599078341,
        0.7050691244239631,
        0.7096774193548387,
        0.7050691244239631,
        0.7096774193548387,
        0.7327188940092166,
        0.7327188940092166,
        0.7096774193548387,
        0.7096774193548387,
        0.728110599078341,
        0.7557603686635944,
        0.7557603686635944,
        0.7788018433179723,
        0.7235023041474654,
        0.7649769585253456,
        0.7649769585253456,
        0.7649769585253456,
        0.7373271889400922,
        0.7327188940092166,
        0.7603686635944701,
        0.7557603686635944,
        0.7511520737327189,
        0.7695852534562212,
        0.7880184331797235,
        0.7373271889400922,
        0.7603686635944701,
        0.7741935483870968,
        0.7419354838709677,
        0.7373271889400922,
        0.7511520737327189,
        0.7373271889400922,
        0.7649769585253456,
        0.7603686635944701,
        0.7603686635944701,
        0.7373271889400922,
        0.7373271889400922
    ],
    "val_pct": 0.1,
    "patience_limit": 10,
    "batch_size": 8,
    "lr": 1e-05,
    "max_mem0": 5530265088,
    "time": 81551.03411364555,
    "labels_list": [
        "Corn leaf blight",
        "grape leaf",
        "Tomato leaf",
        "Blueberry leaf",
        "grape leaf black rot",
        "Apple rust leaf",
        "Raspberry leaf",
        "Corn Gray leaf spot",
        "Soyabean leaf",
        "Tomato leaf bacterial spot",
        "Peach leaf",
        "Bell_pepper leaf spot",
        "Tomato mold leaf",
        "Tomato Early blight leaf",
        "Cherry leaf",
        "Tomato leaf yellow virus",
        "Squash Powdery mildew leaf",
        "Potato leaf late blight",
        "Tomato leaf mosaic virus",
        "Bell_pepper leaf",
        "Corn rust leaf",
        "Tomato Septoria leaf spot",
        "Potato leaf early blight",
        "Apple leaf",
        "Apple Scab Leaf",
        "Strawberry leaf",
        "Tomato leaf late blight"
    ],
    "patience": 10,
    "epoch": 46
}