{
    "train_loss": [
        2.9926145446575907,
        2.3651291677716877,
        1.9675084626208157,
        1.694765629604255,
        1.5058238071295968,
        1.3594578765912306,
        1.2484247692347359,
        1.146607884142209,
        1.0661294191640147,
        1.0018857877696252,
        0.9535030668943011,
        0.8960894450215111,
        0.858176857724835,
        0.8105048036193129,
        0.7735195708465936,
        0.7401359014947254,
        0.7142057153539014,
        0.6766611231435643,
        0.6468477082780822,
        0.623327216580475,
        0.5991468775783828,
        0.5772694718551096,
        0.5585367723435289,
        0.5398444751701733,
        0.5247159289729196,
        0.5046378085771747,
        0.4814186078206035,
        0.4674201472532856,
        0.45179920475306456,
        0.43763683270531295,
        0.42597649919149283,
        0.4063238695172531,
        0.39485757657797027,
        0.3836342444233263,
        0.3626172013127652,
        0.3543497721354167,
        0.33403343909307226,
        0.32362198098995165,
        0.3144321180862506,
        0.2979050869651697,
        0.29126462886941595,
        0.2756736428037335,
        0.27721946388974833,
        0.254933948507853,
        0.24988080734691773,
        0.24069937598531058,
        0.22641809905041843,
        0.2225598627978032
    ],
    "train_accuracy": [
        0.14097123998114097,
        0.31541725601131543,
        0.41254125412541254,
        0.5087223008015087,
        0.5638849599245639,
        0.6039603960396039,
        0.6407355021216408,
        0.6581801037246582,
        0.6775106082036775,
        0.6907119283356907,
        0.7152286657237152,
        0.7246581801037246,
        0.7397454031117398,
        0.7505893446487506,
        0.7713342762847714,
        0.776991984912777,
        0.7746346063177746,
        0.7901933050447902,
        0.8066949552098067,
        0.8147100424328148,
        0.8288543140028288,
        0.8274398868458275,
        0.8297972654408298,
        0.8415841584158416,
        0.8462989156058462,
        0.8500707213578501,
        0.8533710513908533,
        0.85997171145686,
        0.8675153229608675,
        0.8835454974068836,
        0.8778877887788779,
        0.8887317303158887,
        0.8882602545968883,
        0.8887317303158887,
        0.8948609146628949,
        0.9038189533239038,
        0.9118340405469119,
        0.9127769919849128,
        0.917020273455917,
        0.9222065063649222,
        0.9193776520509194,
        0.9306930693069307,
        0.9283356907119283,
        0.9387081565299387,
        0.9363507779349364,
        0.9368222536539368,
        0.9438943894389439,
        0.9429514380009429
    ],
    "val_loss": [
        2.6808837328089,
        2.18488280124928,
        1.8531519454745105,
        1.6210200577836982,
        1.462013631372408,
        1.2991431451612903,
        1.2053091866629464,
        1.113382576797415,
        1.0680658015237976,
        1.0507356845838134,
        0.9338326871669786,
        0.9294117167248704,
        0.8769208494968678,
        0.8556382842876944,
        0.8693538964618736,
        0.8199278660084245,
        0.7772313834335397,
        0.783660888671875,
        0.7828722131966446,
        0.76893067250054,
        0.7544821462323589,
        0.7500623711792554,
        0.7221363260998704,
        0.7129603091472855,
        0.7167503954628096,
        0.713495351202477,
        0.7161653580204133,
        0.6992891373172883,
        0.7165767827890985,
        0.6991031488515265,
        0.69857176328035,
        0.7297252883559547,
        0.7202924034013177,
        0.6968164400021601,
        0.6933618360950101,
        0.7195710916123632,
        0.7354174495292699,
        0.687394524499568,
        0.710765153032294,
        0.700537615657402,
        0.7069576281006984,
        0.7257871144378241,
        0.7262016331545219,
        0.7398609214114703,
        0.7600270636070708,
        0.7174271965905819,
        0.7323977562689012,
        0.7235719882947509
    ],
    "val_accuracy": [
        0.2350230414746544,
        0.39631336405529954,
        0.4792626728110599,
        0.5483870967741935,
        0.5806451612903226,
        0.6451612903225806,
        0.6774193548387096,
        0.7096774193548387,
        0.663594470046083,
        0.6774193548387096,
        0.6866359447004609,
        0.695852534562212,
        0.7188940092165899,
        0.7235023041474654,
        0.6866359447004609,
        0.7327188940092166,
        0.7465437788018433,
        0.7327188940092166,
        0.7096774193548387,
        0.7327188940092166,
        0.7235023041474654,
        0.7235023041474654,
        0.7419354838709677,
        0.7327188940092166,
        0.7465437788018433,
        0.7511520737327189,
        0.7603686635944701,
        0.7741935483870968,
        0.7511520737327189,
        0.7788018433179723,
        0.7695852534562212,
        0.7603686635944701,
        0.7327188940092166,
        0.7511520737327189,
        0.7465437788018433,
        0.7511520737327189,
        0.7419354838709677,
        0.7695852534562212,
        0.7511520737327189,
        0.7511520737327189,
        0.7741935483870968,
        0.7373271889400922,
        0.7511520737327189,
        0.7511520737327189,
        0.7373271889400922,
        0.7511520737327189,
        0.7327188940092166,
        0.7557603686635944
    ],
    "val_pct": 0.1,
    "patience_limit": 10,
    "batch_size": 8,
    "lr": 1e-05,
    "max_mem0": 5531229696,
    "time": 84769.66491532326,
    "labels_list": [
        "Corn leaf blight",
        "grape leaf",
        "Tomato leaf",
        "Blueberry leaf",
        "grape leaf black rot",
        "Apple rust leaf",
        "Raspberry leaf",
        "Corn Gray leaf spot",
        "Soyabean leaf",
        "Tomato leaf bacterial spot",
        "Peach leaf",
        "Bell_pepper leaf spot",
        "Tomato mold leaf",
        "Tomato Early blight leaf",
        "Cherry leaf",
        "Tomato leaf yellow virus",
        "Squash Powdery mildew leaf",
        "Potato leaf late blight",
        "Tomato leaf mosaic virus",
        "Bell_pepper leaf",
        "Corn rust leaf",
        "Tomato Septoria leaf spot",
        "Potato leaf early blight",
        "Apple leaf",
        "Apple Scab Leaf",
        "Strawberry leaf",
        "Tomato leaf late blight"
    ],
    "patience": 10,
    "epoch": 47
}