{
    "train_loss": [
        2.964311498114097,
        2.2695655517002593,
        1.8723013309980552,
        1.6232983824331093,
        1.4480498447445191,
        1.2984489645951203,
        1.1779176243517209,
        1.089560818526049,
        1.0102724383766502,
        0.965848398455917,
        0.9050785624042315,
        0.8529783659867103,
        0.8218428392783474,
        0.7774333027610797,
        0.739525492379037,
        0.716057316529644,
        0.6723144185930869,
        0.6489200834843529,
        0.6165527458856377,
        0.6039121089145745,
        0.5838692686232909,
        0.5570891945500354,
        0.5337053916747702,
        0.5176189302105434,
        0.5031680152529762,
        0.47937877894234737,
        0.4608811554286009,
        0.44987436714514084,
        0.43201682141567954,
        0.42114873631615396,
        0.39894687449353194,
        0.3798999921267238,
        0.376731545224835,
        0.3573882351614068,
        0.34410162120425214,
        0.3346285678372525,
        0.32029911888370755,
        0.3039452077531972,
        0.29354738975571665,
        0.2772419384098008,
        0.2739982119375442,
        0.26016671316964285,
        0.24454882098840464,
        0.2362254357236784,
        0.22788910099157236,
        0.21962029053770332
    ],
    "train_accuracy": [
        0.1735030645921735,
        0.3347477604903347,
        0.44413012729844414,
        0.5205091937765205,
        0.5747289014615747,
        0.6190476190476191,
        0.6468646864686468,
        0.6709099481376709,
        0.6911834040546911,
        0.7001414427157001,
        0.7246581801037246,
        0.7293729372937293,
        0.7416313059877416,
        0.7642621404997643,
        0.7694483734087695,
        0.7840641206977841,
        0.7953795379537953,
        0.8085808580858086,
        0.817067421027817,
        0.8255539839698256,
        0.8283828382838284,
        0.8387553041018387,
        0.8462989156058462,
        0.843941537010844,
        0.8524280999528524,
        0.8642149929278642,
        0.8675153229608675,
        0.8764733616218765,
        0.8774163130598774,
        0.8793022159358793,
        0.8873173031588873,
        0.8986327204148986,
        0.8986327204148986,
        0.9005186232909005,
        0.8995756718528995,
        0.9075907590759076,
        0.9127769919849128,
        0.9184347006129184,
        0.9226779820839227,
        0.9349363507779349,
        0.9292786421499293,
        0.9325789721829326,
        0.9462517680339463,
        0.9415370108439416,
        0.9453088165959453,
        0.9457802923149458
    ],
    "val_loss": [
        2.5992839479226673,
        2.0745787730414746,
        1.7640034899733583,
        1.5286859609014978,
        1.3785639468425979,
        1.242364276938724,
        1.1299190257551484,
        1.0839484430128528,
        1.005149946784094,
        0.9840158207625288,
        0.9353774813463062,
        0.8879840341031826,
        0.8295859763149842,
        0.8415117395638321,
        0.7849793324272754,
        0.767499510593678,
        0.7514780633460542,
        0.7476580219884073,
        0.7364132788873488,
        0.7631896410120248,
        0.7157173684115783,
        0.7221522177419355,
        0.7184943977039531,
        0.7122457477903585,
        0.6879107215986823,
        0.6915315548945132,
        0.6967328330888177,
        0.6994110669957877,
        0.7013743879608295,
        0.6849907378447221,
        0.6766836280646962,
        0.697515390985023,
        0.7161395516813076,
        0.6865062098349294,
        0.6916926511421732,
        0.6711304132839502,
        0.6855207170758929,
        0.6874390351607503,
        0.7007505355342742,
        0.7183158628402218,
        0.7217246903801844,
        0.7190418858681956,
        0.6978472169093822,
        0.7461392450991864,
        0.7375656338880688,
        0.766209474906394
    ],
    "val_accuracy": [
        0.3271889400921659,
        0.3824884792626728,
        0.5622119815668203,
        0.6267281105990783,
        0.631336405529954,
        0.6267281105990783,
        0.7050691244239631,
        0.663594470046083,
        0.6866359447004609,
        0.6728110599078341,
        0.6912442396313364,
        0.6820276497695853,
        0.7235023041474654,
        0.7188940092165899,
        0.728110599078341,
        0.7419354838709677,
        0.7327188940092166,
        0.7373271889400922,
        0.7557603686635944,
        0.7603686635944701,
        0.7557603686635944,
        0.7373271889400922,
        0.7603686635944701,
        0.7419354838709677,
        0.7465437788018433,
        0.7465437788018433,
        0.7511520737327189,
        0.7649769585253456,
        0.7419354838709677,
        0.7741935483870968,
        0.7235023041474654,
        0.7373271889400922,
        0.7465437788018433,
        0.7649769585253456,
        0.7788018433179723,
        0.7603686635944701,
        0.7603686635944701,
        0.7603686635944701,
        0.7695852534562212,
        0.7603686635944701,
        0.7465437788018433,
        0.7511520737327189,
        0.7511520737327189,
        0.7465437788018433,
        0.7465437788018433,
        0.7327188940092166
    ],
    "val_pct": 0.1,
    "patience_limit": 10,
    "batch_size": 8,
    "lr": 1e-05,
    "max_mem0": 5429174272,
    "time": 78228.95211529732,
    "labels_list": [
        "Corn leaf blight",
        "grape leaf",
        "Tomato leaf",
        "Blueberry leaf",
        "grape leaf black rot",
        "Apple rust leaf",
        "Raspberry leaf",
        "Corn Gray leaf spot",
        "Soyabean leaf",
        "Tomato leaf bacterial spot",
        "Peach leaf",
        "Bell_pepper leaf spot",
        "Tomato mold leaf",
        "Tomato Early blight leaf",
        "Cherry leaf",
        "Tomato leaf yellow virus",
        "Squash Powdery mildew leaf",
        "Potato leaf late blight",
        "Tomato leaf mosaic virus",
        "Bell_pepper leaf",
        "Corn rust leaf",
        "Tomato Septoria leaf spot",
        "Potato leaf early blight",
        "Apple leaf",
        "Apple Scab Leaf",
        "Strawberry leaf",
        "Tomato leaf late blight"
    ],
    "patience": 10,
    "epoch": 45
}