{
    "train_loss": [
        2.990410717969118,
        2.2755071126532296,
        1.786249185046853,
        1.5038009276653113,
        1.3130784095429633,
        1.1627645604962282,
        1.0513701342232438,
        0.977395409741867,
        0.9110399216539957,
        0.8616034018998998,
        0.819642580887553,
        0.7737034532833864,
        0.7350549333672206,
        0.7017142562470533,
        0.6774090268262317,
        0.6538518161944543,
        0.6233810863647749,
        0.6060523968831035,
        0.5823936048738803,
        0.5488769301037246,
        0.5297853864627534,
        0.5192943610767327,
        0.4944747788115865,
        0.4758814443456064,
        0.4585647259271128,
        0.44133908542919026,
        0.4282075773146511,
        0.4027060185440977,
        0.3956753498313001,
        0.3894523250106819,
        0.37218090095142325,
        0.3494224710208186,
        0.3347490842136669,
        0.3234610334987182,
        0.30649544708237564,
        0.2962911229041431,
        0.2840045531478371,
        0.274841797795851,
        0.2615294287869077,
        0.24801145101256777,
        0.24018618859305016,
        0.2305879282647852,
        0.21960676553844
    ],
    "train_accuracy": [
        0.19613389910419612,
        0.37906647807637905,
        0.5172088637435172,
        0.5766148043375766,
        0.6162187647336163,
        0.6605374823196606,
        0.6911834040546911,
        0.7006129184347006,
        0.7223008015087223,
        0.7392739273927392,
        0.7524752475247525,
        0.7562470532767562,
        0.7746346063177746,
        0.7897218293257897,
        0.7977369165487977,
        0.8095238095238095,
        0.8165959453088166,
        0.8208392267798208,
        0.826025459688826,
        0.8359264497878359,
        0.8415841584158416,
        0.858085808580858,
        0.8590287600188591,
        0.8590287600188591,
        0.8656294200848657,
        0.8774163130598774,
        0.8778877887788779,
        0.8873173031588873,
        0.892975011786893,
        0.8943894389438944,
        0.8976897689768977,
        0.9047619047619048,
        0.9113625648279113,
        0.9141914191419142,
        0.9226779820839227,
        0.9207920792079208,
        0.9306930693069307,
        0.9372937293729373,
        0.9349363507779349,
        0.9401225836869401,
        0.9453088165959453,
        0.9490806223479491,
        0.95002357378595
    ],
    "val_loss": [
        2.6590387722314226,
        2.0225894769765267,
        1.6317477599816388,
        1.405271749891993,
        1.2568199052239344,
        1.1119874171947004,
        1.050843480545255,
        0.9864141226913522,
        0.9008496543778802,
        0.887328117124496,
        0.8797335295083886,
        0.8049856440812212,
        0.783036122124316,
        0.8052798504104263,
        0.7928478750765049,
        0.7527195803031393,
        0.7341996294012817,
        0.7259922291276641,
        0.7141522526191676,
        0.7221183249477967,
        0.7145928589429723,
        0.684727541312644,
        0.6896230811896962,
        0.6822369131624424,
        0.6882623066001224,
        0.6944934475806451,
        0.683888167280206,
        0.7157112508325533,
        0.6893516575685844,
        0.6957543720298099,
        0.6823170042257705,
        0.6862662179129464,
        0.6793836602417554,
        0.7085424326531898,
        0.7178436841832877,
        0.6875556207472279,
        0.7450291506156393,
        0.7452209753924252,
        0.713526360999604,
        0.7290160007740495,
        0.7535946753717238,
        0.7447813535066244,
        0.7572936308548747
    ],
    "val_accuracy": [
        0.3087557603686636,
        0.511520737327189,
        0.5207373271889401,
        0.5944700460829493,
        0.6405529953917051,
        0.6728110599078341,
        0.6728110599078341,
        0.6728110599078341,
        0.7188940092165899,
        0.7142857142857143,
        0.6866359447004609,
        0.7235023041474654,
        0.7235023041474654,
        0.695852534562212,
        0.6774193548387096,
        0.7327188940092166,
        0.7465437788018433,
        0.7465437788018433,
        0.7419354838709677,
        0.7465437788018433,
        0.7419354838709677,
        0.7603686635944701,
        0.7603686635944701,
        0.7465437788018433,
        0.7373271889400922,
        0.7511520737327189,
        0.728110599078341,
        0.7511520737327189,
        0.7557603686635944,
        0.7327188940092166,
        0.7603686635944701,
        0.7603686635944701,
        0.7465437788018433,
        0.7419354838709677,
        0.7557603686635944,
        0.7557603686635944,
        0.7419354838709677,
        0.7373271889400922,
        0.7419354838709677,
        0.728110599078341,
        0.7511520737327189,
        0.7511520737327189,
        0.7465437788018433
    ],
    "val_pct": 0.1,
    "patience_limit": 10,
    "batch_size": 8,
    "lr": 1e-05,
    "max_mem0": 5428008960,
    "time": 68967.69962644577,
    "labels_list": [
        "Corn leaf blight",
        "grape leaf",
        "Tomato leaf",
        "Blueberry leaf",
        "grape leaf black rot",
        "Apple rust leaf",
        "Raspberry leaf",
        "Corn Gray leaf spot",
        "Soyabean leaf",
        "Tomato leaf bacterial spot",
        "Peach leaf",
        "Bell_pepper leaf spot",
        "Tomato mold leaf",
        "Tomato Early blight leaf",
        "Cherry leaf",
        "Tomato leaf yellow virus",
        "Squash Powdery mildew leaf",
        "Potato leaf late blight",
        "Tomato leaf mosaic virus",
        "Bell_pepper leaf",
        "Corn rust leaf",
        "Tomato Septoria leaf spot",
        "Potato leaf early blight",
        "Apple leaf",
        "Apple Scab Leaf",
        "Strawberry leaf",
        "Tomato leaf late blight"
    ],
    "patience": 10,
    "epoch": 42
}