{
    "train_loss": [
        2.965481209114215,
        2.20695919340818,
        1.7156497248497171,
        1.453473542108675,
        1.295264892002593,
        1.1823470328338637,
        1.094682246544967,
        1.0253486111725012,
        0.9799582532192952,
        0.9281881818901756,
        0.8830568132845651,
        0.8583025538882013,
        0.8202865435120521,
        0.7824654657848598,
        0.744185113614598,
        0.7184732842703914,
        0.6926569383361327,
        0.668107856056253,
        0.6369155819041725,
        0.6199894769750413,
        0.601561521595798,
        0.5734936949331094,
        0.5531558945515087,
        0.5425920068290311,
        0.521170595017091,
        0.5021260723310054,
        0.49099194761831094,
        0.47257135904717706,
        0.45898595771267975,
        0.44609525213821605,
        0.4412707697946134,
        0.4167655430442598,
        0.4077416923123674,
        0.39475495924313414,
        0.38566362739789606,
        0.37235606408018035,
        0.3594829985579473,
        0.3458389793011109,
        0.3405866753318747,
        0.3262789814835278,
        0.31609652751687,
        0.3073200691651196,
        0.2943486452439887,
        0.28355802673598834
    ],
    "train_accuracy": [
        0.16501650165016502,
        0.37152286657237155,
        0.4955209806694955,
        0.5464403583215465,
        0.5987741631305987,
        0.6298915605846299,
        0.6487505893446488,
        0.6770391324846771,
        0.6963696369636964,
        0.7105139085337105,
        0.7213578500707214,
        0.7345591702027345,
        0.7468175388967468,
        0.7553041018387553,
        0.7746346063177746,
        0.7755775577557755,
        0.7892503536067893,
        0.7982083922677982,
        0.8024516737388024,
        0.8156529938708157,
        0.8213107024988213,
        0.8312116925978312,
        0.8363979255068364,
        0.8396982555398397,
        0.8500707213578501,
        0.8462989156058462,
        0.8495992456388496,
        0.8585572842998586,
        0.8651579443658651,
        0.8698727015558698,
        0.876001885902876,
        0.8783592644978784,
        0.8807166430928807,
        0.884016973125884,
        0.8934464875058934,
        0.8953323903818954,
        0.8953323903818954,
        0.9028760018859029,
        0.9047619047619048,
        0.9104196133899104,
        0.9146628948609147,
        0.9118340405469119,
        0.9231494578029231,
        0.9212635549269212
    ],
    "val_loss": [
        2.6148676015264978,
        1.9409517209101383,
        1.5511682747695852,
        1.3899235176051268,
        1.2316917032690091,
        1.1572053970829133,
        1.1104219498172883,
        1.0422238116989488,
        1.006930162280386,
        0.9666160899922595,
        0.9157664215509793,
        0.8815496769918275,
        0.8971116729595694,
        0.8500943513509864,
        0.8553392964024698,
        0.8083509453980054,
        0.824692124045939,
        0.7721424014886953,
        0.7664046045821933,
        0.762017808202225,
        0.7449326756912442,
        0.7381527105234735,
        0.741318592827441,
        0.7205478650633641,
        0.7316432548558107,
        0.7222376528972855,
        0.732594221967706,
        0.7071041687292987,
        0.7133770780079925,
        0.777236094672559,
        0.6944400066604263,
        0.7166839458975375,
        0.7279940838088638,
        0.6910176782564084,
        0.7285996538153442,
        0.7470830398770522,
        0.712605700514833,
        0.7162301902946788,
        0.7063828569403442,
        0.7205394270233295,
        0.7518146708264329,
        0.7149599136844758,
        0.7483043055380544,
        0.7085640902892785
    ],
    "val_accuracy": [
        0.25806451612903225,
        0.5391705069124424,
        0.5806451612903226,
        0.6129032258064516,
        0.6359447004608295,
        0.5990783410138248,
        0.631336405529954,
        0.6543778801843319,
        0.6820276497695853,
        0.6820276497695853,
        0.7142857142857143,
        0.7096774193548387,
        0.7050691244239631,
        0.7096774193548387,
        0.7050691244239631,
        0.7327188940092166,
        0.695852534562212,
        0.7465437788018433,
        0.7465437788018433,
        0.7465437788018433,
        0.7373271889400922,
        0.7511520737327189,
        0.7373271889400922,
        0.7603686635944701,
        0.7511520737327189,
        0.7419354838709677,
        0.7511520737327189,
        0.7419354838709677,
        0.7603686635944701,
        0.7511520737327189,
        0.7557603686635944,
        0.7419354838709677,
        0.7373271889400922,
        0.7511520737327189,
        0.7511520737327189,
        0.728110599078341,
        0.7603686635944701,
        0.7557603686635944,
        0.7557603686635944,
        0.7557603686635944,
        0.7327188940092166,
        0.7373271889400922,
        0.7373271889400922,
        0.7511520737327189
    ],
    "val_pct": 0.1,
    "patience_limit": 10,
    "batch_size": 8,
    "lr": 1e-05,
    "max_mem0": 5379500032,
    "time": 121871.66305828094,
    "labels_list": [
        "Corn leaf blight",
        "grape leaf",
        "Tomato leaf",
        "Blueberry leaf",
        "grape leaf black rot",
        "Apple rust leaf",
        "Raspberry leaf",
        "Corn Gray leaf spot",
        "Soyabean leaf",
        "Tomato leaf bacterial spot",
        "Peach leaf",
        "Bell_pepper leaf spot",
        "Tomato mold leaf",
        "Tomato Early blight leaf",
        "Cherry leaf",
        "Tomato leaf yellow virus",
        "Squash Powdery mildew leaf",
        "Potato leaf late blight",
        "Tomato leaf mosaic virus",
        "Bell_pepper leaf",
        "Corn rust leaf",
        "Tomato Septoria leaf spot",
        "Potato leaf early blight",
        "Apple leaf",
        "Apple Scab Leaf",
        "Strawberry leaf",
        "Tomato leaf late blight"
    ],
    "patience": 10,
    "epoch": 43
}