{
    "train_loss": [
        3.2382469482997407,
        2.753615030866926,
        2.5063048366778644,
        2.2246950141442716,
        2.0423840096063177,
        1.8423775866704974,
        1.678008213070191,
        1.5964180507057402,
        1.4914997393991631,
        1.4262013882749882,
        1.3358977883000354,
        1.2312727680413131,
        1.157973257565712,
        1.1733503184302805,
        1.1699953128683405,
        0.9883538821237035,
        0.9219217907421322,
        0.8166125206270627,
        0.7922110622753123,
        0.7701319326268564,
        0.7211037527441361,
        0.673400217044584,
        0.6495746934486976,
        0.6164939840803276,
        0.7155732366623939,
        0.7049286593698433,
        0.6870899910861622,
        0.6355507080423444,
        0.5683983960617044,
        0.5351360488308875,
        0.49387501703574377,
        0.4560351194159595,
        0.4596935166103106,
        0.5553079809236504,
        0.4969478968683699,
        0.5341844644146334
    ],
    "train_accuracy": [
        0.08392267798208393,
        0.11598302687411598,
        0.15935879302215936,
        0.21687883074021688,
        0.272984441301273,
        0.3173031588873173,
        0.35973597359735976,
        0.388024516737388,
        0.4181989627534182,
        0.44130127298444133,
        0.4743045733144743,
        0.5266383781235267,
        0.570957095709571,
        0.5785007072135785,
        0.5657708628005658,
        0.6322489391796322,
        0.6581801037246582,
        0.7001414427157001,
        0.7138142385667138,
        0.7152286657237152,
        0.7317303158887317,
        0.7609618104667609,
        0.7604903347477605,
        0.7821782178217822,
        0.7312588401697313,
        0.751060820367751,
        0.7548326261197549,
        0.7666195190947667,
        0.7897218293257897,
        0.8057520037718058,
        0.8118811881188119,
        0.8396982555398397,
        0.8246110325318247,
        0.802923149457803,
        0.8175388967468176,
        0.8057520037718058
    ],
    "val_loss": [
        3.385108209425403,
        3.046560542374712,
        2.641629689300115,
        2.5524817963349653,
        2.4059813890589,
        2.0779885850194413,
        1.929918421028946,
        1.7484634329097062,
        1.7960269769765265,
        1.6063522127916188,
        1.6038610221054148,
        1.5395513437860022,
        1.4241856166294642,
        1.826303930326541,
        1.418682889454925,
        1.4043892715383786,
        1.2375898932531681,
        1.2059293826054867,
        1.1698850992088494,
        1.4425352597566243,
        1.1678439373244887,
        1.1432528166177636,
        1.341146020845334,
        1.2414472026209677,
        1.0905450214438723,
        1.0867181593371975,
        1.5291087067072293,
        1.354344240531394,
        1.5570162584155387,
        1.107754615045363,
        1.1682710427842382,
        1.2540179133964573,
        1.2988936604442685,
        1.3280818253618232,
        1.310864989109303,
        1.5109424503168203
    ],
    "val_accuracy": [
        0.1336405529953917,
        0.12903225806451613,
        0.25806451612903225,
        0.24423963133640553,
        0.34101382488479265,
        0.3548387096774194,
        0.4055299539170507,
        0.46543778801843316,
        0.4423963133640553,
        0.48847926267281105,
        0.41013824884792627,
        0.4930875576036866,
        0.5668202764976958,
        0.4423963133640553,
        0.6267281105990783,
        0.6221198156682027,
        0.6405529953917051,
        0.6820276497695853,
        0.6589861751152074,
        0.6221198156682027,
        0.728110599078341,
        0.7327188940092166,
        0.6451612903225806,
        0.6728110599078341,
        0.7096774193548387,
        0.6820276497695853,
        0.6082949308755761,
        0.6820276497695853,
        0.6451612903225806,
        0.6866359447004609,
        0.7142857142857143,
        0.7327188940092166,
        0.6728110599078341,
        0.695852534562212,
        0.6728110599078341,
        0.663594470046083
    ],
    "val_pct": 0.1,
    "patience_limit": 10,
    "batch_size": 128,
    "lr": 0.002,
    "max_mem0": 6771659776,
    "time": 55445.60654973984,
    "labels_list": [
        "Tomato leaf late blight",
        "Apple Scab Leaf",
        "Apple leaf",
        "Tomato mold leaf",
        "grape leaf black rot",
        "Corn leaf blight",
        "Bell_pepper leaf spot",
        "Potato leaf early blight",
        "Tomato leaf mosaic virus",
        "Corn Gray leaf spot",
        "grape leaf",
        "Potato leaf late blight",
        "Apple rust leaf",
        "Tomato leaf",
        "Bell_pepper leaf",
        "Tomato Early blight leaf",
        "Tomato leaf yellow virus",
        "Soyabean leaf",
        "Cherry leaf",
        "Squash Powdery mildew leaf",
        "Blueberry leaf",
        "Tomato leaf bacterial spot",
        "Raspberry leaf",
        "Peach leaf",
        "Tomato Septoria leaf spot",
        "Corn rust leaf",
        "Strawberry leaf"
    ],
    "patience": 10,
    "epoch": 35
}