{
    "train_loss": [
        3.2753943084040547,
        2.713629377725719,
        2.366704743856082,
        2.271841204767798,
        2.213949143240217,
        2.0752616137729842,
        1.9588045788395805,
        1.8622962847345002,
        1.866918841716761,
        1.7120543771732084,
        1.6030957169377653,
        1.5826749248585572,
        1.615343610951497,
        1.443379979041431,
        1.278983555442598,
        1.2413730072784064,
        1.1042596726190477,
        1.0728638328397573,
        0.9583091609942245,
        0.9485073350387494,
        0.8357640922434877,
        0.8007152364929573,
        0.7471611889844119,
        0.7399239906552039,
        0.7375362815299387,
        0.7040357792057107,
        0.706203865364215,
        0.6664971725269625,
        0.6644753290200672,
        0.6531811488905587,
        0.6036595655240747,
        0.6222742809995285,
        0.6291716277515028,
        0.5651713887906648,
        0.5565471586221122,
        0.48755964812441066,
        0.5383923506747996
    ],
    "train_accuracy": [
        0.07402168788307402,
        0.12918434700612919,
        0.17633191890617633,
        0.2116925978312117,
        0.20462046204620463,
        0.24988213107024987,
        0.2611975483262612,
        0.29655822725129655,
        0.30928807166430927,
        0.355021216407355,
        0.38095238095238093,
        0.4134842055634135,
        0.3983969825553984,
        0.47713342762847716,
        0.5511551155115512,
        0.545968882602546,
        0.5931164545025931,
        0.6100895803866101,
        0.6473361621876473,
        0.6600660066006601,
        0.6987270155586988,
        0.7015558698727016,
        0.7260726072607261,
        0.7383309759547383,
        0.7298444130127298,
        0.7392739273927392,
        0.7472890146157473,
        0.7402168788307402,
        0.7515322960867515,
        0.7666195190947667,
        0.7784064120697785,
        0.7708628005657708,
        0.776049033474776,
        0.7934936350777935,
        0.7977369165487977,
        0.8231966053748232,
        0.8062234794908062
    ],
    "val_loss": [
        3.2816187423495102,
        2.9720661497335827,
        2.6250005625360022,
        2.585767051591302,
        2.438661355576757,
        2.4504282024049537,
        2.2296873874927994,
        2.268947337629608,
        2.0655430385044644,
        1.8894373458651355,
        1.8982273928031395,
        1.9897252799179148,
        1.9767713414908554,
        1.7568283432639689,
        1.4753997380832373,
        1.5654454385080645,
        1.2994066932783699,
        1.3195321219308036,
        1.5553798411848359,
        1.3229294174827189,
        1.3251521378618232,
        1.2118552774877591,
        1.2227742419264833,
        1.2039825861355127,
        1.1957023374495968,
        1.1161709974438363,
        1.114116475329421,
        1.267709195888537,
        1.350772699452765,
        1.2295225644441243,
        1.1774823588709677,
        1.2425982919156826,
        1.4975836266021025,
        1.2147987471198156,
        1.250779534265193,
        1.524221956455213,
        1.2989764938706077
    ],
    "val_accuracy": [
        0.17511520737327188,
        0.12903225806451613,
        0.2534562211981567,
        0.25806451612903225,
        0.2304147465437788,
        0.2626728110599078,
        0.2764976958525346,
        0.31797235023041476,
        0.3317972350230415,
        0.37327188940092165,
        0.3686635944700461,
        0.33640552995391704,
        0.41013824884792627,
        0.5069124423963134,
        0.5714285714285714,
        0.5253456221198156,
        0.6267281105990783,
        0.6036866359447005,
        0.5299539170506913,
        0.6359447004608295,
        0.6082949308755761,
        0.6728110599078341,
        0.6543778801843319,
        0.6682027649769585,
        0.6543778801843319,
        0.6728110599078341,
        0.6728110599078341,
        0.663594470046083,
        0.6728110599078341,
        0.6728110599078341,
        0.6866359447004609,
        0.6728110599078341,
        0.6359447004608295,
        0.7096774193548387,
        0.7142857142857143,
        0.6589861751152074,
        0.6682027649769585
    ],
    "val_pct": 0.1,
    "patience_limit": 10,
    "batch_size": 128,
    "lr": 0.002,
    "max_mem0": 6929452032,
    "time": 58445.98795032501,
    "labels_list": [
        "Tomato leaf late blight",
        "Apple Scab Leaf",
        "Apple leaf",
        "Tomato mold leaf",
        "grape leaf black rot",
        "Corn leaf blight",
        "Bell_pepper leaf spot",
        "Potato leaf early blight",
        "Tomato leaf mosaic virus",
        "Corn Gray leaf spot",
        "grape leaf",
        "Potato leaf late blight",
        "Apple rust leaf",
        "Tomato leaf",
        "Bell_pepper leaf",
        "Tomato Early blight leaf",
        "Tomato leaf yellow virus",
        "Soyabean leaf",
        "Cherry leaf",
        "Squash Powdery mildew leaf",
        "Blueberry leaf",
        "Tomato leaf bacterial spot",
        "Raspberry leaf",
        "Peach leaf",
        "Tomato Septoria leaf spot",
        "Corn rust leaf",
        "Strawberry leaf"
    ],
    "patience": 10,
    "epoch": 36
}