{
    "train_loss": [
        3.2314105503742336,
        2.6567021378477134,
        2.3451805420497407,
        2.168698524428336,
        2.102148161244696,
        2.0241111025165015,
        1.8568668320515087,
        1.682227437308463,
        1.6328896212723951,
        1.538623714491985,
        1.4795815100483263,
        1.4964905216805162,
        1.340337556356082,
        1.3530205524737742,
        1.2795963817921971,
        1.2006718528995757,
        1.1518766483233145,
        1.0483270669421854,
        0.9717600317509429,
        0.925878629994696,
        0.9109337360214816,
        0.8958708580121405,
        0.8246329027433993,
        0.799377124863714,
        0.7606675985678925,
        0.7513818520523927,
        0.6704370335889616,
        0.6248036285213343,
        0.5972224716193718,
        0.6314196552886315,
        0.5943978186881188,
        0.6420272258810702,
        0.6466422433956566,
        0.582213060522012,
        0.5697302919466054,
        0.5491094449846771,
        0.5374101479623409,
        0.5741935992566891,
        0.5423103990784123,
        0.48074526429344944,
        0.5138472971181046,
        0.5437864657001414,
        0.45930431317406295,
        0.46054046933013615,
        0.4097863268818511,
        0.3984425071273868
    ],
    "train_accuracy": [
        0.08628005657708628,
        0.14285714285714285,
        0.20414898632720416,
        0.20603488920320603,
        0.23715228665723714,
        0.2682696841112683,
        0.31211692597831214,
        0.36586515794436586,
        0.3856671381423857,
        0.40924092409240925,
        0.4493163602074493,
        0.43092880716643095,
        0.495992456388496,
        0.4955209806694955,
        0.520980669495521,
        0.5351249410655351,
        0.5780292314945781,
        0.6034889203206035,
        0.6327204148986327,
        0.6459217350306459,
        0.6459217350306459,
        0.66996699669967,
        0.6826968411126827,
        0.6996699669966997,
        0.7175860443187175,
        0.7123998114097124,
        0.7482319660537482,
        0.7548326261197549,
        0.7699198491277699,
        0.7595473833097596,
        0.7864214992927864,
        0.7553041018387553,
        0.7623762376237624,
        0.7934936350777935,
        0.7897218293257897,
        0.7911362564827912,
        0.7958510136727959,
        0.793965110796794,
        0.801980198019802,
        0.8184818481848185,
        0.8142385667138142,
        0.8132956152758133,
        0.8293257897218294,
        0.8396982555398397,
        0.8595002357378595,
        0.8514851485148515
    ],
    "val_loss": [
        3.246992682531682,
        2.697959231890841,
        2.5673653738839284,
        2.485582202260945,
        2.4998942432315667,
        2.2949110461819555,
        2.073259063580069,
        2.1084212202080934,
        2.0376904746903803,
        1.8814424435663883,
        1.7451351886520738,
        1.6303387479298674,
        1.5577583840365783,
        1.8315405779719902,
        1.5470316662766417,
        1.613575456329205,
        1.316681611373128,
        1.4441690049413163,
        1.3417203701036866,
        1.3670281616773474,
        1.4110751525597638,
        1.2814949844290036,
        1.4200564617385512,
        1.5184036465833812,
        1.3847985333561348,
        1.2916262578305011,
        1.3371778918850807,
        1.441470238470262,
        1.4822331441712269,
        1.3241419638356855,
        1.3735929568242367,
        1.2812817832841301,
        1.263078118249568,
        1.409914781421011,
        1.2426122146817395,
        1.2081823392947149,
        1.3837519351238479,
        1.6594100459929435,
        1.511374759234591,
        1.4051287251134073,
        1.479920136763753,
        1.4138124527469758,
        1.5152095671622985,
        1.2884648054975518,
        1.423045918688796,
        1.325757848502304
    ],
    "val_accuracy": [
        0.07834101382488479,
        0.23963133640552994,
        0.22119815668202766,
        0.24423963133640553,
        0.25806451612903225,
        0.2857142857142857,
        0.3225806451612903,
        0.3456221198156682,
        0.41935483870967744,
        0.41935483870967744,
        0.4423963133640553,
        0.45161290322580644,
        0.5576036866359447,
        0.46543778801843316,
        0.5253456221198156,
        0.5668202764976958,
        0.5898617511520737,
        0.6221198156682027,
        0.6267281105990783,
        0.5990783410138248,
        0.5668202764976958,
        0.6405529953917051,
        0.6175115207373272,
        0.6036866359447005,
        0.6221198156682027,
        0.6543778801843319,
        0.631336405529954,
        0.6543778801843319,
        0.6221198156682027,
        0.6820276497695853,
        0.663594470046083,
        0.695852534562212,
        0.6728110599078341,
        0.6682027649769585,
        0.7050691244239631,
        0.695852534562212,
        0.6774193548387096,
        0.6451612903225806,
        0.6543778801843319,
        0.663594470046083,
        0.6543778801843319,
        0.6820276497695853,
        0.6866359447004609,
        0.6912442396313364,
        0.6912442396313364,
        0.7096774193548387
    ],
    "val_pct": 0.1,
    "patience_limit": 10,
    "batch_size": 128,
    "lr": 0.002,
    "max_mem0": 6930761728,
    "time": 89769.92449355125,
    "labels_list": [
        "Tomato leaf late blight",
        "Apple Scab Leaf",
        "Apple leaf",
        "Tomato mold leaf",
        "grape leaf black rot",
        "Corn leaf blight",
        "Bell_pepper leaf spot",
        "Potato leaf early blight",
        "Tomato leaf mosaic virus",
        "Corn Gray leaf spot",
        "grape leaf",
        "Potato leaf late blight",
        "Apple rust leaf",
        "Tomato leaf",
        "Bell_pepper leaf",
        "Tomato Early blight leaf",
        "Tomato leaf yellow virus",
        "Soyabean leaf",
        "Cherry leaf",
        "Squash Powdery mildew leaf",
        "Blueberry leaf",
        "Tomato leaf bacterial spot",
        "Raspberry leaf",
        "Peach leaf",
        "Tomato Septoria leaf spot",
        "Corn rust leaf",
        "Strawberry leaf"
    ],
    "patience": 10,
    "epoch": 45
}