{
    "train_loss": [
        3.285023647454031,
        2.7779245767768743,
        2.53811287239215,
        2.397363557505304,
        2.2790636694807875,
        2.1407308978665722,
        1.9981336652080386,
        1.8437750931901227,
        1.805045941257072,
        1.6395911145243989,
        1.5576779636669025,
        1.4540258225041254,
        1.3830576765823903,
        1.2658268965847477,
        1.158069831815771,
        1.069528625574611,
        1.0730814989981141,
        1.013594293302098,
        0.9257946598928866,
        0.8046837014895686,
        0.8256505582198845,
        0.810582097551273,
        0.7745360177061232,
        0.8636319791298326,
        0.70990672239657,
        0.7244098956491631,
        0.6883814270796499,
        0.6634518031183698,
        0.6993830643527522,
        0.6095768965847478,
        0.5863122863625648,
        0.5322464759031706,
        0.5349774897969708,
        0.5058618497870992,
        0.5047620083576438,
        0.4678145880296735,
        0.4422879648455917,
        0.44486453475844234,
        0.46451773996456563
    ],
    "train_accuracy": [
        0.08392267798208393,
        0.10089580386610089,
        0.15181518151815182,
        0.18293257897218293,
        0.20132013201320131,
        0.2333804809052334,
        0.2753418198962753,
        0.31353135313531355,
        0.3173031588873173,
        0.3785950023573786,
        0.413012729844413,
        0.4479019330504479,
        0.4695898161244696,
        0.5322960867515323,
        0.5568128241395568,
        0.5888731730315889,
        0.6039603960396039,
        0.61999057048562,
        0.6652522395096653,
        0.7006129184347006,
        0.7043847241867044,
        0.6968411126826969,
        0.7227722772277227,
        0.6808109382366808,
        0.7472890146157473,
        0.7274870344177274,
        0.7430457331447431,
        0.7604903347477605,
        0.7458745874587459,
        0.7718057520037718,
        0.7916077322017916,
        0.8137670909948138,
        0.8057520037718058,
        0.8114097123998114,
        0.8189533239038189,
        0.8321546440358322,
        0.8368694012258369,
        0.8406412069778406,
        0.8330975954738331
    ],
    "val_loss": [
        3.326133060015841,
        2.990756127142137,
        2.729800738497264,
        2.7802672496039746,
        2.537723101778514,
        2.385909823228687,
        2.2223780759468608,
        2.0251507033950173,
        1.984841061077909,
        2.028007542482719,
        1.8193151236679148,
        1.9598127092633928,
        1.7354512720064084,
        1.6193529823408699,
        1.6288897958219326,
        1.557717037640409,
        1.478486795029882,
        1.5492621215257776,
        1.3003163139940956,
        1.2627009378600231,
        1.392956289827549,
        1.1991930139778946,
        1.3186268608690956,
        1.3071203275759649,
        1.3524396342615927,
        1.2782156808035714,
        1.2524703768541188,
        1.3472029866161435,
        1.17884278187554,
        1.2631037136376728,
        1.249071253060196,
        1.492777600266417,
        1.2613419915124569,
        1.3545886624243952,
        1.4669784334947438,
        1.2403785248505905,
        1.5071475824452765,
        1.561177477858583,
        1.5087516538558468
    ],
    "val_accuracy": [
        0.07373271889400922,
        0.17050691244239632,
        0.25806451612903225,
        0.23963133640552994,
        0.2488479262672811,
        0.30414746543778803,
        0.2903225806451613,
        0.3778801843317972,
        0.4055299539170507,
        0.391705069124424,
        0.4147465437788018,
        0.4147465437788018,
        0.4976958525345622,
        0.5069124423963134,
        0.5299539170506913,
        0.543778801843318,
        0.5253456221198156,
        0.5852534562211982,
        0.6267281105990783,
        0.6912442396313364,
        0.6221198156682027,
        0.6774193548387096,
        0.6497695852534562,
        0.6359447004608295,
        0.6774193548387096,
        0.6589861751152074,
        0.6543778801843319,
        0.6682027649769585,
        0.6405529953917051,
        0.6451612903225806,
        0.6912442396313364,
        0.6866359447004609,
        0.7004608294930875,
        0.6359447004608295,
        0.6728110599078341,
        0.7096774193548387,
        0.6820276497695853,
        0.7142857142857143,
        0.6774193548387096
    ],
    "val_pct": 0.1,
    "patience_limit": 10,
    "batch_size": 128,
    "lr": 0.002,
    "max_mem0": 6929217536,
    "time": 64670.66483831406,
    "labels_list": [
        "Tomato leaf late blight",
        "Apple Scab Leaf",
        "Apple leaf",
        "Tomato mold leaf",
        "grape leaf black rot",
        "Corn leaf blight",
        "Bell_pepper leaf spot",
        "Potato leaf early blight",
        "Tomato leaf mosaic virus",
        "Corn Gray leaf spot",
        "grape leaf",
        "Potato leaf late blight",
        "Apple rust leaf",
        "Tomato leaf",
        "Bell_pepper leaf",
        "Tomato Early blight leaf",
        "Tomato leaf yellow virus",
        "Soyabean leaf",
        "Cherry leaf",
        "Squash Powdery mildew leaf",
        "Blueberry leaf",
        "Tomato leaf bacterial spot",
        "Raspberry leaf",
        "Peach leaf",
        "Tomato Septoria leaf spot",
        "Corn rust leaf",
        "Strawberry leaf"
    ],
    "patience": 10,
    "epoch": 38
}