{
    "train_loss": [
        3.1796932553188353,
        2.6094742216967233,
        2.2875180026373174,
        2.2872074456329563,
        2.142296805015323,
        1.96081088298562,
        1.8502415392208864,
        1.9058049987476426,
        1.7517526096917728,
        1.6205254698181872,
        1.603268721821959,
        1.4523670245093705,
        1.3522937708112328,
        1.213167225623232,
        1.2185588083082861,
        1.1776206498998114,
        0.998576709651992,
        1.009758488404644,
        0.8479132249860031,
        0.8612333924519684,
        0.8499153277492928,
        0.7590039085521275,
        0.773576606056253,
        0.8318038573528111,
        0.7081737383420261,
        0.699638370296293,
        0.6508301011462754,
        0.6315906458112329,
        0.5585344702159948,
        0.6557474455592881,
        0.7050705855323256,
        0.600388069638437,
        0.6096486078574376,
        0.5889364239855905,
        0.52703175416593,
        0.5000410354232968,
        0.5008416002733086,
        0.44460802019794615,
        0.42583537877364747,
        0.4172547163686793,
        0.4994174466274752,
        0.4398282854582891,
        0.41016522829738333,
        0.45364982752460514
    ],
    "train_accuracy": [
        0.08203677510608204,
        0.13437057991513437,
        0.19094766619519093,
        0.22017916077322017,
        0.23432343234323433,
        0.2781706742102782,
        0.31117397454031115,
        0.29985855728429983,
        0.3474776049033475,
        0.4115983026874116,
        0.4068835454974069,
        0.4563884959924564,
        0.5054219707685054,
        0.5464403583215465,
        0.5558698727015559,
        0.5610561056105611,
        0.6275341819896275,
        0.6336633663366337,
        0.6921263554926921,
        0.6907119283356907,
        0.6977840641206978,
        0.7223008015087223,
        0.7199434229137199,
        0.7048561999057048,
        0.7378595002357379,
        0.7505893446487506,
        0.7623762376237624,
        0.7685054219707685,
        0.7982083922677982,
        0.7628477133427628,
        0.7435172088637435,
        0.7958510136727959,
        0.785950023573786,
        0.7826496935407826,
        0.8038661008958039,
        0.826968411126827,
        0.8161244695898161,
        0.8312116925978312,
        0.8373408769448374,
        0.8345120226308345,
        0.8184818481848185,
        0.8316831683168316,
        0.843941537010844,
        0.8335690711928335
    ],
    "val_loss": [
        3.314388433359735,
        2.800287905925979,
        2.7257184147285427,
        2.5493931924143145,
        2.3125750985563074,
        2.245691114856351,
        2.164488058485743,
        2.174932101904522,
        1.9875271704889113,
        2.13674068890409,
        1.8591574392011088,
        1.9559928085397464,
        1.6737125238515265,
        1.5756197459137384,
        1.542400869905674,
        1.4600132533482142,
        1.4395195042482718,
        1.3568753712737616,
        1.399325181811636,
        1.3230074693530387,
        1.3347481582571286,
        1.4940392278855847,
        1.5804800569736464,
        1.3449251377088134,
        1.2041759578863047,
        1.1772749940371183,
        1.4642346641435051,
        1.1855811896961406,
        1.3375806676627304,
        1.2882499167446717,
        1.3938936154413883,
        1.1762395762078772,
        1.2370498586909562,
        1.1337821714339718,
        1.2591136457733294,
        1.432487101049467,
        1.3526712584605414,
        1.3672083138320852,
        1.4751738798783123,
        1.5514588246147754,
        1.7182307792698732,
        1.5031102615567395,
        1.7401137110275058,
        1.4030626710109446
    ],
    "val_accuracy": [
        0.10599078341013825,
        0.16129032258064516,
        0.2304147465437788,
        0.2626728110599078,
        0.2903225806451613,
        0.33640552995391704,
        0.31797235023041476,
        0.3456221198156682,
        0.4147465437788018,
        0.3640552995391705,
        0.4009216589861751,
        0.391705069124424,
        0.48847926267281105,
        0.5253456221198156,
        0.5391705069124424,
        0.5898617511520737,
        0.5990783410138248,
        0.6359447004608295,
        0.6359447004608295,
        0.6175115207373272,
        0.6682027649769585,
        0.6267281105990783,
        0.5990783410138248,
        0.6359447004608295,
        0.7050691244239631,
        0.6774193548387096,
        0.6405529953917051,
        0.6774193548387096,
        0.6589861751152074,
        0.6728110599078341,
        0.6912442396313364,
        0.695852534562212,
        0.6774193548387096,
        0.7235023041474654,
        0.6820276497695853,
        0.6682027649769585,
        0.6912442396313364,
        0.6682027649769585,
        0.6912442396313364,
        0.663594470046083,
        0.663594470046083,
        0.6912442396313364,
        0.663594470046083,
        0.6451612903225806
    ],
    "val_pct": 0.1,
    "patience_limit": 10,
    "batch_size": 128,
    "lr": 0.002,
    "max_mem0": 6929989632,
    "time": 82078.48742103577,
    "labels_list": [
        "Tomato leaf late blight",
        "Apple Scab Leaf",
        "Apple leaf",
        "Tomato mold leaf",
        "grape leaf black rot",
        "Corn leaf blight",
        "Bell_pepper leaf spot",
        "Potato leaf early blight",
        "Tomato leaf mosaic virus",
        "Corn Gray leaf spot",
        "grape leaf",
        "Potato leaf late blight",
        "Apple rust leaf",
        "Tomato leaf",
        "Bell_pepper leaf",
        "Tomato Early blight leaf",
        "Tomato leaf yellow virus",
        "Soyabean leaf",
        "Cherry leaf",
        "Squash Powdery mildew leaf",
        "Blueberry leaf",
        "Tomato leaf bacterial spot",
        "Raspberry leaf",
        "Peach leaf",
        "Tomato Septoria leaf spot",
        "Corn rust leaf",
        "Strawberry leaf"
    ],
    "patience": 10,
    "epoch": 43
}