{
    "train_loss": [
        3.310053068643918,
        2.9201919145597595,
        2.6306333060761435,
        2.557315148367515,
        2.4028497576320134,
        2.224808278818953,
        2.037811293685172,
        1.9215281844869754,
        1.7704349501635432,
        1.6496304624882132,
        1.4977741879935762,
        1.4538973637877182,
        1.2923208162055044,
        1.2055361332729255,
        1.1757514374484324,
        1.0996456335086633,
        1.0210473160876357,
        0.9504872798245226,
        0.939195516928925,
        0.8771950210506542,
        0.8575673694601603,
        0.8809231439326969,
        0.7921876956808404,
        0.7391477708038661,
        0.7046277713011256,
        0.6500342556577087,
        0.660932815170468,
        0.6802441544377652,
        0.638252427363272,
        0.6310349697776697
    ],
    "train_accuracy": [
        0.07307873644507308,
        0.10513908533710514,
        0.10891089108910891,
        0.11834040546911834,
        0.17868929750117868,
        0.20132013201320131,
        0.2663837812352664,
        0.2927864214992928,
        0.3262611975483263,
        0.3668081093823668,
        0.4276284771334276,
        0.4328147100424328,
        0.5016501650165016,
        0.5355964167845356,
        0.5676567656765676,
        0.5865157944365865,
        0.6039603960396039,
        0.6327204148986327,
        0.644035832154644,
        0.6718528995756718,
        0.6888260254596889,
        0.6765676567656765,
        0.6897689768976898,
        0.7237152286657237,
        0.7388024516737388,
        0.76001885902876,
        0.7538896746817539,
        0.752003771805752,
        0.7595473833097596,
        0.7633191890617633
    ],
    "val_loss": [
        3.544788272699453,
        3.0538166942684333,
        2.9162530151929724,
        2.980343304471486,
        2.694290372083813,
        2.5052377727174537,
        2.400855279737903,
        2.2531125117007487,
        2.063611571140553,
        1.9262357790898617,
        1.8298306091589862,
        1.6691222300727246,
        1.629721927203341,
        1.5917781706779235,
        1.6307721819196428,
        1.5703535651281681,
        1.4337511194466446,
        1.4768072031610022,
        1.4344676496795794,
        1.3491852228542627,
        1.5275503413468463,
        1.6518934399301555,
        1.3980430216283841,
        1.3771507157708094,
        1.4875391243789602,
        1.530127178139401,
        1.541951403639833,
        1.4368049867691532,
        1.4677640150219613,
        1.4986729775705645
    ],
    "val_accuracy": [
        0.10599078341013825,
        0.16589861751152074,
        0.14285714285714285,
        0.10599078341013825,
        0.16129032258064516,
        0.2488479262672811,
        0.2995391705069124,
        0.33640552995391704,
        0.3548387096774194,
        0.3870967741935484,
        0.3686635944700461,
        0.5207373271889401,
        0.48847926267281105,
        0.5345622119815668,
        0.5023041474654378,
        0.5391705069124424,
        0.5714285714285714,
        0.631336405529954,
        0.6589861751152074,
        0.6451612903225806,
        0.5990783410138248,
        0.5668202764976958,
        0.631336405529954,
        0.6405529953917051,
        0.6497695852534562,
        0.5806451612903226,
        0.6451612903225806,
        0.6221198156682027,
        0.6728110599078341,
        0.6497695852534562
    ],
    "val_pct": 0.1,
    "patience_limit": 10,
    "batch_size": 128,
    "lr": 0.002,
    "max_mem0": 6931074048,
    "time": 38595.774663209915,
    "labels_list": [
        "Tomato leaf late blight",
        "Apple Scab Leaf",
        "Apple leaf",
        "Tomato mold leaf",
        "grape leaf black rot",
        "Corn leaf blight",
        "Bell_pepper leaf spot",
        "Potato leaf early blight",
        "Tomato leaf mosaic virus",
        "Corn Gray leaf spot",
        "grape leaf",
        "Potato leaf late blight",
        "Apple rust leaf",
        "Tomato leaf",
        "Bell_pepper leaf",
        "Tomato Early blight leaf",
        "Tomato leaf yellow virus",
        "Soyabean leaf",
        "Cherry leaf",
        "Squash Powdery mildew leaf",
        "Blueberry leaf",
        "Tomato leaf bacterial spot",
        "Raspberry leaf",
        "Peach leaf",
        "Tomato Septoria leaf spot",
        "Corn rust leaf",
        "Strawberry leaf"
    ],
    "patience": 10,
    "epoch": 29
}