{
    "train_loss": [
        3.24104725623232,
        2.667771227457567,
        2.3739005038896748,
        2.115387006055516,
        1.8936371036657238,
        1.7462376329708864,
        1.5525022054381779,
        1.4073616973862564,
        1.28011044687058,
        1.1663603685982438,
        1.182629043456801,
        1.085379579392091,
        0.9676843451644271,
        0.9153279219523515,
        0.8873257634775754,
        0.9311942424711221,
        0.9106434377394212,
        0.8193660378175094,
        0.7849765113927687,
        0.7323190274524104,
        0.7063959203537541,
        0.6647683898551685,
        0.6817679326526402,
        0.7426247891251179,
        0.6637113104446606,
        0.6667639891081742,
        0.6422547336346358,
        0.59141702395686,
        0.6178125276255304,
        0.6429377173208393,
        0.6068866303483027,
        0.6214999028502181,
        0.5205535672847419,
        0.5094501184214404,
        0.5236722019021098,
        0.5680129048061056
    ],
    "train_accuracy": [
        0.07307873644507308,
        0.1324846770391325,
        0.20320603488920322,
        0.2621404997642621,
        0.2894860914662895,
        0.3422913719943423,
        0.42668552569542667,
        0.4860914662894861,
        0.5384252710985384,
        0.5869872701555869,
        0.5657708628005658,
        0.6058462989156058,
        0.6388495992456389,
        0.6539368222536539,
        0.66996699669967,
        0.6647807637906648,
        0.6506364922206507,
        0.6911834040546911,
        0.7001414427157001,
        0.7086280056577087,
        0.7289014615747289,
        0.7435172088637435,
        0.7435172088637435,
        0.7180575200377181,
        0.7430457331447431,
        0.7487034417727487,
        0.7637906647807637,
        0.7718057520037718,
        0.7779349363507779,
        0.7670909948137671,
        0.7779349363507779,
        0.7817067421027817,
        0.8015087223008015,
        0.80999528524281,
        0.8175388967468176,
        0.793965110796794
    ],
    "val_loss": [
        3.382603799143145,
        2.9581135692684333,
        2.5701355824272754,
        2.285248787172379,
        2.2367569180677562,
        2.025988038234447,
        1.854746594407042,
        1.6199380197832662,
        1.5713147985221054,
        1.9525146484375,
        1.502633793562788,
        1.4275201894171228,
        1.384503201954925,
        1.409190938220046,
        1.4975591562860022,
        1.3194926037766417,
        1.2603025656141993,
        1.2686334425403225,
        1.3297929192468319,
        1.3092271655385945,
        1.4278018793202765,
        1.5501607727894586,
        1.393846643685196,
        1.2992164154755905,
        1.5166679417482718,
        1.196180914953557,
        1.3101815078665036,
        1.5546391219038018,
        1.3847569056919642,
        1.4670996600032402,
        1.5159684282294066,
        1.3290039625036003,
        1.6094835694484446,
        1.2280580019621257,
        1.3440782397573445,
        1.676248295515913
    ],
    "val_accuracy": [
        0.16589861751152074,
        0.1935483870967742,
        0.24423963133640553,
        0.29493087557603687,
        0.3271889400921659,
        0.4147465437788018,
        0.41935483870967744,
        0.5161290322580645,
        0.5299539170506913,
        0.4423963133640553,
        0.6082949308755761,
        0.576036866359447,
        0.6129032258064516,
        0.6221198156682027,
        0.6175115207373272,
        0.6682027649769585,
        0.6405529953917051,
        0.663594470046083,
        0.5898617511520737,
        0.6497695852534562,
        0.6405529953917051,
        0.6359447004608295,
        0.6543778801843319,
        0.6820276497695853,
        0.631336405529954,
        0.6728110599078341,
        0.6728110599078341,
        0.6543778801843319,
        0.6175115207373272,
        0.6774193548387096,
        0.6912442396313364,
        0.6451612903225806,
        0.663594470046083,
        0.7050691244239631,
        0.7235023041474654,
        0.6497695852534562
    ],
    "val_pct": 0.1,
    "patience_limit": 10,
    "batch_size": 128,
    "lr": 0.002,
    "max_mem0": 6931224576,
    "time": 55084.63870382309,
    "labels_list": [
        "Tomato leaf late blight",
        "Apple Scab Leaf",
        "Apple leaf",
        "Tomato mold leaf",
        "grape leaf black rot",
        "Corn leaf blight",
        "Bell_pepper leaf spot",
        "Potato leaf early blight",
        "Tomato leaf mosaic virus",
        "Corn Gray leaf spot",
        "grape leaf",
        "Potato leaf late blight",
        "Apple rust leaf",
        "Tomato leaf",
        "Bell_pepper leaf",
        "Tomato Early blight leaf",
        "Tomato leaf yellow virus",
        "Soyabean leaf",
        "Cherry leaf",
        "Squash Powdery mildew leaf",
        "Blueberry leaf",
        "Tomato leaf bacterial spot",
        "Raspberry leaf",
        "Peach leaf",
        "Tomato Septoria leaf spot",
        "Corn rust leaf",
        "Strawberry leaf"
    ],
    "patience": 10,
    "epoch": 35
}