{
    "train_loss": [
        2.962403955239274,
        2.1578960211869402,
        1.6315032800713107,
        1.3528399505687176,
        1.1943465272866571,
        1.0892001902478194,
        1.0090685407826496,
        0.9483646031316302,
        0.9016059181252947,
        0.8523320436814887,
        0.824602975085455,
        0.7886078873651874,
        0.75430394253153,
        0.7255819087768152,
        0.7008198221468352,
        0.6748828447297854,
        0.6486723170084866,
        0.6357557700524517,
        0.6128021197069484,
        0.5895459122502652,
        0.5712627606929219,
        0.5507201860671558,
        0.5348020676788661,
        0.5208038661008958,
        0.5068334627129008,
        0.49134739610958866,
        0.4763610062875707,
        0.46111931052201205,
        0.4467322508269242,
        0.44038378883228724,
        0.43131067257116334,
        0.4176824804411245,
        0.40260521413469474,
        0.3918296457854491,
        0.38080815266236445,
        0.37246696907413956,
        0.365120419687058,
        0.35430254974437175,
        0.34114617865246344,
        0.3289164426696576,
        0.31979693853871993,
        0.31198176231546143,
        0.3066582362756365,
        0.29439037130554574,
        0.2856428046543494,
        0.2795944537603872,
        0.26892815013923266
    ],
    "train_accuracy": [
        0.23385195662423386,
        0.4464875058934465,
        0.5766148043375766,
        0.6331918906176331,
        0.6478076379066479,
        0.6826968411126827,
        0.695898161244696,
        0.7133427628477134,
        0.7232437529467233,
        0.7350306459217351,
        0.7458745874587459,
        0.7586044318717586,
        0.7722772277227723,
        0.7864214992927864,
        0.7854785478547854,
        0.7986798679867987,
        0.8081093823668081,
        0.8118811881188119,
        0.8184818481848185,
        0.826968411126827,
        0.8288543140028288,
        0.8396982555398397,
        0.8396982555398397,
        0.8420556341348421,
        0.851956624233852,
        0.8557284299858557,
        0.8642149929278642,
        0.8651579443658651,
        0.8675153229608675,
        0.8665723715228666,
        0.876001885902876,
        0.8774163130598774,
        0.8793022159358793,
        0.8863743517208864,
        0.8943894389438944,
        0.8939179632248939,
        0.8995756718528995,
        0.8967468175388967,
        0.9042904290429042,
        0.9104196133899104,
        0.9094766619519095,
        0.9193776520509194,
        0.9198491277699199,
        0.9240924092409241,
        0.9306930693069307,
        0.9259783121169259,
        0.9273927392739274
    ],
    "val_loss": [
        2.5487378379716303,
        1.8354949248001873,
        1.4691256334155387,
        1.2641619844920076,
        1.1346261160714286,
        1.048089374594974,
        0.9987420991818476,
        0.9529299406412011,
        0.8966636833507344,
        0.8696193431379609,
        0.8519241403324813,
        0.8288342172649049,
        0.8043085616854478,
        0.7844974500243016,
        0.7668075913108439,
        0.7580700008550547,
        0.7320124894243232,
        0.7375874321581581,
        0.7321529827908986,
        0.7177403181928643,
        0.7057905768469181,
        0.7154379286524337,
        0.7062261906637025,
        0.7180347354730703,
        0.6798433224726382,
        0.6649570025606639,
        0.6656996204007056,
        0.6800077939363119,
        0.6673736572265625,
        0.6453800465104766,
        0.6692227130661362,
        0.6538932554183468,
        0.6518469603929652,
        0.6365979453935052,
        0.6281186292797739,
        0.6344011719875072,
        0.6150904361004105,
        0.6306719098772321,
        0.6489554550241216,
        0.6319900723646313,
        0.6332243466706869,
        0.6204061200541835,
        0.6458954701225879,
        0.6241531723655314,
        0.6203528900849654,
        0.652836179953017,
        0.6241557037775418
    ],
    "val_accuracy": [
        0.39631336405529954,
        0.5990783410138248,
        0.5898617511520737,
        0.6359447004608295,
        0.695852534562212,
        0.695852534562212,
        0.6820276497695853,
        0.7050691244239631,
        0.7419354838709677,
        0.7557603686635944,
        0.7419354838709677,
        0.7235023041474654,
        0.7465437788018433,
        0.7557603686635944,
        0.7557603686635944,
        0.7373271889400922,
        0.7649769585253456,
        0.7741935483870968,
        0.7419354838709677,
        0.7603686635944701,
        0.7788018433179723,
        0.7557603686635944,
        0.7465437788018433,
        0.7419354838709677,
        0.7788018433179723,
        0.7788018433179723,
        0.7741935483870968,
        0.7788018433179723,
        0.7557603686635944,
        0.7972350230414746,
        0.7880184331797235,
        0.7972350230414746,
        0.783410138248848,
        0.7880184331797235,
        0.815668202764977,
        0.7741935483870968,
        0.8018433179723502,
        0.8018433179723502,
        0.7880184331797235,
        0.8018433179723502,
        0.815668202764977,
        0.7972350230414746,
        0.8018433179723502,
        0.8018433179723502,
        0.7926267281105991,
        0.7880184331797235,
        0.7972350230414746
    ],
    "val_pct": 0.1,
    "patience_limit": 10,
    "batch_size": 32,
    "lr": 1e-05,
    "max_mem0": 6381935616,
    "time": 97583.04313254356,
    "labels_list": [
        "Corn leaf blight",
        "Strawberry leaf",
        "Tomato Early blight leaf",
        "Tomato leaf",
        "Raspberry leaf",
        "Potato leaf early blight",
        "Tomato leaf mosaic virus",
        "Bell_pepper leaf spot",
        "Tomato leaf late blight",
        "Tomato leaf yellow virus",
        "grape leaf black rot",
        "Apple rust leaf",
        "Corn Gray leaf spot",
        "Soyabean leaf",
        "Squash Powdery mildew leaf",
        "Apple Scab Leaf",
        "Potato leaf late blight",
        "Peach leaf",
        "Tomato mold leaf",
        "Tomato leaf bacterial spot",
        "Corn rust leaf",
        "Tomato Septoria leaf spot",
        "Apple leaf",
        "grape leaf",
        "Blueberry leaf",
        "Cherry leaf",
        "Bell_pepper leaf"
    ],
    "patience": 10,
    "epoch": 46
}