{
    "train_loss": [
        3.0203788933580857,
        2.224783876267091,
        1.6825836915443777,
        1.4103092263746464,
        1.2500828765912306,
        1.1443570940520391,
        1.0645034264866218,
        0.9881842153244342,
        0.9354771780889026,
        0.8803846187492633,
        0.8451302405631188,
        0.805238917097625,
        0.7705416537747525,
        0.7424094826474835,
        0.7075807678424092,
        0.6904273278192775,
        0.6585895946598008,
        0.6357846617530056,
        0.6080432192214758,
        0.5886150469818188,
        0.5719927653340111,
        0.5468044973442657,
        0.5311571667071842,
        0.519230304378094,
        0.49840094221475717,
        0.48274938141833157,
        0.4703582087421912,
        0.45256218737108084,
        0.441177044427378,
        0.4244426491686557,
        0.4107449615636787,
        0.4039112686380245,
        0.38979750025783827,
        0.37218023908975717,
        0.3628813416707184,
        0.35531850740180043,
        0.3418381406360502,
        0.33471104155616455,
        0.32840758615482085,
        0.3211274819236946,
        0.30511264540237504,
        0.2969950559509076,
        0.2887619860270067,
        0.2820904492095415,
        0.26972152084070017
    ],
    "train_accuracy": [
        0.18953323903818953,
        0.41206977840641207,
        0.5374823196605375,
        0.6067892503536068,
        0.628005657708628,
        0.6525223950966526,
        0.6784535596416784,
        0.701084394153701,
        0.7199434229137199,
        0.7289014615747289,
        0.7444601603017444,
        0.7477604903347478,
        0.7685054219707685,
        0.7732201791607732,
        0.785950023573786,
        0.7916077322017916,
        0.8104667609618105,
        0.80999528524281,
        0.8288543140028288,
        0.8307402168788307,
        0.8326261197548326,
        0.8448844884488449,
        0.8448844884488449,
        0.8491277699198492,
        0.8576143328618576,
        0.8646864686468647,
        0.8646864686468647,
        0.8698727015558698,
        0.876001885902876,
        0.884016973125884,
        0.8859028760018859,
        0.8868458274398868,
        0.8915605846298915,
        0.8967468175388967,
        0.9005186232909005,
        0.9071192833569072,
        0.9057048561999057,
        0.918906176331919,
        0.9141914191419142,
        0.9085337105139085,
        0.9212635549269212,
        0.9217350306459218,
        0.9302215935879302,
        0.9283356907119283,
        0.9311645450259312
    ],
    "val_loss": [
        2.635337442846342,
        1.9093166650165612,
        1.5127891153783841,
        1.3366889074650778,
        1.2120074434763826,
        1.1363581644225231,
        1.0616433983024913,
        0.9984506352156538,
        0.9693530385944701,
        0.9122673772996471,
        0.8879581574470766,
        0.8694604970343102,
        0.8652783934421803,
        0.8288790795110887,
        0.8056690550070205,
        0.784104237358691,
        0.7698599819763465,
        0.7672042495094686,
        0.746189943656394,
        0.7508336783554147,
        0.721139652937788,
        0.7055865872290826,
        0.7200195031231998,
        0.7093297017884145,
        0.6989106209047379,
        0.6934684366674467,
        0.7050505607358871,
        0.6955330141129032,
        0.700894052531862,
        0.682107670515913,
        0.6824681154593893,
        0.6772759081581221,
        0.6762019566127232,
        0.6829257384972638,
        0.6643119847170219,
        0.678324967485419,
        0.6915584159886232,
        0.6788850423927131,
        0.6762158090617799,
        0.6809103126350087,
        0.7002913655223935,
        0.6836031724780386,
        0.678651379000756,
        0.6782130931379609,
        0.6875071020170291
    ],
    "val_accuracy": [
        0.3548387096774194,
        0.4838709677419355,
        0.5990783410138248,
        0.6267281105990783,
        0.6497695852534562,
        0.6589861751152074,
        0.6820276497695853,
        0.6912442396313364,
        0.7004608294930875,
        0.7235023041474654,
        0.7419354838709677,
        0.7327188940092166,
        0.695852534562212,
        0.7327188940092166,
        0.7373271889400922,
        0.7557603686635944,
        0.7603686635944701,
        0.7649769585253456,
        0.7557603686635944,
        0.7695852534562212,
        0.7603686635944701,
        0.7788018433179723,
        0.7788018433179723,
        0.7695852534562212,
        0.7926267281105991,
        0.7649769585253456,
        0.7649769585253456,
        0.7695852534562212,
        0.7695852534562212,
        0.783410138248848,
        0.783410138248848,
        0.7603686635944701,
        0.7926267281105991,
        0.7972350230414746,
        0.7788018433179723,
        0.7788018433179723,
        0.7603686635944701,
        0.7649769585253456,
        0.783410138248848,
        0.7788018433179723,
        0.7788018433179723,
        0.7649769585253456,
        0.783410138248848,
        0.7880184331797235,
        0.783410138248848
    ],
    "val_pct": 0.1,
    "patience_limit": 10,
    "batch_size": 32,
    "lr": 1e-05,
    "max_mem0": 6390279680,
    "time": 90065.49878168106,
    "labels_list": [
        "Corn leaf blight",
        "Strawberry leaf",
        "Tomato Early blight leaf",
        "Tomato leaf",
        "Raspberry leaf",
        "Potato leaf early blight",
        "Tomato leaf mosaic virus",
        "Bell_pepper leaf spot",
        "Tomato leaf late blight",
        "Tomato leaf yellow virus",
        "grape leaf black rot",
        "Apple rust leaf",
        "Corn Gray leaf spot",
        "Soyabean leaf",
        "Squash Powdery mildew leaf",
        "Apple Scab Leaf",
        "Potato leaf late blight",
        "Peach leaf",
        "Tomato mold leaf",
        "Tomato leaf bacterial spot",
        "Corn rust leaf",
        "Tomato Septoria leaf spot",
        "Apple leaf",
        "grape leaf",
        "Blueberry leaf",
        "Cherry leaf",
        "Bell_pepper leaf"
    ],
    "patience": 10,
    "epoch": 44
}