{
    "train_loss": [
        2.9782554845886375,
        2.164428077852428,
        1.6157097643358085,
        1.3445061337886022,
        1.184398113360443,
        1.068563113286775,
        0.9841353485236917,
        0.9099472168198963,
        0.8529654165193306,
        0.810378877243193,
        0.7668124949353194,
        0.734251145538661,
        0.7015423448734383,
        0.6741081788145332,
        0.6512129449552098,
        0.623124456697902,
        0.5984016213423797,
        0.5802073894610443,
        0.5603501006490158,
        0.541510237100719,
        0.5243542647372996,
        0.5079090166968706,
        0.4936243729004597,
        0.47744919319638435,
        0.46093580218094354,
        0.45235882318003007,
        0.44289900704635193,
        0.4226376660754803,
        0.4146646214565653,
        0.4003943947338372,
        0.38744475469449846,
        0.3766017052319071,
        0.36467924572172616,
        0.3575137011120197,
        0.3481495959305752,
        0.332436424446016,
        0.32373357662217117,
        0.31434391782509724,
        0.3079772114697519,
        0.30509316364811706,
        0.28981613022490865,
        0.28348386945279347,
        0.2725232100497996,
        0.26430723342284007,
        0.25828440736791314,
        0.2503084563129862
    ],
    "train_accuracy": [
        0.20886374351720888,
        0.47147571900047147,
        0.5803866100895804,
        0.6383781235266384,
        0.6652522395096653,
        0.6954266855256954,
        0.71004243281471,
        0.7383309759547383,
        0.752003771805752,
        0.7670909948137671,
        0.7727487034417727,
        0.776049033474776,
        0.7901933050447902,
        0.7986798679867987,
        0.8114097123998114,
        0.8208392267798208,
        0.8217821782178217,
        0.8326261197548326,
        0.8401697312588402,
        0.8392267798208393,
        0.8495992456388496,
        0.8538425271098539,
        0.8561999057048562,
        0.8538425271098539,
        0.8642149929278642,
        0.8694012258368694,
        0.8694012258368694,
        0.8811881188118812,
        0.8821310702498821,
        0.8807166430928807,
        0.8901461574728902,
        0.8934464875058934,
        0.8976897689768977,
        0.9014615747289014,
        0.9057048561999057,
        0.9123055162659123,
        0.9137199434229137,
        0.917020273455917,
        0.9165487977369166,
        0.9165487977369166,
        0.925035360678925,
        0.9283356907119283,
        0.9292786421499293,
        0.9358793022159358,
        0.9344648750589345,
        0.9387081565299387
    ],
    "val_loss": [
        2.540334675169211,
        1.81449461203017,
        1.448670136763753,
        1.263784944736463,
        1.140035884171587,
        1.0349827779602894,
        0.9637068647393433,
        0.9279821017920147,
        0.8638038459461406,
        0.8304253503474223,
        0.7970990299629176,
        0.7825747722854263,
        0.7498370755103326,
        0.7518119284634217,
        0.7203681348106279,
        0.7200749129194268,
        0.6984712099699381,
        0.6923107375747047,
        0.683924310218354,
        0.6787750666042627,
        0.6660604872461837,
        0.6752804523239487,
        0.667153072796659,
        0.6596335134198589,
        0.6747138379356279,
        0.6423615486391129,
        0.6515448082427275,
        0.6391563591319844,
        0.625889158468642,
        0.6301805346792194,
        0.6326155420821933,
        0.6371665989748344,
        0.6282125024751584,
        0.6235143424179147,
        0.6108163578719038,
        0.6094813896214357,
        0.620398455501152,
        0.6439665341706869,
        0.6336548273464502,
        0.6274021693638393,
        0.6146455404395881,
        0.627245362453197,
        0.6206392209101382,
        0.6409513411983367,
        0.6325793288270449,
        0.621954359766525
    ],
    "val_accuracy": [
        0.41013824884792627,
        0.5714285714285714,
        0.6589861751152074,
        0.631336405529954,
        0.7004608294930875,
        0.7188940092165899,
        0.7235023041474654,
        0.7142857142857143,
        0.7419354838709677,
        0.7419354838709677,
        0.7603686635944701,
        0.7557603686635944,
        0.7557603686635944,
        0.7695852534562212,
        0.7788018433179723,
        0.7741935483870968,
        0.7649769585253456,
        0.7880184331797235,
        0.7788018433179723,
        0.8018433179723502,
        0.783410138248848,
        0.7741935483870968,
        0.7880184331797235,
        0.7926267281105991,
        0.7880184331797235,
        0.7926267281105991,
        0.783410138248848,
        0.7880184331797235,
        0.8110599078341014,
        0.8018433179723502,
        0.8064516129032258,
        0.7972350230414746,
        0.7880184331797235,
        0.8064516129032258,
        0.7972350230414746,
        0.8064516129032258,
        0.8110599078341014,
        0.7926267281105991,
        0.7926267281105991,
        0.8110599078341014,
        0.8110599078341014,
        0.7972350230414746,
        0.7926267281105991,
        0.8064516129032258,
        0.7926267281105991,
        0.8018433179723502
    ],
    "val_pct": 0.1,
    "patience_limit": 10,
    "batch_size": 32,
    "lr": 1e-05,
    "max_mem0": 6381149184,
    "time": 93560.27677989006,
    "labels_list": [
        "Corn leaf blight",
        "Strawberry leaf",
        "Tomato Early blight leaf",
        "Tomato leaf",
        "Raspberry leaf",
        "Potato leaf early blight",
        "Tomato leaf mosaic virus",
        "Bell_pepper leaf spot",
        "Tomato leaf late blight",
        "Tomato leaf yellow virus",
        "grape leaf black rot",
        "Apple rust leaf",
        "Corn Gray leaf spot",
        "Soyabean leaf",
        "Squash Powdery mildew leaf",
        "Apple Scab Leaf",
        "Potato leaf late blight",
        "Peach leaf",
        "Tomato mold leaf",
        "Tomato leaf bacterial spot",
        "Corn rust leaf",
        "Tomato Septoria leaf spot",
        "Apple leaf",
        "grape leaf",
        "Blueberry leaf",
        "Cherry leaf",
        "Bell_pepper leaf"
    ],
    "patience": 10,
    "epoch": 45
}