{
    "train_loss": [
        2.9691630016796324,
        2.177527874160184,
        1.6450587825244578,
        1.3663073966436823,
        1.204003031441537,
        1.0867265542123408,
        0.9982336926493989,
        0.9194200111975483,
        0.8641440298466231,
        0.8157535968440595,
        0.7785866686557048,
        0.7386452739163425,
        0.707656047412777,
        0.6755859144787246,
        0.6524740504184346,
        0.6221311462200908,
        0.6042357880458805,
        0.5857387112874234,
        0.5584016950104609,
        0.5371062095746405,
        0.5205319272859206,
        0.5045053786907708,
        0.4892105037791726,
        0.48051568462510313,
        0.4627259941047118,
        0.44830543845400167,
        0.42968191734072964,
        0.41842085907111914,
        0.405710582742147,
        0.3996305775945898,
        0.38714035588129125,
        0.3788703368104668,
        0.36481049576776875,
        0.3547998668449434,
        0.3418841544101397,
        0.333738450226161,
        0.32128218489399163,
        0.3107305847772277,
        0.30337649592247173,
        0.29705767381983733,
        0.2817496767812942,
        0.27299373614119227,
        0.2678521645063502,
        0.26185241727995345,
        0.2513767873718175,
        0.2439133186825937,
        0.23529990851345178,
        0.23021609150312353,
        0.21844706879309583,
        0.21239986896290075,
        0.205361876606885
    ],
    "train_accuracy": [
        0.2376237623762376,
        0.4446016030174446,
        0.5785007072135785,
        0.636963696369637,
        0.6680810938236681,
        0.6916548797736917,
        0.7128712871287128,
        0.7303158887317304,
        0.7543611504007544,
        0.7623762376237624,
        0.7633191890617633,
        0.7812352663837813,
        0.7887788778877888,
        0.8048090523338048,
        0.8052805280528053,
        0.8114097123998114,
        0.8236680810938237,
        0.8330975954738331,
        0.842998585572843,
        0.8448844884488449,
        0.8495992456388496,
        0.8505421970768505,
        0.8595002357378595,
        0.85997171145686,
        0.8675153229608675,
        0.8632720414898633,
        0.8708156529938709,
        0.8736445073078737,
        0.876001885902876,
        0.8816595945308816,
        0.8830740216878831,
        0.8934464875058934,
        0.8896746817538896,
        0.9014615747289014,
        0.9028760018859029,
        0.9014615747289014,
        0.9118340405469119,
        0.9222065063649222,
        0.9217350306459218,
        0.9212635549269212,
        0.9259783121169259,
        0.933050447901933,
        0.9297501178689298,
        0.9354078264969354,
        0.9401225836869401,
        0.9377652050919377,
        0.9434229137199435,
        0.942008486562942,
        0.9476661951909476,
        0.9476661951909476,
        0.9528524280999529
    ],
    "val_loss": [
        2.5701696158554146,
        1.8613409226940525,
        1.4683199412262384,
        1.2638721378168203,
        1.155102778140301,
        1.0514759116458454,
        0.9783086820681524,
        0.9216149677329349,
        0.8852921586981567,
        0.842840098016273,
        0.817501226328485,
        0.7881673645863335,
        0.7628367199875792,
        0.7487132692117295,
        0.7334478000342022,
        0.7165960496471774,
        0.7077695785030242,
        0.6847349245976743,
        0.694148191109231,
        0.682393790390085,
        0.6745464834749424,
        0.662088139265913,
        0.6677470404980919,
        0.649211690173171,
        0.6553415043562788,
        0.6475756948444701,
        0.6571141256165395,
        0.6546099966022826,
        0.6559674662928427,
        0.6410294633856567,
        0.6329551028765841,
        0.6246924334407402,
        0.6316986787154378,
        0.6312946372317828,
        0.6242644841769873,
        0.6264263100338422,
        0.6249789752169139,
        0.6221332462152578,
        0.6150309479181668,
        0.646058113344254,
        0.6137276926348286,
        0.6152021698138681,
        0.6176342239028297,
        0.6266663722728255,
        0.6387898669264833,
        0.6450502597791259,
        0.6420319025417627,
        0.6584220218218966,
        0.6375736640895018,
        0.6416090161020306,
        0.6510274860716085
    ],
    "val_accuracy": [
        0.35023041474654376,
        0.5161290322580645,
        0.6082949308755761,
        0.6589861751152074,
        0.6359447004608295,
        0.6682027649769585,
        0.7004608294930875,
        0.7142857142857143,
        0.7327188940092166,
        0.7373271889400922,
        0.7419354838709677,
        0.7603686635944701,
        0.7327188940092166,
        0.7603686635944701,
        0.783410138248848,
        0.7419354838709677,
        0.7741935483870968,
        0.7741935483870968,
        0.7649769585253456,
        0.783410138248848,
        0.7880184331797235,
        0.7880184331797235,
        0.7880184331797235,
        0.783410138248848,
        0.7695852534562212,
        0.783410138248848,
        0.7788018433179723,
        0.7880184331797235,
        0.7880184331797235,
        0.7972350230414746,
        0.8018433179723502,
        0.7880184331797235,
        0.7880184331797235,
        0.7972350230414746,
        0.7926267281105991,
        0.7972350230414746,
        0.8064516129032258,
        0.8018433179723502,
        0.7880184331797235,
        0.7741935483870968,
        0.8018433179723502,
        0.7880184331797235,
        0.8018433179723502,
        0.783410138248848,
        0.7926267281105991,
        0.8018433179723502,
        0.783410138248848,
        0.7880184331797235,
        0.7926267281105991,
        0.7788018433179723,
        0.7926267281105991
    ],
    "val_pct": 0.1,
    "patience_limit": 10,
    "batch_size": 32,
    "lr": 1e-05,
    "max_mem0": 6390693376,
    "time": 114590.14151263237,
    "labels_list": [
        "Corn leaf blight",
        "Strawberry leaf",
        "Tomato Early blight leaf",
        "Tomato leaf",
        "Raspberry leaf",
        "Potato leaf early blight",
        "Tomato leaf mosaic virus",
        "Bell_pepper leaf spot",
        "Tomato leaf late blight",
        "Tomato leaf yellow virus",
        "grape leaf black rot",
        "Apple rust leaf",
        "Corn Gray leaf spot",
        "Soyabean leaf",
        "Squash Powdery mildew leaf",
        "Apple Scab Leaf",
        "Potato leaf late blight",
        "Peach leaf",
        "Tomato mold leaf",
        "Tomato leaf bacterial spot",
        "Corn rust leaf",
        "Tomato Septoria leaf spot",
        "Apple leaf",
        "grape leaf",
        "Blueberry leaf",
        "Cherry leaf",
        "Bell_pepper leaf"
    ],
    "patience": 10,
    "epoch": 50
}