{
    "train_loss": [
        2.9945959858262614,
        2.231285775061881,
        1.6473649387818246,
        1.3410095473833097,
        1.1683605721063177,
        1.0433163712576614,
        0.9734897352737506,
        0.9020749766103843,
        0.8514689760689239,
        0.8092804170902581,
        0.7701661192207391,
        0.7356433571649575,
        0.7062785118495108,
        0.6804972733601485,
        0.6549286363485679,
        0.626495519599393,
        0.6115807834968765,
        0.5826996151763614,
        0.563414232397012,
        0.5533443236901815,
        0.5244385226050506,
        0.510477270174004,
        0.4963384086036952,
        0.4876333162055045,
        0.4678137247318482,
        0.4516925011418553,
        0.43881218391788956,
        0.4254717865062176,
        0.42387356324220593,
        0.41045843301545554,
        0.40112362240688354,
        0.38424646646444777,
        0.3786066856546146,
        0.36702358851956624,
        0.35922182218919435,
        0.35785844471026346,
        0.34377060404143095,
        0.32996091793191595,
        0.3276675097057697,
        0.3170551046455092,
        0.3133199027212989,
        0.3042921671491926,
        0.29753873214469884,
        0.2860141378256129,
        0.27713604054322843,
        0.270660558661893,
        0.26632924958930043
    ],
    "train_accuracy": [
        0.20132013201320131,
        0.43092880716643095,
        0.5865157944365865,
        0.6449787835926449,
        0.6784535596416784,
        0.702027345591702,
        0.7161716171617162,
        0.7322017916077322,
        0.7553041018387553,
        0.7628477133427628,
        0.7708628005657708,
        0.7831211692597831,
        0.7906647807637907,
        0.7949080622347949,
        0.8010372465818011,
        0.8184818481848185,
        0.8189533239038189,
        0.8312116925978312,
        0.8250825082508251,
        0.834040546911834,
        0.8382838283828383,
        0.8444130127298444,
        0.8547854785478548,
        0.8514851485148515,
        0.8557284299858557,
        0.8646864686468647,
        0.8675153229608675,
        0.8689297501178689,
        0.8755304101838756,
        0.8802451673738803,
        0.8821310702498821,
        0.8854314002828855,
        0.8844884488448845,
        0.8892032060348892,
        0.8934464875058934,
        0.8901461574728902,
        0.9047619047619048,
        0.9052333804809052,
        0.901933050447902,
        0.9094766619519095,
        0.9123055162659123,
        0.9075907590759076,
        0.917963224893918,
        0.9231494578029231,
        0.9283356907119283,
        0.9222065063649222,
        0.9306930693069307
    ],
    "val_loss": [
        2.627417498469902,
        1.9046680081275202,
        1.5022317209551412,
        1.2805781913792482,
        1.148895263671875,
        1.0600820093110959,
        0.9997375066379248,
        0.9569998886178716,
        0.9242394794516849,
        0.9021419402091734,
        0.849625969812068,
        0.8364698700091806,
        0.8005425941010225,
        0.781563473187284,
        0.7650888328728038,
        0.7468347505490351,
        0.7317285493771601,
        0.7192664080501152,
        0.703522220734627,
        0.6812166838052636,
        0.6799802999891993,
        0.6704240086990567,
        0.6620776620328701,
        0.6491657028549828,
        0.6365055488551268,
        0.6436275359122984,
        0.6314605150354623,
        0.6464350827827982,
        0.6334580803796444,
        0.6247448196059547,
        0.6231499597224223,
        0.6298455444898473,
        0.6151708084317397,
        0.621255619734663,
        0.6224342029764905,
        0.6074624479091661,
        0.5904917914746544,
        0.6059748214510728,
        0.5950474189723143,
        0.6120058402487759,
        0.6040655039422523,
        0.6016754994194629,
        0.6020442417689732,
        0.6037168722548243,
        0.6154281686527938,
        0.6211784116683468,
        0.6010852585190453
    ],
    "val_accuracy": [
        0.35023041474654376,
        0.5806451612903226,
        0.5944700460829493,
        0.6728110599078341,
        0.6912442396313364,
        0.6728110599078341,
        0.695852534562212,
        0.728110599078341,
        0.7327188940092166,
        0.7188940092165899,
        0.7419354838709677,
        0.7327188940092166,
        0.7557603686635944,
        0.7419354838709677,
        0.7419354838709677,
        0.7511520737327189,
        0.7465437788018433,
        0.7741935483870968,
        0.7695852534562212,
        0.7741935483870968,
        0.7695852534562212,
        0.7788018433179723,
        0.7603686635944701,
        0.7788018433179723,
        0.7880184331797235,
        0.7972350230414746,
        0.783410138248848,
        0.7972350230414746,
        0.783410138248848,
        0.7972350230414746,
        0.7972350230414746,
        0.8018433179723502,
        0.7741935483870968,
        0.815668202764977,
        0.7926267281105991,
        0.7926267281105991,
        0.8064516129032258,
        0.7880184331797235,
        0.7926267281105991,
        0.7880184331797235,
        0.783410138248848,
        0.7880184331797235,
        0.783410138248848,
        0.7926267281105991,
        0.7972350230414746,
        0.7926267281105991,
        0.8018433179723502
    ],
    "val_pct": 0.1,
    "patience_limit": 10,
    "batch_size": 32,
    "lr": 1e-05,
    "max_mem0": 6393814528,
    "time": 97603.6529815197,
    "labels_list": [
        "Corn leaf blight",
        "Strawberry leaf",
        "Tomato Early blight leaf",
        "Tomato leaf",
        "Raspberry leaf",
        "Potato leaf early blight",
        "Tomato leaf mosaic virus",
        "Bell_pepper leaf spot",
        "Tomato leaf late blight",
        "Tomato leaf yellow virus",
        "grape leaf black rot",
        "Apple rust leaf",
        "Corn Gray leaf spot",
        "Soyabean leaf",
        "Squash Powdery mildew leaf",
        "Apple Scab Leaf",
        "Potato leaf late blight",
        "Peach leaf",
        "Tomato mold leaf",
        "Tomato leaf bacterial spot",
        "Corn rust leaf",
        "Tomato Septoria leaf spot",
        "Apple leaf",
        "grape leaf",
        "Blueberry leaf",
        "Cherry leaf",
        "Bell_pepper leaf"
    ],
    "patience": 10,
    "epoch": 46
}