{
    "train_loss": [
        2.968464996611268,
        2.177041204399458,
        1.6435914064341701,
        1.3614151454207921,
        1.2048340994813767,
        1.0990021888628596,
        1.0066651196369636,
        0.9449907201239097,
        0.8844669239524399,
        0.8391146662099246,
        0.8022193890706035,
        0.7703798717622878,
        0.7358343761971063,
        0.695455347013496,
        0.6761402667889557,
        0.6521162997996228,
        0.6205438868384606,
        0.600697130259901,
        0.578806947728813,
        0.5568690536045792,
        0.5380195786738272,
        0.5163988601706153,
        0.5026847986835514,
        0.4919825530962694,
        0.47374242254722126,
        0.4657292058028347,
        0.44386034672803215,
        0.4348766393450171,
        0.42366640054072374,
        0.4088622816662247,
        0.4011685714469885,
        0.3880158262059465,
        0.3748764045280086,
        0.36047590616344,
        0.3504936509624735,
        0.3444072286344148,
        0.3385169187956742,
        0.3246837222087164,
        0.3147349054101839,
        0.3098596611544525,
        0.2962315841307903,
        0.28995353846210514,
        0.2853984625931901,
        0.27539905654209396,
        0.26946391276962517,
        0.26133245299976426,
        0.25247401013120285,
        0.24727428099952853,
        0.2366306533345857,
        0.22850884811207126,
        0.2193584523072843,
        0.2147302695008619,
        0.2101455681282414,
        0.20295206705729166
    ],
    "train_accuracy": [
        0.23998114097124,
        0.44695898161244696,
        0.5652993870815654,
        0.6308345120226309,
        0.6534653465346535,
        0.6878830740216879,
        0.7001414427157001,
        0.7123998114097124,
        0.7317303158887317,
        0.7491749174917491,
        0.7604903347477605,
        0.7703913248467704,
        0.7821782178217822,
        0.7911362564827912,
        0.8000942951438001,
        0.8165959453088166,
        0.8227251296558227,
        0.826025459688826,
        0.8307402168788307,
        0.8330975954738331,
        0.8444130127298444,
        0.8543140028288543,
        0.8561999057048562,
        0.8561999057048562,
        0.8585572842998586,
        0.8646864686468647,
        0.8764733616218765,
        0.8727015558698727,
        0.8774163130598774,
        0.884959924563885,
        0.8821310702498821,
        0.8868458274398868,
        0.8934464875058934,
        0.8981612446958982,
        0.8986327204148986,
        0.9028760018859029,
        0.8995756718528995,
        0.9080622347949081,
        0.9151343705799151,
        0.9165487977369166,
        0.9207920792079208,
        0.9198491277699199,
        0.9184347006129184,
        0.9316360207449317,
        0.9325789721829326,
        0.9325789721829326,
        0.9377652050919377,
        0.9363507779349364,
        0.942008486562942,
        0.9457802923149458,
        0.9457802923149458,
        0.95002357378595,
        0.9481376709099482,
        0.9537953795379538
    ],
    "val_loss": [
        2.550642303607431,
        1.8295591855378743,
        1.456827611967166,
        1.2713174424413163,
        1.1542227608816964,
        1.055956792172199,
        1.0052332021124353,
        0.9345390917518721,
        0.8846645091535859,
        0.8598230599258353,
        0.8324334632416475,
        0.8105465234149986,
        0.7723123576783915,
        0.7645537908176123,
        0.7366765457364272,
        0.7438844601679507,
        0.699146464123704,
        0.6903714650237616,
        0.6838336716049828,
        0.676473872452837,
        0.6673311857583886,
        0.6733783071491576,
        0.6775800291843678,
        0.6563299504293275,
        0.6808933662379393,
        0.6496534215689804,
        0.6183035011115712,
        0.6276944771340366,
        0.6394886069583453,
        0.6204194802842382,
        0.6493703253258208,
        0.6290896367367511,
        0.6121216523482503,
        0.6219433199974799,
        0.6155371600032402,
        0.6177607945033482,
        0.6058068341373848,
        0.6212478848646313,
        0.6119570402505761,
        0.6150635750063004,
        0.6197733373685916,
        0.5996365876791114,
        0.6128947174494168,
        0.5919302663495464,
        0.6267744495022681,
        0.6161112279935916,
        0.6121687647384433,
        0.614231443624892,
        0.6107341572985671,
        0.6169772521691388,
        0.6114017468993016,
        0.603400164485527,
        0.6167027346000143,
        0.6047582670290899
    ],
    "val_accuracy": [
        0.4423963133640553,
        0.543778801843318,
        0.6359447004608295,
        0.631336405529954,
        0.6774193548387096,
        0.6728110599078341,
        0.6866359447004609,
        0.695852534562212,
        0.7096774193548387,
        0.7465437788018433,
        0.7373271889400922,
        0.7557603686635944,
        0.7511520737327189,
        0.7649769585253456,
        0.7649769585253456,
        0.7603686635944701,
        0.7741935483870968,
        0.7788018433179723,
        0.7926267281105991,
        0.7926267281105991,
        0.7788018433179723,
        0.7880184331797235,
        0.783410138248848,
        0.7603686635944701,
        0.7741935483870968,
        0.783410138248848,
        0.783410138248848,
        0.7880184331797235,
        0.8110599078341014,
        0.7880184331797235,
        0.7695852534562212,
        0.8018433179723502,
        0.8202764976958525,
        0.8064516129032258,
        0.8110599078341014,
        0.7880184331797235,
        0.7926267281105991,
        0.8110599078341014,
        0.7880184331797235,
        0.8202764976958525,
        0.7972350230414746,
        0.8064516129032258,
        0.7880184331797235,
        0.7926267281105991,
        0.7972350230414746,
        0.783410138248848,
        0.7926267281105991,
        0.7972350230414746,
        0.7972350230414746,
        0.7972350230414746,
        0.8018433179723502,
        0.8064516129032258,
        0.8018433179723502,
        0.7972350230414746
    ],
    "val_pct": 0.1,
    "patience_limit": 10,
    "batch_size": 32,
    "lr": 1e-05,
    "max_mem0": 6213803520,
    "time": 127895.80414414406,
    "labels_list": [
        "Corn leaf blight",
        "Strawberry leaf",
        "Tomato Early blight leaf",
        "Tomato leaf",
        "Raspberry leaf",
        "Potato leaf early blight",
        "Tomato leaf mosaic virus",
        "Bell_pepper leaf spot",
        "Tomato leaf late blight",
        "Tomato leaf yellow virus",
        "grape leaf black rot",
        "Apple rust leaf",
        "Corn Gray leaf spot",
        "Soyabean leaf",
        "Squash Powdery mildew leaf",
        "Apple Scab Leaf",
        "Potato leaf late blight",
        "Peach leaf",
        "Tomato mold leaf",
        "Tomato leaf bacterial spot",
        "Corn rust leaf",
        "Tomato Septoria leaf spot",
        "Apple leaf",
        "grape leaf",
        "Blueberry leaf",
        "Cherry leaf",
        "Bell_pepper leaf"
    ],
    "patience": 10,
    "epoch": 53
}