{
    "train_loss": [
        3.0068191319690003,
        2.2391486916548797,
        1.6752987240688355,
        1.3695965613581447,
        1.1832864159741867,
        1.0582498121463932,
        0.9659621235561056,
        0.9016624929094472,
        0.8444192284741867,
        0.796276331734736,
        0.7565291214528819,
        0.716218983435732,
        0.6873613543692539,
        0.6603509524362035,
        0.6324323611909182,
        0.6173820873298267,
        0.6008309414228253,
        0.5643699606428276,
        0.5480075316404408,
        0.543752624425389,
        0.5189718905623821,
        0.4941158195758192,
        0.4874460956837871,
        0.4720884590202882,
        0.45768853618760313,
        0.4470474408629479,
        0.4334058388400224,
        0.41829101907819133,
        0.4071543620252092,
        0.3966924009993075,
        0.38239161353356316,
        0.37672311368274103,
        0.3724015598755746,
        0.3537037375961368,
        0.3439195516928925,
        0.3394356403413779,
        0.3291667127092173,
        0.317732793438384,
        0.30903647790141736,
        0.29998062759679983,
        0.2929079450565034,
        0.281684871891207,
        0.27715183889343176,
        0.27327143027500295,
        0.2648145935547796,
        0.2545482270395008,
        0.2471475488787718,
        0.2380572529909241,
        0.23592654762825613,
        0.22633309299121876,
        0.2260222913858071,
        0.21607817956042255,
        0.2112332802232511
    ],
    "train_accuracy": [
        0.22065063649222066,
        0.45544554455445546,
        0.5813295615275813,
        0.6388495992456389,
        0.6770391324846771,
        0.6996699669966997,
        0.7298444130127298,
        0.7425742574257426,
        0.7562470532767562,
        0.768976897689769,
        0.7887788778877888,
        0.7920792079207921,
        0.802923149457803,
        0.8104667609618105,
        0.8118811881188119,
        0.8184818481848185,
        0.8274398868458275,
        0.8363979255068364,
        0.8378123526638378,
        0.8415841584158416,
        0.8552569542668552,
        0.8514851485148515,
        0.8547854785478548,
        0.8604431871758604,
        0.8637435172088638,
        0.8778877887788779,
        0.8712871287128713,
        0.8802451673738803,
        0.8769448373408769,
        0.8835454974068836,
        0.8868458274398868,
        0.8901461574728902,
        0.8943894389438944,
        0.8967468175388967,
        0.8986327204148986,
        0.9028760018859029,
        0.9071192833569072,
        0.9071192833569072,
        0.9108910891089109,
        0.916077322017916,
        0.9151343705799151,
        0.9184347006129184,
        0.9203206034889203,
        0.9255068363979255,
        0.9259783121169259,
        0.9306930693069307,
        0.9358793022159358,
        0.9387081565299387,
        0.9391796322489392,
        0.9424799622819425,
        0.9438943894389439,
        0.9448373408769448,
        0.9467232437529467
    ],
    "val_loss": [
        2.6277831468714,
        1.9121016401299684,
        1.5148543256768434,
        1.2779269592003888,
        1.1346877840806813,
        1.0414666382398474,
        0.9578194332562284,
        0.9080591157834101,
        0.8603780016921083,
        0.826695314750144,
        0.803359141547559,
        0.7940019176852319,
        0.7521431215347782,
        0.7521141509306596,
        0.7329187349240351,
        0.7168912404143866,
        0.6988405851724511,
        0.6829035183251728,
        0.692583497218822,
        0.6776702458957373,
        0.6592507779872911,
        0.6601992840041763,
        0.6534097557243663,
        0.6743185157600087,
        0.6414493965113768,
        0.6482148763770881,
        0.6353955950055804,
        0.6515090872065812,
        0.6358433033464141,
        0.6480184809952837,
        0.6298695225869456,
        0.6196042249828989,
        0.6295931767758136,
        0.6290751514346918,
        0.6254014397546444,
        0.6204937350365424,
        0.607916273829025,
        0.6157446654710902,
        0.6117554414107503,
        0.6085752144387241,
        0.5977133474042339,
        0.6300768874207949,
        0.5961028068296371,
        0.6033544584353399,
        0.6103591567360311,
        0.6078489804597494,
        0.6107951924548171,
        0.5987671179705502,
        0.6193953834920435,
        0.6188277846657186,
        0.6057193597890265,
        0.6469275830528154,
        0.6033384261592742
    ],
    "val_accuracy": [
        0.4147465437788018,
        0.5622119815668203,
        0.6036866359447005,
        0.6359447004608295,
        0.7004608294930875,
        0.6912442396313364,
        0.7373271889400922,
        0.7142857142857143,
        0.7235023041474654,
        0.7557603686635944,
        0.7603686635944701,
        0.7511520737327189,
        0.7649769585253456,
        0.7419354838709677,
        0.7788018433179723,
        0.783410138248848,
        0.7972350230414746,
        0.7788018433179723,
        0.7788018433179723,
        0.7926267281105991,
        0.7880184331797235,
        0.7695852534562212,
        0.8110599078341014,
        0.8064516129032258,
        0.7880184331797235,
        0.7880184331797235,
        0.7880184331797235,
        0.8018433179723502,
        0.7741935483870968,
        0.8064516129032258,
        0.7880184331797235,
        0.8064516129032258,
        0.7880184331797235,
        0.7695852534562212,
        0.7788018433179723,
        0.7972350230414746,
        0.7926267281105991,
        0.8110599078341014,
        0.7926267281105991,
        0.8110599078341014,
        0.7880184331797235,
        0.783410138248848,
        0.7880184331797235,
        0.815668202764977,
        0.7926267281105991,
        0.7926267281105991,
        0.7926267281105991,
        0.7788018433179723,
        0.783410138248848,
        0.783410138248848,
        0.7972350230414746,
        0.7695852534562212,
        0.7926267281105991
    ],
    "val_pct": 0.1,
    "patience_limit": 10,
    "batch_size": 32,
    "lr": 1e-05,
    "max_mem0": 6377556992,
    "time": 123380.82009744644,
    "labels_list": [
        "Corn leaf blight",
        "Strawberry leaf",
        "Tomato Early blight leaf",
        "Tomato leaf",
        "Raspberry leaf",
        "Potato leaf early blight",
        "Tomato leaf mosaic virus",
        "Bell_pepper leaf spot",
        "Tomato leaf late blight",
        "Tomato leaf yellow virus",
        "grape leaf black rot",
        "Apple rust leaf",
        "Corn Gray leaf spot",
        "Soyabean leaf",
        "Squash Powdery mildew leaf",
        "Apple Scab Leaf",
        "Potato leaf late blight",
        "Peach leaf",
        "Tomato mold leaf",
        "Tomato leaf bacterial spot",
        "Corn rust leaf",
        "Tomato Septoria leaf spot",
        "Apple leaf",
        "grape leaf",
        "Blueberry leaf",
        "Cherry leaf",
        "Bell_pepper leaf"
    ],
    "patience": 10,
    "epoch": 52
}