{
    "train_loss": [
        2.977577047604314,
        2.1368462878653935,
        1.621370350623232,
        1.3656642973170086,
        1.2190599814724776,
        1.1170199051155116,
        1.043295997428984,
        0.9734028299593352,
        0.9146978296462459,
        0.8729439698992221,
        0.829863681820191,
        0.7911203142496169,
        0.7569086847300801,
        0.7319849311940123,
        0.7036211084836163,
        0.6737003569218529,
        0.6475895113227841,
        0.6273544433823963,
        0.6017150735023279,
        0.5854900815137317,
        0.5676167662106613,
        0.5432297537091879,
        0.5271881837318777,
        0.5104167242198551,
        0.496559470400165,
        0.4773282739476515,
        0.46294742999690597,
        0.4516727891748438,
        0.4416732967939651,
        0.4255210520354491,
        0.4110230297932137,
        0.39895726284402994,
        0.38421095614723305,
        0.3751137251001886,
        0.35965197471895627,
        0.34931968102641736,
        0.3453144970956359,
        0.3371587211036952,
        0.32269813721048446,
        0.31338974351536714,
        0.29948765576194897,
        0.28848768753130893,
        0.2785630718484795,
        0.2671782166707184,
        0.2568374914360856,
        0.2546719088412748,
        0.24224859270943835,
        0.23705405775301303,
        0.23187886066787483,
        0.21612223652610796,
        0.2152473417333363,
        0.2082428309446458,
        0.1985196514210573,
        0.19343685597982233,
        0.18598217854011964,
        0.1821320716753595,
        0.17316580290841585,
        0.16842146337959688,
        0.16117261052974718,
        0.15547914698347626
    ],
    "train_accuracy": [
        0.20132013201320131,
        0.46864686468646866,
        0.5681282413955682,
        0.6214049976426214,
        0.6459217350306459,
        0.6723243752946724,
        0.6888260254596889,
        0.6911834040546911,
        0.7237152286657237,
        0.7251296558227251,
        0.7534181989627534,
        0.7581329561527581,
        0.7633191890617633,
        0.7840641206977841,
        0.7920792079207921,
        0.801980198019802,
        0.8062234794908062,
        0.8147100424328148,
        0.8264969354078265,
        0.8312116925978312,
        0.8411126826968411,
        0.8434700612918434,
        0.8462989156058462,
        0.8571428571428571,
        0.8571428571428571,
        0.8632720414898633,
        0.8703441772748703,
        0.8745874587458746,
        0.8830740216878831,
        0.8826025459688827,
        0.8892032060348892,
        0.8892032060348892,
        0.8934464875058934,
        0.8939179632248939,
        0.9033474776049033,
        0.9042904290429042,
        0.9075907590759076,
        0.916077322017916,
        0.9174917491749175,
        0.90994813767091,
        0.9236209335219236,
        0.9245638849599246,
        0.9297501178689298,
        0.9344648750589345,
        0.9372937293729373,
        0.9368222536539368,
        0.9410655351249411,
        0.9443658651579444,
        0.9476661951909476,
        0.9542668552569543,
        0.9486091466289486,
        0.9566242338519566,
        0.9561527581329562,
        0.9627534181989628,
        0.9660537482319661,
        0.9646393210749646,
        0.9646393210749646,
        0.9674681753889675,
        0.9717114568599717,
        0.9731258840169731
    ],
    "val_loss": [
        2.5146084974438363,
        1.7948536675097206,
        1.4498357113605271,
        1.2585983627952189,
        1.171749273203485,
        1.1069603845271097,
        1.0327242662280387,
        0.9926138319727462,
        0.94928955921929,
        0.9198244859546011,
        0.8623266967210902,
        0.8400592012888825,
        0.8098238052860383,
        0.806085191014725,
        0.7829183411488335,
        0.7809688726328485,
        0.7539025231989848,
        0.7466913741854478,
        0.7292680872200821,
        0.7095190654701901,
        0.7172987977480558,
        0.715000978812644,
        0.6953788089312716,
        0.6887970673873128,
        0.6873629521664386,
        0.6855852680821573,
        0.6831444243681596,
        0.6794066539008496,
        0.6652364423198085,
        0.6672329529089862,
        0.6793871057747696,
        0.654092533797163,
        0.6626898418373776,
        0.649166265390985,
        0.658890614311816,
        0.662994384765625,
        0.6573986985167051,
        0.6630719444169427,
        0.6756053168652794,
        0.6446983935096846,
        0.6419628512474799,
        0.6451530632335469,
        0.641602546938004,
        0.6456549859816029,
        0.661126694920975,
        0.6554950766849078,
        0.6675038843110959,
        0.6506598687941029,
        0.6554078836045507,
        0.6399718957013248,
        0.658135972264725,
        0.6605429231845839,
        0.6589452506210397,
        0.6644001622353831,
        0.6663530762843822,
        0.6604122038810484,
        0.6730540754608295,
        0.6702330980432748,
        0.6710733861967166,
        0.6632542060816893
    ],
    "val_accuracy": [
        0.41013824884792627,
        0.5576036866359447,
        0.6175115207373272,
        0.6175115207373272,
        0.6497695852534562,
        0.663594470046083,
        0.6820276497695853,
        0.7050691244239631,
        0.6912442396313364,
        0.6820276497695853,
        0.7235023041474654,
        0.7235023041474654,
        0.7419354838709677,
        0.7327188940092166,
        0.7511520737327189,
        0.7465437788018433,
        0.7419354838709677,
        0.7511520737327189,
        0.7649769585253456,
        0.7695852534562212,
        0.7511520737327189,
        0.7465437788018433,
        0.7649769585253456,
        0.7741935483870968,
        0.7511520737327189,
        0.7649769585253456,
        0.7603686635944701,
        0.7741935483870968,
        0.7880184331797235,
        0.7695852534562212,
        0.7695852534562212,
        0.7695852534562212,
        0.7788018433179723,
        0.7788018433179723,
        0.7741935483870968,
        0.7788018433179723,
        0.7557603686635944,
        0.7788018433179723,
        0.7557603686635944,
        0.7741935483870968,
        0.783410138248848,
        0.7788018433179723,
        0.7741935483870968,
        0.7788018433179723,
        0.783410138248848,
        0.7741935483870968,
        0.7880184331797235,
        0.7880184331797235,
        0.783410138248848,
        0.7788018433179723,
        0.7880184331797235,
        0.8018433179723502,
        0.7880184331797235,
        0.7880184331797235,
        0.8018433179723502,
        0.7926267281105991,
        0.8064516129032258,
        0.7972350230414746,
        0.7926267281105991,
        0.8064516129032258
    ],
    "val_pct": 0.1,
    "patience_limit": 10,
    "batch_size": 32,
    "lr": 1e-05,
    "max_mem0": 6392376832,
    "time": 158872.17024827003,
    "labels_list": [
        "Corn leaf blight",
        "Strawberry leaf",
        "Tomato Early blight leaf",
        "Tomato leaf",
        "Raspberry leaf",
        "Potato leaf early blight",
        "Tomato leaf mosaic virus",
        "Bell_pepper leaf spot",
        "Tomato leaf late blight",
        "Tomato leaf yellow virus",
        "grape leaf black rot",
        "Apple rust leaf",
        "Corn Gray leaf spot",
        "Soyabean leaf",
        "Squash Powdery mildew leaf",
        "Apple Scab Leaf",
        "Potato leaf late blight",
        "Peach leaf",
        "Tomato mold leaf",
        "Tomato leaf bacterial spot",
        "Corn rust leaf",
        "Tomato Septoria leaf spot",
        "Apple leaf",
        "grape leaf",
        "Blueberry leaf",
        "Cherry leaf",
        "Bell_pepper leaf"
    ],
    "patience": 10,
    "epoch": 59
}