{
    "train_loss": [
        3.0040266512700375,
        2.1685085989067656,
        1.6215328808271452,
        1.3516746136109146,
        1.1916838865806223,
        1.0840533237196488,
        0.9996354581049622,
        0.9251526540767916,
        0.8665511343963638,
        0.8215534042941125,
        0.7733551413874646,
        0.7512685298245226,
        0.7074412589138378,
        0.6816228986179867,
        0.653662984183463,
        0.6261552075966526,
        0.6077227055155292,
        0.586600282517091,
        0.5655727647262494,
        0.5512126686999057,
        0.5369607726676685,
        0.5144092464491985,
        0.5054832073609147,
        0.4834059194144861,
        0.4756662529743488,
        0.4554063220565918,
        0.4422629004320633,
        0.4289402869555929,
        0.41719972429720653,
        0.41044312386735327,
        0.39794268646312175,
        0.3861481964672472,
        0.3796265569288514,
        0.3682211552628477,
        0.3593433745229992,
        0.34628349135136727,
        0.33873999495373647,
        0.32695557676582393,
        0.31728344692030586,
        0.3099520340217615,
        0.30603257556503416,
        0.29551852890367164,
        0.2873386956789987,
        0.27565747035780586,
        0.27060306302672676
    ],
    "train_accuracy": [
        0.20320603488920322,
        0.4436586515794437,
        0.5822725129655822,
        0.6360207449316361,
        0.6676096181046676,
        0.694012258368694,
        0.7105139085337105,
        0.7336162187647336,
        0.7383309759547383,
        0.7543611504007544,
        0.7685054219707685,
        0.7779349363507779,
        0.7887788778877888,
        0.7949080622347949,
        0.8038661008958039,
        0.818010372465818,
        0.8231966053748232,
        0.8302687411598303,
        0.8406412069778406,
        0.8420556341348421,
        0.843941537010844,
        0.8514851485148515,
        0.8552569542668552,
        0.8646864686468647,
        0.8642149929278642,
        0.8717586044318718,
        0.8703441772748703,
        0.8774163130598774,
        0.8811881188118812,
        0.8821310702498821,
        0.8816595945308816,
        0.8939179632248939,
        0.8953323903818954,
        0.8976897689768977,
        0.901933050447902,
        0.9061763319189062,
        0.9108910891089109,
        0.9146628948609147,
        0.9141914191419142,
        0.9207920792079208,
        0.917963224893918,
        0.9222065063649222,
        0.9297501178689298,
        0.9349363507779349,
        0.933993399339934
    ],
    "val_loss": [
        2.5785969677059333,
        1.8233565229424684,
        1.4687372023059475,
        1.2724219818818405,
        1.1434020292923748,
        1.067913354267173,
        0.9885338989820348,
        0.924477783765661,
        0.8740998720793131,
        0.8590146956905242,
        0.8228725310294859,
        0.7867350776074669,
        0.7706660960676484,
        0.7517053982079853,
        0.7274698002547163,
        0.7090179162091373,
        0.6894686650570636,
        0.7079796153828845,
        0.6890991492205502,
        0.6540847989271313,
        0.6773311773203485,
        0.6587598950082806,
        0.6526777557513681,
        0.6455157583210326,
        0.6450250159760225,
        0.6265794604604694,
        0.6430436235419067,
        0.6386137931577621,
        0.6520157915106567,
        0.6313403432819701,
        0.6251030144054219,
        0.6229974421487975,
        0.6366742393388177,
        0.630928707562284,
        0.6067940848214286,
        0.6170422250774049,
        0.6239301268406178,
        0.6210757488479263,
        0.6130867531772033,
        0.6145140476490495,
        0.6340111235869096,
        0.6127853745139689,
        0.6105089319466446,
        0.6217751920497911,
        0.6161842873568908
    ],
    "val_accuracy": [
        0.3824884792626728,
        0.5576036866359447,
        0.5990783410138248,
        0.6820276497695853,
        0.6728110599078341,
        0.6912442396313364,
        0.7096774193548387,
        0.7327188940092166,
        0.7511520737327189,
        0.7235023041474654,
        0.7327188940092166,
        0.7327188940092166,
        0.7419354838709677,
        0.7465437788018433,
        0.7741935483870968,
        0.7465437788018433,
        0.7695852534562212,
        0.7557603686635944,
        0.7511520737327189,
        0.7880184331797235,
        0.7649769585253456,
        0.783410138248848,
        0.7741935483870968,
        0.7972350230414746,
        0.7880184331797235,
        0.7972350230414746,
        0.7788018433179723,
        0.7788018433179723,
        0.7649769585253456,
        0.7972350230414746,
        0.7972350230414746,
        0.7788018433179723,
        0.783410138248848,
        0.7880184331797235,
        0.7926267281105991,
        0.783410138248848,
        0.7788018433179723,
        0.7603686635944701,
        0.7880184331797235,
        0.7880184331797235,
        0.7741935483870968,
        0.7649769585253456,
        0.7603686635944701,
        0.7741935483870968,
        0.7926267281105991
    ],
    "val_pct": 0.1,
    "patience_limit": 10,
    "batch_size": 32,
    "lr": 1e-05,
    "max_mem0": 6381259776,
    "time": 90061.56980800629,
    "labels_list": [
        "Corn leaf blight",
        "Strawberry leaf",
        "Tomato Early blight leaf",
        "Tomato leaf",
        "Raspberry leaf",
        "Potato leaf early blight",
        "Tomato leaf mosaic virus",
        "Bell_pepper leaf spot",
        "Tomato leaf late blight",
        "Tomato leaf yellow virus",
        "grape leaf black rot",
        "Apple rust leaf",
        "Corn Gray leaf spot",
        "Soyabean leaf",
        "Squash Powdery mildew leaf",
        "Apple Scab Leaf",
        "Potato leaf late blight",
        "Peach leaf",
        "Tomato mold leaf",
        "Tomato leaf bacterial spot",
        "Corn rust leaf",
        "Tomato Septoria leaf spot",
        "Apple leaf",
        "grape leaf",
        "Blueberry leaf",
        "Cherry leaf",
        "Bell_pepper leaf"
    ],
    "patience": 10,
    "epoch": 44
}