{
    "train_loss": [
        3.040812577351485,
        2.2567691758015087,
        1.7062859362108085,
        1.420060808396688,
        1.2612670725777935,
        1.1492386403818953,
        1.0647026756247053,
        0.9883695365909358,
        0.9412023390536598,
        0.8877836566441243,
        0.8396066884171676,
        0.7976328028310643,
        0.7614795589491985,
        0.7330326294348185,
        0.7106415039522925,
        0.6811876814076497,
        0.6541424597956448,
        0.6285478087429278,
        0.6057777530682755,
        0.5792133307917845,
        0.573293640050389,
        0.5491012724319307,
        0.5271242421396157,
        0.5127554555818306,
        0.4956730937463166,
        0.48720736505849244,
        0.4660960210488125,
        0.4532084521231141,
        0.4452859967567627,
        0.4245287487384341,
        0.413807971024502,
        0.4004815590376002,
        0.3916279218602664,
        0.377310731735841,
        0.36603436431812825,
        0.36079938385858673,
        0.3468435414272454,
        0.33391859170571075,
        0.32174626502828857,
        0.31345181462900756,
        0.30833458799283947,
        0.29350151986459805,
        0.28468500449375295,
        0.2760426162942745
    ],
    "train_accuracy": [
        0.17633191890617633,
        0.41254125412541254,
        0.5506836397925506,
        0.5992456388495992,
        0.6445073078736445,
        0.6581801037246582,
        0.6850542197076851,
        0.7015558698727016,
        0.719000471475719,
        0.7317303158887317,
        0.7534181989627534,
        0.7586044318717586,
        0.7670909948137671,
        0.7840641206977841,
        0.7911362564827912,
        0.8048090523338048,
        0.8137670909948138,
        0.8184818481848185,
        0.817067421027817,
        0.8387553041018387,
        0.8326261197548326,
        0.8396982555398397,
        0.8495992456388496,
        0.8477133427628477,
        0.8543140028288543,
        0.867043847241867,
        0.867043847241867,
        0.8679867986798679,
        0.8755304101838756,
        0.8793022159358793,
        0.884016973125884,
        0.8882602545968883,
        0.8906176331918906,
        0.8925035360678925,
        0.8958038661008958,
        0.9038189533239038,
        0.9038189533239038,
        0.9052333804809052,
        0.9075907590759076,
        0.9146628948609147,
        0.9212635549269212,
        0.9245638849599246,
        0.9264497878359265,
        0.9278642149929278
    ],
    "val_loss": [
        2.6583443215365783,
        1.9244622437085974,
        1.5119735788090438,
        1.3188852055281537,
        1.219132805749568,
        1.13132810812392,
        1.0650516633064515,
        1.000501219578053,
        0.9622468025453629,
        0.9143838486913163,
        0.8934708696356567,
        0.875951670281898,
        0.8483683502619168,
        0.8266129032258065,
        0.8085753972629248,
        0.8032618228191605,
        0.7589322279125864,
        0.7597587339339718,
        0.7425783218876008,
        0.772502705798171,
        0.7287646878150201,
        0.7209455076999928,
        0.7150931644000216,
        0.7114568613641273,
        0.7098031461513536,
        0.6917335053193404,
        0.7066522413684476,
        0.7215247088313652,
        0.6910962926627304,
        0.6905208886493736,
        0.6810772451936924,
        0.6862984230990783,
        0.680374989311816,
        0.6746287543652794,
        0.6948005219209029,
        0.6828074653027794,
        0.6915202338574669,
        0.6821129442909346,
        0.6862207228137601,
        0.6823183402487759,
        0.675969488609771,
        0.689954344578053,
        0.6814343149211549,
        0.6900956817486319
    ],
    "val_accuracy": [
        0.34101382488479265,
        0.543778801843318,
        0.6082949308755761,
        0.6405529953917051,
        0.6221198156682027,
        0.6866359447004609,
        0.7004608294930875,
        0.7050691244239631,
        0.6866359447004609,
        0.7373271889400922,
        0.7235023041474654,
        0.7050691244239631,
        0.728110599078341,
        0.7373271889400922,
        0.7373271889400922,
        0.7373271889400922,
        0.7649769585253456,
        0.7649769585253456,
        0.7557603686635944,
        0.728110599078341,
        0.7603686635944701,
        0.7603686635944701,
        0.7695852534562212,
        0.7419354838709677,
        0.7741935483870968,
        0.7880184331797235,
        0.7788018433179723,
        0.7511520737327189,
        0.7649769585253456,
        0.7972350230414746,
        0.7603686635944701,
        0.7649769585253456,
        0.7880184331797235,
        0.7695852534562212,
        0.7603686635944701,
        0.7603686635944701,
        0.7788018433179723,
        0.7695852534562212,
        0.7788018433179723,
        0.7741935483870968,
        0.7741935483870968,
        0.7649769585253456,
        0.7557603686635944,
        0.7695852534562212
    ],
    "val_pct": 0.1,
    "patience_limit": 10,
    "batch_size": 32,
    "lr": 1e-05,
    "max_mem0": 6379338752,
    "time": 85439.52821540833,
    "labels_list": [
        "Corn leaf blight",
        "Strawberry leaf",
        "Tomato Early blight leaf",
        "Tomato leaf",
        "Raspberry leaf",
        "Potato leaf early blight",
        "Tomato leaf mosaic virus",
        "Bell_pepper leaf spot",
        "Tomato leaf late blight",
        "Tomato leaf yellow virus",
        "grape leaf black rot",
        "Apple rust leaf",
        "Corn Gray leaf spot",
        "Soyabean leaf",
        "Squash Powdery mildew leaf",
        "Apple Scab Leaf",
        "Potato leaf late blight",
        "Peach leaf",
        "Tomato mold leaf",
        "Tomato leaf bacterial spot",
        "Corn rust leaf",
        "Tomato Septoria leaf spot",
        "Apple leaf",
        "grape leaf",
        "Blueberry leaf",
        "Cherry leaf",
        "Bell_pepper leaf"
    ],
    "patience": 10,
    "epoch": 43
}