{
    "train_loss": [
        2.636429387793444,
        2.105814726551317,
        1.8515606827494275,
        1.7171340448754653,
        1.6169793549151876,
        1.5435024625143143,
        1.474541717363298,
        1.4156025499660034,
        1.3646759199201974,
        1.3146689584526194,
        1.2705505877827084,
        1.2306687873514888,
        1.1962844494793157,
        1.159256710966576,
        1.1228768222829588,
        1.0948147690470227,
        1.0626103630251575,
        1.0329271125957271,
        1.0062973323879902,
        0.9788530744524764,
        0.9556107891005224,
        0.929043494354781,
        0.906711162279917,
        0.8865658912691454,
        0.8629417037199398,
        0.8426926397437733,
        0.8252408835528199
    ],
    "train_accuracy": [
        0.23554251359862582,
        0.3824076724878328,
        0.4419553392499284,
        0.4729458917835671,
        0.5050100200400801,
        0.5279845405095906,
        0.5491697681076438,
        0.5694245634125393,
        0.5804466075007157,
        0.5949040939020899,
        0.6080732894360149,
        0.6146578872029774,
        0.6255367878614372,
        0.6404952762668193,
        0.6474377326080732,
        0.655310621242485,
        0.6639707987403378,
        0.6725594045233324,
        0.6847981677640996,
        0.6893787575150301,
        0.6941024906956771,
        0.7018322359003721,
        0.7100629831090753,
        0.7155024334383052,
        0.7206555969081019,
        0.7280274835385055,
        0.7316776409962783
    ],
    "val_loss": [
        2.295832203765773,
        1.9683113170347004,
        1.7947989575118297,
        1.712051150926656,
        1.6650481503844636,
        1.6287810220327288,
        1.575998435035489,
        1.5362853041206626,
        1.493168837490142,
        1.4935631592567036,
        1.4884362061317036,
        1.4740100367212146,
        1.4565267953962935,
        1.449136034848186,
        1.4683817096313092,
        1.4427105924684542,
        1.4221516413643533,
        1.4269572838623816,
        1.4471420913840694,
        1.4313339474073343,
        1.424154980776814,
        1.4294593786967666,
        1.4405678541502367,
        1.445339609621451,
        1.454938572062303,
        1.4660297959384858,
        1.4370084840792587
    ],
    "val_accuracy": [
        0.3362776025236593,
        0.4082018927444795,
        0.45362776025236595,
        0.4725552050473186,
        0.49589905362776027,
        0.5160883280757098,
        0.5047318611987381,
        0.5350157728706625,
        0.5482649842271293,
        0.5470031545741325,
        0.5280757097791798,
        0.5482649842271293,
        0.5470031545741325,
        0.5564668769716088,
        0.543217665615142,
        0.567192429022082,
        0.5760252365930599,
        0.5678233438485805,
        0.5583596214511041,
        0.5621451104100946,
        0.5646687697160884,
        0.567192429022082,
        0.5703470031545741,
        0.5753943217665615,
        0.5703470031545741,
        0.5741324921135647,
        0.5690851735015773
    ],
    "val_pct": 0.1,
    "patience_limit": 10,
    "batch_size": 8,
    "lr": 1e-05,
    "max_mem0": 5436371968,
    "time": 96841.5158367157,
    "labels_list": [
        "Atopic Dermatitis Photos",
        "Systemic Disease",
        "Urticaria Hives",
        "Herpes HPV and other STDs Photos",
        "Poison Ivy Photos and other Contact Dermatitis",
        "Actinic Keratosis Basal Cell Carcinoma and other Malignant Lesions",
        "Warts Molluscum and other Viral Infections",
        "Tinea Ringworm Candidiasis and other Fungal Infections",
        "Seborrheic Keratoses and other Benign Tumors",
        "Scabies Lyme Disease and other Infestations and Bites",
        "Bullous Disease Photos",
        "Acne and Rosacea Photos",
        "Melanoma Skin Cancer Nevi and Moles",
        "Psoriasis pictures Lichen Planus and related diseases",
        "Vasculitis Photos",
        "Eczema Photos",
        "Cellulitis Impetigo and other Bacterial Infections",
        "Lupus and other Connective Tissue diseases",
        "Nail Fungus and other Nail Disease",
        "Vascular Tumors",
        "Hair Loss Photos Alopecia and other Hair Diseases",
        "Light Diseases and Disorders of Pigmentation",
        "Exanthems and Drug Eruptions"
    ],
    "patience": 10,
    "epoch": 26
}