{
    "train_loss": [
        2.8816335804897455,
        2.248941481759783,
        1.971494136020745,
        1.8060967473700495,
        1.6374533588961575,
        1.4976316862992103,
        1.3518493450907592,
        1.152460467865983,
        0.989424026107968,
        0.8785821679963756,
        0.8168076259355846,
        0.746025722131365,
        0.7092462420070133,
        0.6695187724687648,
        0.6538232698130304,
        0.6203254149354668,
        0.5935695132013201,
        0.5648497240209512,
        0.549124869239156,
        0.5341813565424622,
        0.5202141761330151,
        0.4937484000213637,
        0.47176598850593765,
        0.4698948767993429,
        0.46290069680796203,
        0.4417485475877387,
        0.41847038358969824,
        0.4090988828235502,
        0.39897268709850897,
        0.39098485131018684,
        0.39502315710086633,
        0.35903215565697194,
        0.3572678914445574,
        0.3566543744566979,
        0.35186102838799505,
        0.315731294983572,
        0.3104636530896393,
        0.3076517769662011,
        0.2892920221151579,
        0.27368210105050683,
        0.2661101158246405,
        0.2476557147553483
    ],
    "train_accuracy": [
        0.20414898632720416,
        0.37435172088637436,
        0.4479019330504479,
        0.5035360678925035,
        0.5780292314945781,
        0.6181046676096181,
        0.6478076379066479,
        0.6775106082036775,
        0.6925978312116926,
        0.7223008015087223,
        0.7307873644507308,
        0.7505893446487506,
        0.7694483734087695,
        0.7821782178217822,
        0.7845355964167845,
        0.7920792079207921,
        0.7977369165487977,
        0.8015087223008015,
        0.8151815181518152,
        0.8222536539368223,
        0.8184818481848185,
        0.8330975954738331,
        0.843941537010844,
        0.8368694012258369,
        0.842998585572843,
        0.8528995756718529,
        0.8618576143328619,
        0.8661008958038661,
        0.8665723715228666,
        0.8717586044318718,
        0.8708156529938709,
        0.8821310702498821,
        0.8694012258368694,
        0.8873173031588873,
        0.8811881188118812,
        0.8939179632248939,
        0.8948609146628949,
        0.8962753418198963,
        0.9038189533239038,
        0.9198491277699199,
        0.9141914191419142,
        0.9226779820839227
    ],
    "val_loss": [
        2.5155051798315093,
        2.1128578010242656,
        2.0279622583345334,
        1.8299919163576468,
        1.6129244615405387,
        1.5397507627988192,
        1.3440228299611174,
        1.0815116776848719,
        0.9926117927797379,
        0.8655733029413882,
        0.794794671546479,
        0.776837889499928,
        0.7134889523554507,
        0.7107474331482215,
        0.6714732086603543,
        0.6714260962701613,
        0.6313086303148402,
        0.6184122815110167,
        0.6316959363524266,
        0.6625426683557748,
        0.6898973878078197,
        0.6190995598718319,
        0.6123112269810268,
        0.6450186874459966,
        0.6614476217102895,
        0.6882306639499928,
        0.6893381567045291,
        0.6718928605180732,
        0.6711189516129032,
        0.665287351828017,
        0.6056815995598719,
        0.5882857713831185,
        0.6648099697130616,
        0.6673642347485239,
        0.6216658491143433,
        0.6683071154053859,
        0.6607660390264977,
        0.6786803496048747,
        0.7326445689399121,
        0.7014767695132489,
        0.7928272018784203,
        0.8025593559862831
    ],
    "val_accuracy": [
        0.3548387096774194,
        0.4377880184331797,
        0.29493087557603687,
        0.4792626728110599,
        0.5852534562211982,
        0.5483870967741935,
        0.631336405529954,
        0.7235023041474654,
        0.7096774193548387,
        0.7327188940092166,
        0.7511520737327189,
        0.7419354838709677,
        0.7649769585253456,
        0.7419354838709677,
        0.7741935483870968,
        0.7603686635944701,
        0.7557603686635944,
        0.7880184331797235,
        0.7649769585253456,
        0.7373271889400922,
        0.7511520737327189,
        0.7741935483870968,
        0.7419354838709677,
        0.7465437788018433,
        0.7004608294930875,
        0.7327188940092166,
        0.7603686635944701,
        0.7419354838709677,
        0.7557603686635944,
        0.7695852534562212,
        0.7603686635944701,
        0.7511520737327189,
        0.7557603686635944,
        0.7465437788018433,
        0.7603686635944701,
        0.7511520737327189,
        0.7649769585253456,
        0.783410138248848,
        0.7373271889400922,
        0.7511520737327189,
        0.7235023041474654,
        0.7235023041474654
    ],
    "val_pct": 0.1,
    "patience_limit": 10,
    "batch_size": 8,
    "lr": 1e-05,
    "max_mem0": 5530265088,
    "time": 65379.37257409096,
    "labels_list": [
        "Corn leaf blight",
        "grape leaf",
        "Tomato leaf",
        "Blueberry leaf",
        "grape leaf black rot",
        "Apple rust leaf",
        "Raspberry leaf",
        "Corn Gray leaf spot",
        "Soyabean leaf",
        "Tomato leaf bacterial spot",
        "Peach leaf",
        "Bell_pepper leaf spot",
        "Tomato mold leaf",
        "Tomato Early blight leaf",
        "Cherry leaf",
        "Tomato leaf yellow virus",
        "Squash Powdery mildew leaf",
        "Potato leaf late blight",
        "Tomato leaf mosaic virus",
        "Bell_pepper leaf",
        "Corn rust leaf",
        "Tomato Septoria leaf spot",
        "Potato leaf early blight",
        "Apple leaf",
        "Apple Scab Leaf",
        "Strawberry leaf",
        "Tomato leaf late blight"
    ],
    "patience": 10,
    "epoch": 41
}