{
    "train_loss": [
        2.8685832799239743,
        2.2101154102575435,
        1.9342572231553512,
        1.7526215477295497,
        1.5987465376001886,
        1.443866648802157,
        1.2652533215096062,
        1.0816432264041136,
        0.9629449552098067,
        0.8648568836375825,
        0.798953763610178,
        0.7541993108351014,
        0.7071126302083334,
        0.6806917455835986,
        0.6445455231907119,
        0.6191470134039073,
        0.5982384005002063,
        0.5742847059538543,
        0.5511445832780822,
        0.5485797254390617,
        0.5215172378705505,
        0.49797562415281704,
        0.48415601011831094,
        0.47450586559074437,
        0.45560928337532414,
        0.440444133350277,
        0.4380582083738508,
        0.4288150224411392,
        0.42059127613375175,
        0.41928130801361385,
        0.3847371649483587,
        0.37047698125699846,
        0.36749149594088876,
        0.34803112269234737,
        0.33570912894860916,
        0.33567275533356905,
        0.3293154589245197,
        0.3181911182538455,
        0.3060211512571458,
        0.28711907271223774
    ],
    "train_accuracy": [
        0.21923620933521923,
        0.41961338991041963,
        0.5007072135785007,
        0.57001414427157,
        0.5794436586515794,
        0.6393210749646393,
        0.6544082979726544,
        0.6742102781706742,
        0.702027345591702,
        0.719000471475719,
        0.7416313059877416,
        0.7472890146157473,
        0.7619047619047619,
        0.7708628005657708,
        0.7949080622347949,
        0.7916077322017916,
        0.8005657708628006,
        0.8128241395568129,
        0.8165959453088166,
        0.8118811881188119,
        0.8255539839698256,
        0.8316831683168316,
        0.8401697312588402,
        0.8302687411598303,
        0.8486562942008486,
        0.8406412069778406,
        0.8486562942008486,
        0.8514851485148515,
        0.8604431871758604,
        0.867043847241867,
        0.8712871287128713,
        0.8755304101838756,
        0.8764733616218765,
        0.8797736916548797,
        0.8877887788778878,
        0.892975011786893,
        0.8934464875058934,
        0.8887317303158887,
        0.9024045261669024,
        0.9024045261669024
    ],
    "val_loss": [
        2.4744029242871544,
        2.0334976125972064,
        1.8760494109122985,
        1.762101555749568,
        1.5723033149121544,
        1.446524905718966,
        1.2190831619473645,
        1.0500325848979335,
        0.9484762727939589,
        0.8332165133568549,
        0.7839953866422451,
        0.7323142899895594,
        0.7175884334722422,
        0.7064335554975518,
        0.6929242534022177,
        0.6986192272555444,
        0.65177003359465,
        0.6474231069538451,
        0.6331947432135656,
        0.6651939708516345,
        0.6186446088799683,
        0.6435925883631552,
        0.6237416069628456,
        0.5932052541987687,
        0.5845493369388141,
        0.6280927526236679,
        0.6310895225419427,
        0.5875533846666187,
        0.6223676830942181,
        0.583497078188004,
        0.6520108693206366,
        0.5984607468002953,
        0.6182726319484447,
        0.6282828897924467,
        0.7001117759036578,
        0.6945009011826757,
        0.6235234133109518,
        0.6322495420956942,
        0.6460057974960397,
        0.6371611845658122
    ],
    "val_accuracy": [
        0.423963133640553,
        0.5714285714285714,
        0.5391705069124424,
        0.4608294930875576,
        0.5852534562211982,
        0.5622119815668203,
        0.6359447004608295,
        0.7050691244239631,
        0.6866359447004609,
        0.7188940092165899,
        0.7649769585253456,
        0.7603686635944701,
        0.7788018433179723,
        0.7695852534562212,
        0.7557603686635944,
        0.7511520737327189,
        0.7926267281105991,
        0.7373271889400922,
        0.7649769585253456,
        0.7603686635944701,
        0.7557603686635944,
        0.7926267281105991,
        0.7603686635944701,
        0.7972350230414746,
        0.8064516129032258,
        0.7741935483870968,
        0.7419354838709677,
        0.7880184331797235,
        0.7880184331797235,
        0.7972350230414746,
        0.783410138248848,
        0.7695852534562212,
        0.7419354838709677,
        0.7649769585253456,
        0.7327188940092166,
        0.7557603686635944,
        0.7649769585253456,
        0.7465437788018433,
        0.7649769585253456,
        0.7557603686635944
    ],
    "val_pct": 0.1,
    "patience_limit": 10,
    "batch_size": 8,
    "lr": 1e-05,
    "max_mem0": 5429106688,
    "time": 59659.76562166214,
    "labels_list": [
        "Corn leaf blight",
        "grape leaf",
        "Tomato leaf",
        "Blueberry leaf",
        "grape leaf black rot",
        "Apple rust leaf",
        "Raspberry leaf",
        "Corn Gray leaf spot",
        "Soyabean leaf",
        "Tomato leaf bacterial spot",
        "Peach leaf",
        "Bell_pepper leaf spot",
        "Tomato mold leaf",
        "Tomato Early blight leaf",
        "Cherry leaf",
        "Tomato leaf yellow virus",
        "Squash Powdery mildew leaf",
        "Potato leaf late blight",
        "Tomato leaf mosaic virus",
        "Bell_pepper leaf",
        "Corn rust leaf",
        "Tomato Septoria leaf spot",
        "Potato leaf early blight",
        "Apple leaf",
        "Apple Scab Leaf",
        "Strawberry leaf",
        "Tomato leaf late blight"
    ],
    "patience": 10,
    "epoch": 39
}