{
    "train_loss": [
        2.9411854759694718,
        2.276125924534418,
        1.9392065671410892,
        1.7271249097566006,
        1.4680174630186233,
        1.2292853413410538,
        1.0389182717099834,
        0.9275165361820781,
        0.8254891790797383,
        0.7760426450708687,
        0.7077929088946842,
        0.684423897188826,
        0.6439722358815123,
        0.6318182111179867,
        0.5945153422987388,
        0.5774955407789663,
        0.5539827612085986,
        0.5359217074051155,
        0.5202554993222537,
        0.5005293166732968,
        0.4968066037909595,
        0.46170974868134135,
        0.45561063587525047,
        0.43676651339101547,
        0.42563736702911364,
        0.40839210089396216,
        0.3950538617268535,
        0.3861290600321193,
        0.3717468060282591,
        0.35552391473103784,
        0.34760033707751353,
        0.3428441991450819,
        0.3343950457755039,
        0.31650990329222656
    ],
    "train_accuracy": [
        0.2131070249882131,
        0.44271570014144274,
        0.5365393682225366,
        0.5752003771805752,
        0.6308345120226309,
        0.6652522395096653,
        0.693069306930693,
        0.7237152286657237,
        0.7355021216407355,
        0.7534181989627534,
        0.7751060820367751,
        0.7779349363507779,
        0.7840641206977841,
        0.7864214992927864,
        0.8033946251768034,
        0.8066949552098067,
        0.8142385667138142,
        0.826025459688826,
        0.8307402168788307,
        0.8312116925978312,
        0.834040546911834,
        0.8434700612918434,
        0.8448844884488449,
        0.8585572842998586,
        0.8566713814238567,
        0.8642149929278642,
        0.8665723715228666,
        0.8783592644978784,
        0.8727015558698727,
        0.8778877887788779,
        0.8882602545968883,
        0.8892032060348892,
        0.8887317303158887,
        0.8995756718528995
    ],
    "val_loss": [
        2.6196452197940667,
        2.1704200006300405,
        1.9025818433629753,
        1.6436948995985743,
        1.4730822303877449,
        1.133728730513753,
        1.0166417135071644,
        0.902950937297487,
        0.8647640245850734,
        0.7658759613740279,
        0.7756575483330933,
        0.7354308800763248,
        0.7447052001953125,
        0.6731192593200965,
        0.6763429421983007,
        0.6536713349654378,
        0.6712657735095046,
        0.6433656754032258,
        0.6083505516228038,
        0.650778563890589,
        0.6386378415718607,
        0.6517245384954637,
        0.624759023640013,
        0.6010555847449237,
        0.6199319022042411,
        0.627168224703881,
        0.6426555440173171,
        0.6659181656376008,
        0.6571198916105631,
        0.6963229552941388,
        0.7168373072751656,
        0.6463804464735743,
        0.6482479253672235,
        0.6855338663549467
    ],
    "val_accuracy": [
        0.34101382488479265,
        0.4930875576036866,
        0.4976958525345622,
        0.5944700460829493,
        0.5345622119815668,
        0.6820276497695853,
        0.6543778801843319,
        0.7327188940092166,
        0.7188940092165899,
        0.7926267281105991,
        0.7557603686635944,
        0.7465437788018433,
        0.7327188940092166,
        0.7603686635944701,
        0.7603686635944701,
        0.7788018433179723,
        0.7557603686635944,
        0.7741935483870968,
        0.783410138248848,
        0.7649769585253456,
        0.7649769585253456,
        0.7511520737327189,
        0.7695852534562212,
        0.7557603686635944,
        0.7603686635944701,
        0.7557603686635944,
        0.7557603686635944,
        0.7327188940092166,
        0.7741935483870968,
        0.7649769585253456,
        0.7373271889400922,
        0.7511520737327189,
        0.7603686635944701,
        0.7511520737327189
    ],
    "val_pct": 0.1,
    "patience_limit": 10,
    "batch_size": 8,
    "lr": 1e-05,
    "max_mem0": 5429164032,
    "time": 43373.44891119003,
    "labels_list": [
        "Corn leaf blight",
        "grape leaf",
        "Tomato leaf",
        "Blueberry leaf",
        "grape leaf black rot",
        "Apple rust leaf",
        "Raspberry leaf",
        "Corn Gray leaf spot",
        "Soyabean leaf",
        "Tomato leaf bacterial spot",
        "Peach leaf",
        "Bell_pepper leaf spot",
        "Tomato mold leaf",
        "Tomato Early blight leaf",
        "Cherry leaf",
        "Tomato leaf yellow virus",
        "Squash Powdery mildew leaf",
        "Potato leaf late blight",
        "Tomato leaf mosaic virus",
        "Bell_pepper leaf",
        "Corn rust leaf",
        "Tomato Septoria leaf spot",
        "Potato leaf early blight",
        "Apple leaf",
        "Apple Scab Leaf",
        "Strawberry leaf",
        "Tomato leaf late blight"
    ],
    "patience": 10,
    "epoch": 33
}