{
    "train_loss": [
        2.9155386241749173,
        2.240099470326497,
        1.9176502506556459,
        1.6756523308580857,
        1.392699562227428,
        1.1271599711589462,
        1.0004909286966643,
        0.891616986754479,
        0.8006988338342763,
        0.7635458910706919,
        0.7043602065284653,
        0.6751485678004184,
        0.6454012239951674,
        0.6285712904437766,
        0.5879500198903819,
        0.5746805567833569,
        0.5550419125338873,
        0.524839207902375,
        0.5124882936814887,
        0.4911457297375943,
        0.4773285617135932,
        0.47439519080953857,
        0.43505473768638026,
        0.4283335900205534,
        0.41744697279437765,
        0.40125426814444837,
        0.39057933154504065,
        0.3846314397413514,
        0.3647230149214698,
        0.3657344546536127,
        0.35473016993384604,
        0.33511814403399043,
        0.31820104617883666,
        0.30784075286016327,
        0.3040790764693099,
        0.28259732013938,
        0.2914336338070191,
        0.2754492716989333
    ],
    "train_accuracy": [
        0.22442244224422442,
        0.4347006129184347,
        0.5304101838755304,
        0.5794436586515794,
        0.6298915605846299,
        0.6671381423856672,
        0.6892975011786893,
        0.7274870344177274,
        0.7392739273927392,
        0.7444601603017444,
        0.7718057520037718,
        0.7718057520037718,
        0.7793493635077794,
        0.7873644507307873,
        0.8071664309288071,
        0.801980198019802,
        0.817067421027817,
        0.8236680810938237,
        0.8213107024988213,
        0.8283828382838284,
        0.8500707213578501,
        0.8462989156058462,
        0.8585572842998586,
        0.8524280999528524,
        0.85997171145686,
        0.8656294200848657,
        0.8679867986798679,
        0.8703441772748703,
        0.8722300801508722,
        0.8764733616218765,
        0.8816595945308816,
        0.8793022159358793,
        0.8967468175388967,
        0.8948609146628949,
        0.901933050447902,
        0.9085337105139085,
        0.9028760018859029,
        0.90994813767091
    ],
    "val_loss": [
        2.5335203953052994,
        2.126378916375648,
        1.80775149297055,
        1.600627705798171,
        1.2099067934097782,
        1.1684505620859735,
        0.9895323300691244,
        0.883453861359627,
        0.8518885599303355,
        0.7462595574866792,
        0.7504079089186708,
        0.722452893235167,
        0.7349044870121688,
        0.6945432320168491,
        0.686243153936852,
        0.6602530061923964,
        0.7153707056001584,
        0.6537418629167266,
        0.6668846728065596,
        0.6484180925079205,
        0.6710499003186204,
        0.6415936166789674,
        0.6684675788000431,
        0.6505585419966878,
        0.6152360626080069,
        0.6126725860455069,
        0.7178093694871471,
        0.6092300063454061,
        0.6504208613101239,
        0.6734500304894513,
        0.6744440316055228,
        0.6682845436482935,
        0.6838655955231134,
        0.7199775238740279,
        0.6670267834641417,
        0.7576522475563436,
        0.6853226340860815,
        0.7356461204142065
    ],
    "val_accuracy": [
        0.3640552995391705,
        0.5483870967741935,
        0.5622119815668203,
        0.5576036866359447,
        0.7004608294930875,
        0.6129032258064516,
        0.6866359447004609,
        0.6820276497695853,
        0.7142857142857143,
        0.7741935483870968,
        0.7373271889400922,
        0.7695852534562212,
        0.728110599078341,
        0.7741935483870968,
        0.7788018433179723,
        0.7327188940092166,
        0.7557603686635944,
        0.7695852534562212,
        0.7741935483870968,
        0.7695852534562212,
        0.7603686635944701,
        0.7695852534562212,
        0.7603686635944701,
        0.7373271889400922,
        0.7788018433179723,
        0.7419354838709677,
        0.7557603686635944,
        0.7788018433179723,
        0.7649769585253456,
        0.7188940092165899,
        0.7557603686635944,
        0.7511520737327189,
        0.7603686635944701,
        0.7465437788018433,
        0.7603686635944701,
        0.7188940092165899,
        0.7603686635944701,
        0.7465437788018433
    ],
    "val_pct": 0.1,
    "patience_limit": 10,
    "batch_size": 8,
    "lr": 1e-05,
    "max_mem0": 5429141504,
    "time": 54054.201676130295,
    "labels_list": [
        "Corn leaf blight",
        "grape leaf",
        "Tomato leaf",
        "Blueberry leaf",
        "grape leaf black rot",
        "Apple rust leaf",
        "Raspberry leaf",
        "Corn Gray leaf spot",
        "Soyabean leaf",
        "Tomato leaf bacterial spot",
        "Peach leaf",
        "Bell_pepper leaf spot",
        "Tomato mold leaf",
        "Tomato Early blight leaf",
        "Cherry leaf",
        "Tomato leaf yellow virus",
        "Squash Powdery mildew leaf",
        "Potato leaf late blight",
        "Tomato leaf mosaic virus",
        "Bell_pepper leaf",
        "Corn rust leaf",
        "Tomato Septoria leaf spot",
        "Potato leaf early blight",
        "Apple leaf",
        "Apple Scab Leaf",
        "Strawberry leaf",
        "Tomato leaf late blight"
    ],
    "patience": 10,
    "epoch": 37
}