{
    "train_loss": [
        2.97693222168199,
        2.336565059965818,
        2.0286628690770865,
        1.8262661471225248,
        1.6681654667977959,
        1.5205696246242928,
        1.3913937954900402,
        1.2009299213961575,
        1.026718492161716,
        0.9033402259031706,
        0.8310709750523043,
        0.7748836389637848,
        0.7346250686034005,
        0.6791010330106672,
        0.6522711178762965,
        0.6324930222514439,
        0.6033193110745226,
        0.5937087343639498,
        0.5494460160301744,
        0.5445893326776874,
        0.5322052678203089,
        0.5056358959696193,
        0.48680126976146276,
        0.4804871382436793,
        0.461230330622348,
        0.458542683055973,
        0.430072703489657,
        0.4171708901498409,
        0.41114616483969824,
        0.3949778915182255,
        0.37818387115636787,
        0.3734931424225012,
        0.3478635278078589,
        0.3464270865563119,
        0.3295570959858263,
        0.33101411250221,
        0.31144148175978315,
        0.3012782793346299
    ],
    "train_accuracy": [
        0.1970768505421971,
        0.39226779820839225,
        0.5011786892975012,
        0.553041018387553,
        0.5742574257425742,
        0.6336633663366337,
        0.6539368222536539,
        0.6803394625176803,
        0.701084394153701,
        0.7180575200377181,
        0.7425742574257426,
        0.7463460631777463,
        0.7581329561527581,
        0.776049033474776,
        0.7774634606317775,
        0.7911362564827912,
        0.7991513437057991,
        0.8015087223008015,
        0.8132956152758133,
        0.8165959453088166,
        0.8208392267798208,
        0.8213107024988213,
        0.834040546911834,
        0.8378123526638378,
        0.8415841584158416,
        0.8406412069778406,
        0.8547854785478548,
        0.8637435172088638,
        0.8628005657708628,
        0.8646864686468647,
        0.8727015558698727,
        0.876001885902876,
        0.884016973125884,
        0.884016973125884,
        0.8906176331918906,
        0.8934464875058934,
        0.8962753418198963,
        0.901933050447902
    ],
    "val_loss": [
        2.6892430178031392,
        2.216872395458309,
        1.986960696734591,
        1.8495189473376297,
        1.6445171865999424,
        1.567898939282114,
        1.3925208869617656,
        1.1761701030115927,
        1.002200922109015,
        0.8668726907897105,
        0.815898209672919,
        0.7663761965140768,
        0.7527953820294498,
        0.7144044796992007,
        0.6921504851310484,
        0.6764353387366792,
        0.6897734189363119,
        0.6346757598736319,
        0.6511755736742152,
        0.6350954117313508,
        0.6265343872632848,
        0.62120604624946,
        0.6341362175304219,
        0.6193541074128744,
        0.6218612600581437,
        0.6401240616899482,
        0.6716858472692252,
        0.6006410660282258,
        0.6090774184547811,
        0.6562972530241935,
        0.6075191234113984,
        0.6312464700865855,
        0.625599100842454,
        0.612953854046659,
        0.6939735236805156,
        0.736433600500432,
        0.702531243249568,
        0.6437027047856063
    ],
    "val_accuracy": [
        0.3317972350230415,
        0.5161290322580645,
        0.5253456221198156,
        0.5253456221198156,
        0.5944700460829493,
        0.576036866359447,
        0.6082949308755761,
        0.663594470046083,
        0.695852534562212,
        0.7327188940092166,
        0.728110599078341,
        0.7419354838709677,
        0.7465437788018433,
        0.7603686635944701,
        0.7557603686635944,
        0.783410138248848,
        0.7465437788018433,
        0.7603686635944701,
        0.7327188940092166,
        0.7741935483870968,
        0.7465437788018433,
        0.7603686635944701,
        0.7649769585253456,
        0.7603686635944701,
        0.7695852534562212,
        0.7649769585253456,
        0.7419354838709677,
        0.7511520737327189,
        0.783410138248848,
        0.7788018433179723,
        0.7511520737327189,
        0.7649769585253456,
        0.7557603686635944,
        0.7511520737327189,
        0.7327188940092166,
        0.7188940092165899,
        0.7050691244239631,
        0.7788018433179723
    ],
    "val_pct": 0.1,
    "patience_limit": 10,
    "batch_size": 8,
    "lr": 1e-05,
    "max_mem0": 5379500032,
    "time": 80240.20088243484,
    "labels_list": [
        "Corn leaf blight",
        "grape leaf",
        "Tomato leaf",
        "Blueberry leaf",
        "grape leaf black rot",
        "Apple rust leaf",
        "Raspberry leaf",
        "Corn Gray leaf spot",
        "Soyabean leaf",
        "Tomato leaf bacterial spot",
        "Peach leaf",
        "Bell_pepper leaf spot",
        "Tomato mold leaf",
        "Tomato Early blight leaf",
        "Cherry leaf",
        "Tomato leaf yellow virus",
        "Squash Powdery mildew leaf",
        "Potato leaf late blight",
        "Tomato leaf mosaic virus",
        "Bell_pepper leaf",
        "Corn rust leaf",
        "Tomato Septoria leaf spot",
        "Potato leaf early blight",
        "Apple leaf",
        "Apple Scab Leaf",
        "Strawberry leaf",
        "Tomato leaf late blight"
    ],
    "patience": 10,
    "epoch": 37
}