{
    "train_loss": [
        2.7581191959812483,
        2.301943032269897,
        2.128303761540939,
        2.0028519650908962,
        1.9046417332432724,
        1.8047880079355139,
        1.6953886847355426,
        1.6067918482053392,
        1.536022938734612,
        1.4587260458416833,
        1.3761532551710565,
        1.3063611877773404,
        1.2306458620365732,
        1.1723607650568995,
        1.1050010176603207,
        1.0286627943386772,
        0.9516857375465216,
        0.9128306137945534,
        0.8145263741769253,
        0.8093743290151733,
        0.7286576501216719,
        0.65208283475433,
        0.6121658076197037,
        0.5557480054976024,
        0.524822314830554,
        0.4984942331649907,
        0.4564622758351524
    ],
    "train_accuracy": [
        0.1747781276839393,
        0.3091182364729459,
        0.36358431148010306,
        0.39650730031491555,
        0.42527912968794734,
        0.4544088176352705,
        0.48962210134554823,
        0.5101631835098769,
        0.5309189808187804,
        0.5490266246779273,
        0.5760807328943601,
        0.5918980818780418,
        0.6143716003435442,
        0.6346263956484397,
        0.6520183223590037,
        0.6717005439450329,
        0.6958202118522759,
        0.7044088176352705,
        0.7327512167191526,
        0.7357572287432007,
        0.7592327512167192,
        0.7821356999713713,
        0.7965216146578872,
        0.8113369596335528,
        0.8202834239908389,
        0.8268680217578013,
        0.8454050959060979
    ],
    "val_loss": [
        2.4387317934246844,
        2.2464484855579654,
        2.08049262495071,
        2.0506247535488957,
        2.0115066480185333,
        1.8798282851932178,
        1.8227471288446373,
        1.8038153711553628,
        1.812627076350552,
        1.6541744196076498,
        1.6788429428726341,
        1.6868663125985803,
        1.6614981762618297,
        1.6076101020307572,
        1.633852369627366,
        1.638974547762224,
        1.5929387137716877,
        1.6668692700118297,
        1.8133622708004733,
        1.78732917857847,
        1.74936554243888,
        1.8870834976340694,
        2.003228201399842,
        1.9400595487480283,
        2.0543415442626185,
        2.061984917192429,
        2.043288982403391
    ],
    "val_accuracy": [
        0.2744479495268139,
        0.3463722397476341,
        0.38359621451104103,
        0.40189274447949525,
        0.42334384858044166,
        0.449211356466877,
        0.47381703470031544,
        0.47192429022082016,
        0.489589905362776,
        0.522397476340694,
        0.5192429022082019,
        0.5085173501577287,
        0.5312302839116719,
        0.538801261829653,
        0.5362776025236593,
        0.555205047318612,
        0.579179810725552,
        0.5728706624605678,
        0.546372239747634,
        0.5482649842271293,
        0.567192429022082,
        0.5583596214511041,
        0.5659305993690852,
        0.5747634069400631,
        0.543217665615142,
        0.583596214511041,
        0.5753943217665615
    ],
    "val_pct": 0.1,
    "patience_limit": 10,
    "batch_size": 128,
    "lr": 0.002,
    "max_mem0": 6930458624,
    "time": 100168.75213909149,
    "labels_list": [
        "Actinic Keratosis Basal Cell Carcinoma and other Malignant Lesions",
        "Atopic Dermatitis Photos",
        "Vasculitis Photos",
        "Light Diseases and Disorders of Pigmentation",
        "Hair Loss Photos Alopecia and other Hair Diseases",
        "Scabies Lyme Disease and other Infestations and Bites",
        "Poison Ivy Photos and other Contact Dermatitis",
        "Psoriasis pictures Lichen Planus and related diseases",
        "Exanthems and Drug Eruptions",
        "Vascular Tumors",
        "Melanoma Skin Cancer Nevi and Moles",
        "Acne and Rosacea Photos",
        "Nail Fungus and other Nail Disease",
        "Cellulitis Impetigo and other Bacterial Infections",
        "Lupus and other Connective Tissue diseases",
        "Herpes HPV and other STDs Photos",
        "Seborrheic Keratoses and other Benign Tumors",
        "Systemic Disease",
        "Tinea Ringworm Candidiasis and other Fungal Infections",
        "Bullous Disease Photos",
        "Warts Molluscum and other Viral Infections",
        "Eczema Photos",
        "Urticaria Hives"
    ],
    "patience": 10,
    "epoch": 26
}